config_id,description,dataset,algorithm,base_algorithm,ls_mode,run,seed,pop_size,max_iter,known_best,best_score_with_penalty,cost_without_vehicle_penalty,gap_percent_without_vehicle_penalty,gap_percent_with_penalty,route_count,expected_vehicles,max_route_load,capacity,valid_core_solution,vehicle_count_valid,feasible_solution,vehicle_violation_count,missing_count,extra_count,duplicate_count,capacity_violation_count,runtime_sec,time_to_best_sec,iter_to_best,eval_to_best
FINAL_P3D_pop40_iter200_2opt_qualitybalanced_relocate,Final CPU configuration selected from pilot: quality-balanced memory-safe 2opt+bounded relocate,A-n32-k5,WOA,WOA,none,1,2027,40,200,784.0,1405.0,1405.0,79.20918367346938,79.20918367346938,5,5,98,100,True,True,True,0,0,0,0,0,0.18746049999999997,0.05408580000000002,55,2199
FINAL_P3D_pop40_iter200_2opt_qualitybalanced_relocate,Final CPU configuration selected from pilot: quality-balanced memory-safe 2opt+bounded relocate,A-n32-k5,WOA,WOA,none,2,2028,40,200,784.0,1383.0,1383.0,76.40306122448979,76.40306122448979,5,5,97,100,True,True,True,0,0,0,0,0,0.18894069999999996,0.02726430000000002,26,1011
FINAL_P3D_pop40_iter200_2opt_qualitybalanced_relocate,Final CPU configuration selected from pilot: quality-balanced memory-safe 2opt+bounded relocate,A-n32-k5,WOA,WOA,none,3,2029,40,200,784.0,1202.0,1202.0,53.316326530612244,53.316326530612244,5,5,98,100,True,True,True,0,0,0,0,0,0.1868958999999999,0.03473999999999999,34,1334
FINAL_P3D_pop40_iter200_2opt_qualitybalanced_relocate,Final CPU configuration selected from pilot: quality-balanced memory-safe 2opt+bounded relocate,A-n32-k5,WOA,WOA,none,4,2030,40,200,784.0,1450.0,1450.0,84.94897959183673,84.94897959183673,5,5,94,100,True,True,True,0,0,0,0,0,0.1820199,0.026145800000000108,27,1074
FINAL_P3D_pop40_iter200_2opt_qualitybalanced_relocate,Final CPU configuration selected from pilot: quality-balanced memory-safe 2opt+bounded relocate,A-n32-k5,WOA,WOA,none,5,2031,40,200,784.0,1521.0,1521.0,94.00510204081633,94.00510204081633,5,5,100,100,True,True,True,0,0,0,0,0,0.18696050000000008,0.0657181,68,2705
FINAL_P3D_pop40_iter200_2opt_qualitybalanced_relocate,Final CPU configuration selected from pilot: quality-balanced memory-safe 2opt+bounded relocate,A-n32-k5,WOA,WOA,none,6,2032,40,200,784.0,1329.0,1329.0,69.51530612244898,69.51530612244898,5,5,100,100,True,True,True,0,0,0,0,0,0.19794769999999984,0.026485799999999893,25,981
FINAL_P3D_pop40_iter200_2opt_qualitybalanced_relocate,Final CPU configuration selected from pilot: quality-balanced memory-safe 2opt+bounded relocate,A-n32-k5,WOA,WOA,none,7,2033,40,200,784.0,1362.0,1362.0,73.72448979591837,73.72448979591837,5,5,100,100,True,True,True,0,0,0,0,0,0.19041339999999995,0.07580430000000016,79,3138
FINAL_P3D_pop40_iter200_2opt_qualitybalanced_relocate,Final CPU configuration selected from pilot: quality-balanced memory-safe 2opt+bounded relocate,A-n32-k5,WOA,WOA,none,8,2034,40,200,784.0,1456.0,1456.0,85.71428571428571,85.71428571428571,5,5,99,100,True,True,True,0,0,0,0,0,0.18624989999999997,0.03656270000000017,36,1405
FINAL_P3D_pop40_iter200_2opt_qualitybalanced_relocate,Final CPU configuration selected from pilot: quality-balanced memory-safe 2opt+bounded relocate,A-n32-k5,WOA,WOA,none,9,2035,40,200,784.0,1180.0,1180.0,50.51020408163265,50.51020408163265,5,5,98,100,True,True,True,0,0,0,0,0,0.18604960000000004,0.07310130000000026,75,2970
FINAL_P3D_pop40_iter200_2opt_qualitybalanced_relocate,Final CPU configuration selected from pilot: quality-balanced memory-safe 2opt+bounded relocate,A-n32-k5,WOA,WOA,none,10,2036,40,200,784.0,1407.0,1407.0,79.46428571428571,79.46428571428571,5,5,99,100,True,True,True,0,0,0,0,0,0.18691949999999968,0.03990619999999989,39,1525
FINAL_P3D_pop40_iter200_2opt_qualitybalanced_relocate,Final CPU configuration selected from pilot: quality-balanced memory-safe 2opt+bounded relocate,A-n32-k5,WOA,WOA,none,11,2037,40,200,784.0,1054.0,1054.0,34.43877551020408,34.43877551020408,5,5,97,100,True,True,True,0,0,0,0,0,0.18487010000000037,0.10138270000000027,107,4273
FINAL_P3D_pop40_iter200_2opt_qualitybalanced_relocate,Final CPU configuration selected from pilot: quality-balanced memory-safe 2opt+bounded relocate,A-n32-k5,WOA,WOA,none,12,2038,40,200,784.0,1278.0,1278.0,63.01020408163265,63.01020408163265,5,5,97,100,True,True,True,0,0,0,0,0,0.19195160000000033,0.04578760000000015,43,1714
FINAL_P3D_pop40_iter200_2opt_qualitybalanced_relocate,Final CPU configuration selected from pilot: quality-balanced memory-safe 2opt+bounded relocate,A-n32-k5,WOA,WOA,none,13,2039,40,200,784.0,1385.0,1385.0,76.65816326530613,76.65816326530613,5,5,98,100,True,True,True,0,0,0,0,0,0.18530040000000003,0.06281869999999978,65,2568
FINAL_P3D_pop40_iter200_2opt_qualitybalanced_relocate,Final CPU configuration selected from pilot: quality-balanced memory-safe 2opt+bounded relocate,A-n32-k5,WOA,WOA,none,14,2040,40,200,784.0,1531.0,1531.0,95.28061224489795,95.28061224489795,5,5,89,100,True,True,True,0,0,0,0,0,0.18482929999999964,0.07869499999999974,83,3318
FINAL_P3D_pop40_iter200_2opt_qualitybalanced_relocate,Final CPU configuration selected from pilot: quality-balanced memory-safe 2opt+bounded relocate,A-n32-k5,WOA,WOA,none,15,2041,40,200,784.0,1457.0,1457.0,85.84183673469387,85.84183673469387,5,5,100,100,True,True,True,0,0,0,0,0,0.18576899999999963,0.06356949999999983,66,2614
FINAL_P3D_pop40_iter200_2opt_qualitybalanced_relocate,Final CPU configuration selected from pilot: quality-balanced memory-safe 2opt+bounded relocate,A-n32-k5,WOA,WOA,none,16,2042,40,200,784.0,1312.0,1312.0,67.34693877551021,67.34693877551021,5,5,98,100,True,True,True,0,0,0,0,0,0.18577699999999986,0.04548580000000024,45,1763
FINAL_P3D_pop40_iter200_2opt_qualitybalanced_relocate,Final CPU configuration selected from pilot: quality-balanced memory-safe 2opt+bounded relocate,A-n32-k5,WOA,WOA,none,17,2043,40,200,784.0,1182.0,1182.0,50.765306122448976,50.765306122448976,5,5,98,100,True,True,True,0,0,0,0,0,0.18741730000000034,0.0439936000000003,44,1729
FINAL_P3D_pop40_iter200_2opt_qualitybalanced_relocate,Final CPU configuration selected from pilot: quality-balanced memory-safe 2opt+bounded relocate,A-n32-k5,WOA,WOA,none,18,2044,40,200,784.0,1364.0,1364.0,73.9795918367347,73.9795918367347,5,5,96,100,True,True,True,0,0,0,0,0,0.19013100000000005,0.07358860000000034,73,2901
FINAL_P3D_pop40_iter200_2opt_qualitybalanced_relocate,Final CPU configuration selected from pilot: quality-balanced memory-safe 2opt+bounded relocate,A-n32-k5,WOA,WOA,none,19,2045,40,200,784.0,1381.0,1381.0,76.14795918367346,76.14795918367346,5,5,98,100,True,True,True,0,0,0,0,0,0.1880101000000005,0.026284700000000605,26,1009
FINAL_P3D_pop40_iter200_2opt_qualitybalanced_relocate,Final CPU configuration selected from pilot: quality-balanced memory-safe 2opt+bounded relocate,A-n32-k5,WOA,WOA,none,20,2046,40,200,784.0,1345.0,1345.0,71.5561224489796,71.5561224489796,5,5,100,100,True,True,True,0,0,0,0,0,0.18987709999999947,0.05496669999999959,56,2238
FINAL_P3D_pop40_iter200_2opt_qualitybalanced_relocate,Final CPU configuration selected from pilot: quality-balanced memory-safe 2opt+bounded relocate,A-n32-k5,WOA,WOA,none,21,2047,40,200,784.0,1351.0,1351.0,72.32142857142857,72.32142857142857,5,5,100,100,True,True,True,0,0,0,0,0,0.19169459999999994,0.09568200000000004,96,3835
FINAL_P3D_pop40_iter200_2opt_qualitybalanced_relocate,Final CPU configuration selected from pilot: quality-balanced memory-safe 2opt+bounded relocate,A-n32-k5,WOA,WOA,none,22,2048,40,200,784.0,1566.0,1566.0,99.74489795918367,99.74489795918367,5,5,95,100,True,True,True,0,0,0,0,0,0.19540500000000005,0.057784200000000396,51,2013
FINAL_P3D_pop40_iter200_2opt_qualitybalanced_relocate,Final CPU configuration selected from pilot: quality-balanced memory-safe 2opt+bounded relocate,A-n32-k5,WOA,WOA,none,23,2049,40,200,784.0,1506.0,1506.0,92.09183673469387,92.09183673469387,5,5,86,100,True,True,True,0,0,0,0,0,0.1888354999999997,0.0274991,27,1075
FINAL_P3D_pop40_iter200_2opt_qualitybalanced_relocate,Final CPU configuration selected from pilot: quality-balanced memory-safe 2opt+bounded relocate,A-n32-k5,WOA,WOA,none,24,2050,40,200,784.0,1372.0,1372.0,75.0,75.0,5,5,100,100,True,True,True,0,0,0,0,0,0.1838494000000006,0.03919650000000008,40,1573
FINAL_P3D_pop40_iter200_2opt_qualitybalanced_relocate,Final CPU configuration selected from pilot: quality-balanced memory-safe 2opt+bounded relocate,A-n32-k5,WOA,WOA,none,25,2051,40,200,784.0,1295.0,1295.0,65.17857142857143,65.17857142857143,5,5,95,100,True,True,True,0,0,0,0,0,0.1853473000000001,0.08097750000000037,84,3352
FINAL_P3D_pop40_iter200_2opt_qualitybalanced_relocate,Final CPU configuration selected from pilot: quality-balanced memory-safe 2opt+bounded relocate,A-n32-k5,WOA,WOA,none,26,2052,40,200,784.0,1555.0,1555.0,98.34183673469387,98.34183673469387,5,5,97,100,True,True,True,0,0,0,0,0,0.18408669999999994,0.0666525,70,2787
FINAL_P3D_pop40_iter200_2opt_qualitybalanced_relocate,Final CPU configuration selected from pilot: quality-balanced memory-safe 2opt+bounded relocate,A-n32-k5,WOA,WOA,none,27,2053,40,200,784.0,1338.0,1338.0,70.66326530612245,70.66326530612245,5,5,93,100,True,True,True,0,0,0,0,0,0.18582639999999984,0.03116669999999999,31,1204
FINAL_P3D_pop40_iter200_2opt_qualitybalanced_relocate,Final CPU configuration selected from pilot: quality-balanced memory-safe 2opt+bounded relocate,A-n32-k5,WOA,WOA,none,28,2054,40,200,784.0,1508.0,1508.0,92.34693877551021,92.34693877551021,5,5,97,100,True,True,True,0,0,0,0,0,0.1878845,0.08969839999999962,93,3695
FINAL_P3D_pop40_iter200_2opt_qualitybalanced_relocate,Final CPU configuration selected from pilot: quality-balanced memory-safe 2opt+bounded relocate,A-n32-k5,WOA,WOA,none,29,2055,40,200,784.0,1333.0,1333.0,70.02551020408163,70.02551020408163,5,5,87,100,True,True,True,0,0,0,0,0,0.18666470000000057,0.057404299999999964,59,2329
FINAL_P3D_pop40_iter200_2opt_qualitybalanced_relocate,Final CPU configuration selected from pilot: quality-balanced memory-safe 2opt+bounded relocate,A-n32-k5,WOA,WOA,none,30,2056,40,200,784.0,1271.0,1271.0,62.11734693877551,62.11734693877551,5,5,100,100,True,True,True,0,0,0,0,0,0.1856296999999998,0.07272939999999917,76,3034
FINAL_P3D_pop40_iter200_2opt_qualitybalanced_relocate,Final CPU configuration selected from pilot: quality-balanced memory-safe 2opt+bounded relocate,A-n32-k5,SSA,SSA,none,1,3027,40,200,784.0,1502.0,1502.0,91.58163265306122,91.58163265306122,5,5,96,100,True,True,True,0,0,0,0,0,0.1854288000000004,0.10635390000000022,113,4481
FINAL_P3D_pop40_iter200_2opt_qualitybalanced_relocate,Final CPU configuration selected from pilot: quality-balanced memory-safe 2opt+bounded relocate,A-n32-k5,SSA,SSA,none,2,3028,40,200,784.0,1545.0,1545.0,97.06632653061224,97.06632653061224,5,5,100,100,True,True,True,0,0,0,0,0,0.18765689999999946,0.11260449999999977,113,4484
FINAL_P3D_pop40_iter200_2opt_qualitybalanced_relocate,Final CPU configuration selected from pilot: quality-balanced memory-safe 2opt+bounded relocate,A-n32-k5,SSA,SSA,none,3,3029,40,200,784.0,1616.0,1616.0,106.12244897959184,106.12244897959184,5,5,100,100,True,True,True,0,0,0,0,0,0.19237470000000023,0.13046730000000029,131,5203
FINAL_P3D_pop40_iter200_2opt_qualitybalanced_relocate,Final CPU configuration selected from pilot: quality-balanced memory-safe 2opt+bounded relocate,A-n32-k5,SSA,SSA,none,4,3030,40,200,784.0,1601.0,1601.0,104.20918367346938,104.20918367346938,5,5,92,100,True,True,True,0,0,0,0,0,0.19085280000000004,0.10979790000000023,107,4242
FINAL_P3D_pop40_iter200_2opt_qualitybalanced_relocate,Final CPU configuration selected from pilot: quality-balanced memory-safe 2opt+bounded relocate,A-n32-k5,SSA,SSA,none,5,3031,40,200,784.0,1491.0,1491.0,90.17857142857143,90.17857142857143,5,5,100,100,True,True,True,0,0,0,0,0,0.18156689999999998,0.0760209999999999,78,3100
FINAL_P3D_pop40_iter200_2opt_qualitybalanced_relocate,Final CPU configuration selected from pilot: quality-balanced memory-safe 2opt+bounded relocate,A-n32-k5,SSA,SSA,none,6,3032,40,200,784.0,1573.0,1573.0,100.63775510204081,100.63775510204081,5,5,99,100,True,True,True,0,0,0,0,0,0.19176980000000032,0.11613140000000044,115,4561
FINAL_P3D_pop40_iter200_2opt_qualitybalanced_relocate,Final CPU configuration selected from pilot: quality-balanced memory-safe 2opt+bounded relocate,A-n32-k5,SSA,SSA,none,7,3033,40,200,784.0,1531.0,1531.0,95.28061224489795,95.28061224489795,5,5,98,100,True,True,True,0,0,0,0,0,0.17707309999999943,0.11925339999999984,130,5162
FINAL_P3D_pop40_iter200_2opt_qualitybalanced_relocate,Final CPU configuration selected from pilot: quality-balanced memory-safe 2opt+bounded relocate,A-n32-k5,SSA,SSA,none,8,3034,40,200,784.0,1510.0,1510.0,92.60204081632654,92.60204081632654,5,5,98,100,True,True,True,0,0,0,0,0,0.1736999000000008,0.10553990000000013,118,4681
FINAL_P3D_pop40_iter200_2opt_qualitybalanced_relocate,Final CPU configuration selected from pilot: quality-balanced memory-safe 2opt+bounded relocate,A-n32-k5,SSA,SSA,none,9,3035,40,200,784.0,1532.0,1532.0,95.40816326530613,95.40816326530613,5,5,99,100,True,True,True,0,0,0,0,0,0.17589330000000025,0.08926540000000038,96,3812
FINAL_P3D_pop40_iter200_2opt_qualitybalanced_relocate,Final CPU configuration selected from pilot: quality-balanced memory-safe 2opt+bounded relocate,A-n32-k5,SSA,SSA,none,10,3036,40,200,784.0,1691.0,1691.0,115.68877551020408,115.68877551020408,5,5,95,100,True,True,True,0,0,0,0,0,0.1793332000000003,0.11631009999999975,124,4923
FINAL_P3D_pop40_iter200_2opt_qualitybalanced_relocate,Final CPU configuration selected from pilot: quality-balanced memory-safe 2opt+bounded relocate,A-n32-k5,SSA,SSA,none,11,3037,40,200,784.0,1646.0,1646.0,109.94897959183673,109.94897959183673,5,5,98,100,True,True,True,0,0,0,0,0,0.18286039999999915,0.11060860000000083,119,4721
FINAL_P3D_pop40_iter200_2opt_qualitybalanced_relocate,Final CPU configuration selected from pilot: quality-balanced memory-safe 2opt+bounded relocate,A-n32-k5,SSA,SSA,none,12,3038,40,200,784.0,1547.0,1547.0,97.32142857142857,97.32142857142857,5,5,98,100,True,True,True,0,0,0,0,0,0.18172799999999967,0.12361759999999933,130,5161
FINAL_P3D_pop40_iter200_2opt_qualitybalanced_relocate,Final CPU configuration selected from pilot: quality-balanced memory-safe 2opt+bounded relocate,A-n32-k5,SSA,SSA,none,13,3039,40,200,784.0,1502.0,1502.0,91.58163265306122,91.58163265306122,5,5,100,100,True,True,True,0,0,0,0,0,0.17411930000000098,0.10822910000000086,120,4761
FINAL_P3D_pop40_iter200_2opt_qualitybalanced_relocate,Final CPU configuration selected from pilot: quality-balanced memory-safe 2opt+bounded relocate,A-n32-k5,SSA,SSA,none,14,3040,40,200,784.0,1476.0,1476.0,88.26530612244898,88.26530612244898,5,5,95,100,True,True,True,0,0,0,0,0,0.18588830000000023,0.11608090000000004,128,5081
FINAL_P3D_pop40_iter200_2opt_qualitybalanced_relocate,Final CPU configuration selected from pilot: quality-balanced memory-safe 2opt+bounded relocate,A-n32-k5,SSA,SSA,none,15,3041,40,200,784.0,1550.0,1550.0,97.70408163265306,97.70408163265306,5,5,98,100,True,True,True,0,0,0,0,0,0.1921911999999999,0.11409959999999941,115,4561
FINAL_P3D_pop40_iter200_2opt_qualitybalanced_relocate,Final CPU configuration selected from pilot: quality-balanced memory-safe 2opt+bounded relocate,A-n32-k5,SSA,SSA,none,16,3042,40,200,784.0,1660.0,1660.0,111.73469387755102,111.73469387755102,5,5,98,100,True,True,True,0,0,0,0,0,0.1900056999999986,0.09943249999999892,102,4044
FINAL_P3D_pop40_iter200_2opt_qualitybalanced_relocate,Final CPU configuration selected from pilot: quality-balanced memory-safe 2opt+bounded relocate,A-n32-k5,SSA,SSA,none,17,3043,40,200,784.0,1623.0,1623.0,107.01530612244898,107.01530612244898,5,5,99,100,True,True,True,0,0,0,0,0,0.1814391000000004,0.10756169999999976,111,4401
FINAL_P3D_pop40_iter200_2opt_qualitybalanced_relocate,Final CPU configuration selected from pilot: quality-balanced memory-safe 2opt+bounded relocate,A-n32-k5,SSA,SSA,none,18,3044,40,200,784.0,1488.0,1488.0,89.79591836734694,89.79591836734694,5,5,98,100,True,True,True,0,0,0,0,0,0.17799809999999994,0.0848684999999989,89,3534
FINAL_P3D_pop40_iter200_2opt_qualitybalanced_relocate,Final CPU configuration selected from pilot: quality-balanced memory-safe 2opt+bounded relocate,A-n32-k5,SSA,SSA,none,19,3045,40,200,784.0,1443.0,1443.0,84.0561224489796,84.0561224489796,5,5,100,100,True,True,True,0,0,0,0,0,0.18032449999999933,0.1176250999999997,124,4924
FINAL_P3D_pop40_iter200_2opt_qualitybalanced_relocate,Final CPU configuration selected from pilot: quality-balanced memory-safe 2opt+bounded relocate,A-n32-k5,SSA,SSA,none,20,3046,40,200,784.0,1453.0,1453.0,85.33163265306122,85.33163265306122,5,5,96,100,True,True,True,0,0,0,0,0,0.17799009999999882,0.1035232999999991,109,4323
FINAL_P3D_pop40_iter200_2opt_qualitybalanced_relocate,Final CPU configuration selected from pilot: quality-balanced memory-safe 2opt+bounded relocate,A-n32-k5,SSA,SSA,none,21,3047,40,200,784.0,1523.0,1523.0,94.26020408163265,94.26020408163265,5,5,88,100,True,True,True,0,0,0,0,0,0.17662919999999893,0.10062259999999945,107,4243
FINAL_P3D_pop40_iter200_2opt_qualitybalanced_relocate,Final CPU configuration selected from pilot: quality-balanced memory-safe 2opt+bounded relocate,A-n32-k5,SSA,SSA,none,22,3048,40,200,784.0,1534.0,1534.0,95.66326530612245,95.66326530612245,5,5,99,100,True,True,True,0,0,0,0,0,0.1787825000000005,0.11887630000000016,128,5083
FINAL_P3D_pop40_iter200_2opt_qualitybalanced_relocate,Final CPU configuration selected from pilot: quality-balanced memory-safe 2opt+bounded relocate,A-n32-k5,SSA,SSA,none,23,3049,40,200,784.0,1450.0,1450.0,84.94897959183673,84.94897959183673,5,5,99,100,True,True,True,0,0,0,0,0,0.17851010000000045,0.09306440000000116,98,3884
FINAL_P3D_pop40_iter200_2opt_qualitybalanced_relocate,Final CPU configuration selected from pilot: quality-balanced memory-safe 2opt+bounded relocate,A-n32-k5,SSA,SSA,none,24,3050,40,200,784.0,1547.0,1547.0,97.32142857142857,97.32142857142857,5,5,95,100,True,True,True,0,0,0,0,0,0.1801111000000013,0.08653200000000005,88,3489
FINAL_P3D_pop40_iter200_2opt_qualitybalanced_relocate,Final CPU configuration selected from pilot: quality-balanced memory-safe 2opt+bounded relocate,A-n32-k5,SSA,SSA,none,25,3051,40,200,784.0,1476.0,1476.0,88.26530612244898,88.26530612244898,5,5,100,100,True,True,True,0,0,0,0,0,0.1756157000000016,0.10052880000000108,109,4321
FINAL_P3D_pop40_iter200_2opt_qualitybalanced_relocate,Final CPU configuration selected from pilot: quality-balanced memory-safe 2opt+bounded relocate,A-n32-k5,SSA,SSA,none,26,3052,40,200,784.0,1398.0,1398.0,78.31632653061224,78.31632653061224,5,5,91,100,True,True,True,0,0,0,0,0,0.17843069999999983,0.11833880000000008,128,5082
FINAL_P3D_pop40_iter200_2opt_qualitybalanced_relocate,Final CPU configuration selected from pilot: quality-balanced memory-safe 2opt+bounded relocate,A-n32-k5,SSA,SSA,none,27,3053,40,200,784.0,1475.0,1475.0,88.13775510204081,88.13775510204081,5,5,98,100,True,True,True,0,0,0,0,0,0.17436580000000035,0.08655320000000088,94,3723
FINAL_P3D_pop40_iter200_2opt_qualitybalanced_relocate,Final CPU configuration selected from pilot: quality-balanced memory-safe 2opt+bounded relocate,A-n32-k5,SSA,SSA,none,28,3054,40,200,784.0,1441.0,1441.0,83.80102040816327,83.80102040816327,5,5,98,100,True,True,True,0,0,0,0,0,0.18027599999999921,0.11370389999999908,121,4803
FINAL_P3D_pop40_iter200_2opt_qualitybalanced_relocate,Final CPU configuration selected from pilot: quality-balanced memory-safe 2opt+bounded relocate,A-n32-k5,SSA,SSA,none,29,3055,40,200,784.0,1539.0,1539.0,96.30102040816327,96.30102040816327,5,5,100,100,True,True,True,0,0,0,0,0,0.18128650000000057,0.1227797000000006,130,5162
FINAL_P3D_pop40_iter200_2opt_qualitybalanced_relocate,Final CPU configuration selected from pilot: quality-balanced memory-safe 2opt+bounded relocate,A-n32-k5,SSA,SSA,none,30,3056,40,200,784.0,1572.0,1572.0,100.51020408163265,100.51020408163265,5,5,99,100,True,True,True,0,0,0,0,0,0.17496709999999993,0.0878268999999996,95,3766
FINAL_P3D_pop40_iter200_2opt_qualitybalanced_relocate,Final CPU configuration selected from pilot: quality-balanced memory-safe 2opt+bounded relocate,A-n32-k5,M-WOA,WOA,2opt_qualitybalanced_relocate,1,4027,40,200,784.0,784.0,784.0,0.0,0.0,5,5,98,100,True,True,True,0,0,0,0,0,4.642443799999999,0.43243859999999934,20,782
FINAL_P3D_pop40_iter200_2opt_qualitybalanced_relocate,Final CPU configuration selected from pilot: quality-balanced memory-safe 2opt+bounded relocate,A-n32-k5,M-WOA,WOA,2opt_qualitybalanced_relocate,2,4028,40,200,784.0,784.0,784.0,0.0,0.0,5,5,98,100,True,True,True,0,0,0,0,0,5.664291500000001,0.9447901000000023,38,1513
FINAL_P3D_pop40_iter200_2opt_qualitybalanced_relocate,Final CPU configuration selected from pilot: quality-balanced memory-safe 2opt+bounded relocate,A-n32-k5,M-WOA,WOA,2opt_qualitybalanced_relocate,3,4029,40,200,784.0,830.0,830.0,5.86734693877551,5.86734693877551,5,5,99,100,True,True,True,0,0,0,0,0,5.1197239,2.7801997999999983,99,3940
FINAL_P3D_pop40_iter200_2opt_qualitybalanced_relocate,Final CPU configuration selected from pilot: quality-balanced memory-safe 2opt+bounded relocate,A-n32-k5,M-WOA,WOA,2opt_qualitybalanced_relocate,4,4030,40,200,784.0,828.0,828.0,5.612244897959184,5.612244897959184,5,5,99,100,True,True,True,0,0,0,0,0,4.093422799999999,1.6166094999999991,75,2965
FINAL_P3D_pop40_iter200_2opt_qualitybalanced_relocate,Final CPU configuration selected from pilot: quality-balanced memory-safe 2opt+bounded relocate,A-n32-k5,M-WOA,WOA,2opt_qualitybalanced_relocate,5,4031,40,200,784.0,811.0,811.0,3.443877551020408,3.443877551020408,5,5,98,100,True,True,True,0,0,0,0,0,4.6187383,1.2197335000000002,57,2244
FINAL_P3D_pop40_iter200_2opt_qualitybalanced_relocate,Final CPU configuration selected from pilot: quality-balanced memory-safe 2opt+bounded relocate,A-n32-k5,M-WOA,WOA,2opt_qualitybalanced_relocate,6,4032,40,200,784.0,828.0,828.0,5.612244897959184,5.612244897959184,5,5,99,100,True,True,True,0,0,0,0,0,4.111524199999998,2.2578790000000026,102,4080
FINAL_P3D_pop40_iter200_2opt_qualitybalanced_relocate,Final CPU configuration selected from pilot: quality-balanced memory-safe 2opt+bounded relocate,A-n32-k5,M-WOA,WOA,2opt_qualitybalanced_relocate,7,4033,40,200,784.0,955.0,955.0,21.81122448979592,21.81122448979592,5,5,92,100,True,True,True,0,0,0,0,0,3.288364999999999,0.03813120000000225,4,122
FINAL_P3D_pop40_iter200_2opt_qualitybalanced_relocate,Final CPU configuration selected from pilot: quality-balanced memory-safe 2opt+bounded relocate,A-n32-k5,M-WOA,WOA,2opt_qualitybalanced_relocate,8,4034,40,200,784.0,833.0,833.0,6.25,6.25,5,5,100,100,True,True,True,0,0,0,0,0,3.2343225999999987,0.5731164000000035,29,1135
FINAL_P3D_pop40_iter200_2opt_qualitybalanced_relocate,Final CPU configuration selected from pilot: quality-balanced memory-safe 2opt+bounded relocate,A-n32-k5,M-WOA,WOA,2opt_qualitybalanced_relocate,9,4035,40,200,784.0,784.0,784.0,0.0,0.0,5,5,98,100,True,True,True,0,0,0,0,0,5.5279551,1.938116800000003,70,2798
FINAL_P3D_pop40_iter200_2opt_qualitybalanced_relocate,Final CPU configuration selected from pilot: quality-balanced memory-safe 2opt+bounded relocate,A-n32-k5,M-WOA,WOA,2opt_qualitybalanced_relocate,10,4036,40,200,784.0,784.0,784.0,0.0,0.0,5,5,98,100,True,True,True,0,0,0,0,0,4.078913,1.1004028999999989,49,1927
FINAL_P3D_pop40_iter200_2opt_qualitybalanced_relocate,Final CPU configuration selected from pilot: quality-balanced memory-safe 2opt+bounded relocate,A-n32-k5,M-WOA,WOA,2opt_qualitybalanced_relocate,11,4037,40,200,784.0,814.0,814.0,3.826530612244898,3.826530612244898,5,5,100,100,True,True,True,0,0,0,0,0,4.255687999999999,0.39431569999999994,22,841
FINAL_P3D_pop40_iter200_2opt_qualitybalanced_relocate,Final CPU configuration selected from pilot: quality-balanced memory-safe 2opt+bounded relocate,A-n32-k5,M-WOA,WOA,2opt_qualitybalanced_relocate,12,4038,40,200,784.0,831.0,831.0,5.994897959183674,5.994897959183674,5,5,97,100,True,True,True,0,0,0,0,0,3.6889021,0.44330509999999634,22,857
FINAL_P3D_pop40_iter200_2opt_qualitybalanced_relocate,Final CPU configuration selected from pilot: quality-balanced memory-safe 2opt+bounded relocate,A-n32-k5,M-WOA,WOA,2opt_qualitybalanced_relocate,13,4039,40,200,784.0,785.0,785.0,0.12755102040816327,0.12755102040816327,5,5,99,100,True,True,True,0,0,0,0,0,4.6108144000000095,0.20282810000000495,11,432
FINAL_P3D_pop40_iter200_2opt_qualitybalanced_relocate,Final CPU configuration selected from pilot: quality-balanced memory-safe 2opt+bounded relocate,A-n32-k5,M-WOA,WOA,2opt_qualitybalanced_relocate,14,4040,40,200,784.0,785.0,785.0,0.12755102040816327,0.12755102040816327,5,5,98,100,True,True,True,0,0,0,0,0,5.591819299999997,0.5161411999999928,23,889
FINAL_P3D_pop40_iter200_2opt_qualitybalanced_relocate,Final CPU configuration selected from pilot: quality-balanced memory-safe 2opt+bounded relocate,A-n32-k5,M-WOA,WOA,2opt_qualitybalanced_relocate,15,4041,40,200,784.0,815.0,815.0,3.954081632653061,3.954081632653061,5,5,99,100,True,True,True,0,0,0,0,0,5.0692425999999955,0.6184546000000068,31,1210
FINAL_P3D_pop40_iter200_2opt_qualitybalanced_relocate,Final CPU configuration selected from pilot: quality-balanced memory-safe 2opt+bounded relocate,A-n32-k5,M-WOA,WOA,2opt_qualitybalanced_relocate,16,4042,40,200,784.0,785.0,785.0,0.12755102040816327,0.12755102040816327,5,5,99,100,True,True,True,0,0,0,0,0,7.075889799999999,0.19977669999998682,10,397
FINAL_P3D_pop40_iter200_2opt_qualitybalanced_relocate,Final CPU configuration selected from pilot: quality-balanced memory-safe 2opt+bounded relocate,A-n32-k5,M-WOA,WOA,2opt_qualitybalanced_relocate,17,4043,40,200,784.0,784.0,784.0,0.0,0.0,5,5,98,100,True,True,True,0,0,0,0,0,5.2927885,0.9677786999999967,48,1898
FINAL_P3D_pop40_iter200_2opt_qualitybalanced_relocate,Final CPU configuration selected from pilot: quality-balanced memory-safe 2opt+bounded relocate,A-n32-k5,M-WOA,WOA,2opt_qualitybalanced_relocate,18,4044,40,200,784.0,807.0,807.0,2.933673469387755,2.933673469387755,5,5,99,100,True,True,True,0,0,0,0,0,5.080471900000006,2.4118251999999956,91,3622
FINAL_P3D_pop40_iter200_2opt_qualitybalanced_relocate,Final CPU configuration selected from pilot: quality-balanced memory-safe 2opt+bounded relocate,A-n32-k5,M-WOA,WOA,2opt_qualitybalanced_relocate,19,4045,40,200,784.0,819.0,819.0,4.464285714285714,4.464285714285714,5,5,98,100,True,True,True,0,0,0,0,0,4.677423499999989,2.96811799999999,129,5129
FINAL_P3D_pop40_iter200_2opt_qualitybalanced_relocate,Final CPU configuration selected from pilot: quality-balanced memory-safe 2opt+bounded relocate,A-n32-k5,M-WOA,WOA,2opt_qualitybalanced_relocate,20,4046,40,200,784.0,847.0,847.0,8.035714285714286,8.035714285714286,5,5,100,100,True,True,True,0,0,0,0,0,3.7992526999999967,0.10318680000000313,6,225
FINAL_P3D_pop40_iter200_2opt_qualitybalanced_relocate,Final CPU configuration selected from pilot: quality-balanced memory-safe 2opt+bounded relocate,A-n32-k5,M-WOA,WOA,2opt_qualitybalanced_relocate,21,4047,40,200,784.0,816.0,816.0,4.081632653061225,4.081632653061225,5,5,98,100,True,True,True,0,0,0,0,0,3.4120379000000014,1.3868968000000024,89,3556
FINAL_P3D_pop40_iter200_2opt_qualitybalanced_relocate,Final CPU configuration selected from pilot: quality-balanced memory-safe 2opt+bounded relocate,A-n32-k5,M-WOA,WOA,2opt_qualitybalanced_relocate,22,4048,40,200,784.0,785.0,785.0,0.12755102040816327,0.12755102040816327,5,5,99,100,True,True,True,0,0,0,0,0,5.200743000000003,0.8442024999999944,43,1687
FINAL_P3D_pop40_iter200_2opt_qualitybalanced_relocate,Final CPU configuration selected from pilot: quality-balanced memory-safe 2opt+bounded relocate,A-n32-k5,M-WOA,WOA,2opt_qualitybalanced_relocate,23,4049,40,200,784.0,785.0,785.0,0.12755102040816327,0.12755102040816327,5,5,99,100,True,True,True,0,0,0,0,0,4.111656199999999,1.0180739999999986,51,2023
FINAL_P3D_pop40_iter200_2opt_qualitybalanced_relocate,Final CPU configuration selected from pilot: quality-balanced memory-safe 2opt+bounded relocate,A-n32-k5,M-WOA,WOA,2opt_qualitybalanced_relocate,24,4050,40,200,784.0,790.0,790.0,0.7653061224489796,0.7653061224489796,5,5,99,100,True,True,True,0,0,0,0,0,5.851370899999992,3.30024139999999,102,4072
FINAL_P3D_pop40_iter200_2opt_qualitybalanced_relocate,Final CPU configuration selected from pilot: quality-balanced memory-safe 2opt+bounded relocate,A-n32-k5,M-WOA,WOA,2opt_qualitybalanced_relocate,25,4051,40,200,784.0,784.0,784.0,0.0,0.0,5,5,98,100,True,True,True,0,0,0,0,0,6.636763299999984,0.6553372999999993,28,1114
FINAL_P3D_pop40_iter200_2opt_qualitybalanced_relocate,Final CPU configuration selected from pilot: quality-balanced memory-safe 2opt+bounded relocate,A-n32-k5,M-WOA,WOA,2opt_qualitybalanced_relocate,26,4052,40,200,784.0,784.0,784.0,0.0,0.0,5,5,98,100,True,True,True,0,0,0,0,0,4.627466699999985,2.140731399999993,96,3836
FINAL_P3D_pop40_iter200_2opt_qualitybalanced_relocate,Final CPU configuration selected from pilot: quality-balanced memory-safe 2opt+bounded relocate,A-n32-k5,M-WOA,WOA,2opt_qualitybalanced_relocate,27,4053,40,200,784.0,833.0,833.0,6.25,6.25,5,5,100,100,True,True,True,0,0,0,0,0,2.958073999999982,0.18850809999997864,10,369
FINAL_P3D_pop40_iter200_2opt_qualitybalanced_relocate,Final CPU configuration selected from pilot: quality-balanced memory-safe 2opt+bounded relocate,A-n32-k5,M-WOA,WOA,2opt_qualitybalanced_relocate,28,4054,40,200,784.0,784.0,784.0,0.0,0.0,5,5,98,100,True,True,True,0,0,0,0,0,5.3282456000000025,0.7218751999999995,35,1370
FINAL_P3D_pop40_iter200_2opt_qualitybalanced_relocate,Final CPU configuration selected from pilot: quality-balanced memory-safe 2opt+bounded relocate,A-n32-k5,M-WOA,WOA,2opt_qualitybalanced_relocate,29,4055,40,200,784.0,784.0,784.0,0.0,0.0,5,5,98,100,True,True,True,0,0,0,0,0,5.649187100000006,1.7573142000000246,76,3017
FINAL_P3D_pop40_iter200_2opt_qualitybalanced_relocate,Final CPU configuration selected from pilot: quality-balanced memory-safe 2opt+bounded relocate,A-n32-k5,M-WOA,WOA,2opt_qualitybalanced_relocate,30,4056,40,200,784.0,784.0,784.0,0.0,0.0,5,5,98,100,True,True,True,0,0,0,0,0,4.986167199999983,1.1701214999999934,60,2373
FINAL_P3D_pop40_iter200_2opt_qualitybalanced_relocate,Final CPU configuration selected from pilot: quality-balanced memory-safe 2opt+bounded relocate,A-n32-k5,M-SSA,SSA,2opt_qualitybalanced_relocate,1,5027,40,200,784.0,785.0,785.0,0.12755102040816327,0.12755102040816327,5,5,98,100,True,True,True,0,0,0,0,0,5.587806999999998,1.1298153000000184,50,1990
FINAL_P3D_pop40_iter200_2opt_qualitybalanced_relocate,Final CPU configuration selected from pilot: quality-balanced memory-safe 2opt+bounded relocate,A-n32-k5,M-SSA,SSA,2opt_qualitybalanced_relocate,2,5028,40,200,784.0,784.0,784.0,0.0,0.0,5,5,98,100,True,True,True,0,0,0,0,0,5.765916099999998,3.9652930000000026,146,5802
FINAL_P3D_pop40_iter200_2opt_qualitybalanced_relocate,Final CPU configuration selected from pilot: quality-balanced memory-safe 2opt+bounded relocate,A-n32-k5,M-SSA,SSA,2opt_qualitybalanced_relocate,3,5029,40,200,784.0,784.0,784.0,0.0,0.0,5,5,98,100,True,True,True,0,0,0,0,0,4.696812099999988,1.0135866999999905,45,1778
FINAL_P3D_pop40_iter200_2opt_qualitybalanced_relocate,Final CPU configuration selected from pilot: quality-balanced memory-safe 2opt+bounded relocate,A-n32-k5,M-SSA,SSA,2opt_qualitybalanced_relocate,4,5030,40,200,784.0,787.0,787.0,0.3826530612244898,0.3826530612244898,5,5,98,100,True,True,True,0,0,0,0,0,4.418633699999987,3.1364031999999895,130,5161
FINAL_P3D_pop40_iter200_2opt_qualitybalanced_relocate,Final CPU configuration selected from pilot: quality-balanced memory-safe 2opt+bounded relocate,A-n32-k5,M-SSA,SSA,2opt_qualitybalanced_relocate,5,5031,40,200,784.0,787.0,787.0,0.3826530612244898,0.3826530612244898,5,5,98,100,True,True,True,0,0,0,0,0,6.437895700000013,0.5202431000000161,24,932
FINAL_P3D_pop40_iter200_2opt_qualitybalanced_relocate,Final CPU configuration selected from pilot: quality-balanced memory-safe 2opt+bounded relocate,A-n32-k5,M-SSA,SSA,2opt_qualitybalanced_relocate,6,5032,40,200,784.0,786.0,786.0,0.25510204081632654,0.25510204081632654,5,5,98,100,True,True,True,0,0,0,0,0,4.503511000000003,3.023805600000003,123,4881
FINAL_P3D_pop40_iter200_2opt_qualitybalanced_relocate,Final CPU configuration selected from pilot: quality-balanced memory-safe 2opt+bounded relocate,A-n32-k5,M-SSA,SSA,2opt_qualitybalanced_relocate,7,5033,40,200,784.0,787.0,787.0,0.3826530612244898,0.3826530612244898,5,5,98,100,True,True,True,0,0,0,0,0,4.8104984,2.430510300000009,102,4044
FINAL_P3D_pop40_iter200_2opt_qualitybalanced_relocate,Final CPU configuration selected from pilot: quality-balanced memory-safe 2opt+bounded relocate,A-n32-k5,M-SSA,SSA,2opt_qualitybalanced_relocate,8,5034,40,200,784.0,784.0,784.0,0.0,0.0,5,5,98,100,True,True,True,0,0,0,0,0,3.6921977000000084,2.108809100000002,94,3724
FINAL_P3D_pop40_iter200_2opt_qualitybalanced_relocate,Final CPU configuration selected from pilot: quality-balanced memory-safe 2opt+bounded relocate,A-n32-k5,M-SSA,SSA,2opt_qualitybalanced_relocate,9,5035,40,200,784.0,784.0,784.0,0.0,0.0,5,5,98,100,True,True,True,0,0,0,0,0,6.107524299999994,1.4228820999999812,59,2334
FINAL_P3D_pop40_iter200_2opt_qualitybalanced_relocate,Final CPU configuration selected from pilot: quality-balanced memory-safe 2opt+bounded relocate,A-n32-k5,M-SSA,SSA,2opt_qualitybalanced_relocate,10,5036,40,200,784.0,784.0,784.0,0.0,0.0,5,5,98,100,True,True,True,0,0,0,0,0,5.539164199999988,3.005314300000009,115,4565
FINAL_P3D_pop40_iter200_2opt_qualitybalanced_relocate,Final CPU configuration selected from pilot: quality-balanced memory-safe 2opt+bounded relocate,A-n32-k5,M-SSA,SSA,2opt_qualitybalanced_relocate,11,5037,40,200,784.0,787.0,787.0,0.3826530612244898,0.3826530612244898,5,5,98,100,True,True,True,0,0,0,0,0,5.520519900000011,2.90308330000002,117,4644
FINAL_P3D_pop40_iter200_2opt_qualitybalanced_relocate,Final CPU configuration selected from pilot: quality-balanced memory-safe 2opt+bounded relocate,A-n32-k5,M-SSA,SSA,2opt_qualitybalanced_relocate,12,5038,40,200,784.0,784.0,784.0,0.0,0.0,5,5,98,100,True,True,True,0,0,0,0,0,5.981739199999993,4.18380479999999,148,5881
FINAL_P3D_pop40_iter200_2opt_qualitybalanced_relocate,Final CPU configuration selected from pilot: quality-balanced memory-safe 2opt+bounded relocate,A-n32-k5,M-SSA,SSA,2opt_qualitybalanced_relocate,13,5039,40,200,784.0,784.0,784.0,0.0,0.0,5,5,98,100,True,True,True,0,0,0,0,0,4.308366500000005,1.4518962999999871,62,2450
FINAL_P3D_pop40_iter200_2opt_qualitybalanced_relocate,Final CPU configuration selected from pilot: quality-balanced memory-safe 2opt+bounded relocate,A-n32-k5,M-SSA,SSA,2opt_qualitybalanced_relocate,14,5040,40,200,784.0,784.0,784.0,0.0,0.0,5,5,98,100,True,True,True,0,0,0,0,0,6.988657799999999,2.955557099999993,115,4562
FINAL_P3D_pop40_iter200_2opt_qualitybalanced_relocate,Final CPU configuration selected from pilot: quality-balanced memory-safe 2opt+bounded relocate,A-n32-k5,M-SSA,SSA,2opt_qualitybalanced_relocate,15,5041,40,200,784.0,785.0,785.0,0.12755102040816327,0.12755102040816327,5,5,99,100,True,True,True,0,0,0,0,0,9.955431400000009,6.027406500000012,125,4961
FINAL_P3D_pop40_iter200_2opt_qualitybalanced_relocate,Final CPU configuration selected from pilot: quality-balanced memory-safe 2opt+bounded relocate,A-n32-k5,M-SSA,SSA,2opt_qualitybalanced_relocate,16,5042,40,200,784.0,784.0,784.0,0.0,0.0,5,5,98,100,True,True,True,0,0,0,0,0,9.306840399999999,6.294738899999999,110,4361
FINAL_P3D_pop40_iter200_2opt_qualitybalanced_relocate,Final CPU configuration selected from pilot: quality-balanced memory-safe 2opt+bounded relocate,A-n32-k5,M-SSA,SSA,2opt_qualitybalanced_relocate,17,5043,40,200,784.0,784.0,784.0,0.0,0.0,5,5,98,100,True,True,True,0,0,0,0,0,11.042614100000009,1.0052215999999987,24,940
FINAL_P3D_pop40_iter200_2opt_qualitybalanced_relocate,Final CPU configuration selected from pilot: quality-balanced memory-safe 2opt+bounded relocate,A-n32-k5,M-SSA,SSA,2opt_qualitybalanced_relocate,18,5044,40,200,784.0,785.0,785.0,0.12755102040816327,0.12755102040816327,5,5,99,100,True,True,True,0,0,0,0,0,10.417514100000005,5.436650500000042,112,4448
FINAL_P3D_pop40_iter200_2opt_qualitybalanced_relocate,Final CPU configuration selected from pilot: quality-balanced memory-safe 2opt+bounded relocate,A-n32-k5,M-SSA,SSA,2opt_qualitybalanced_relocate,19,5045,40,200,784.0,784.0,784.0,0.0,0.0,5,5,98,100,True,True,True,0,0,0,0,0,11.911939299999972,5.5903471999999965,93,3684
FINAL_P3D_pop40_iter200_2opt_qualitybalanced_relocate,Final CPU configuration selected from pilot: quality-balanced memory-safe 2opt+bounded relocate,A-n32-k5,M-SSA,SSA,2opt_qualitybalanced_relocate,20,5046,40,200,784.0,785.0,785.0,0.12755102040816327,0.12755102040816327,5,5,98,100,True,True,True,0,0,0,0,0,13.233107099999984,3.301884799999982,64,2558
FINAL_P3D_pop40_iter200_2opt_qualitybalanced_relocate,Final CPU configuration selected from pilot: quality-balanced memory-safe 2opt+bounded relocate,A-n32-k5,M-SSA,SSA,2opt_qualitybalanced_relocate,21,5047,40,200,784.0,789.0,789.0,0.6377551020408163,0.6377551020408163,5,5,98,100,True,True,True,0,0,0,0,0,11.596061599999985,7.527279699999951,134,5333
FINAL_P3D_pop40_iter200_2opt_qualitybalanced_relocate,Final CPU configuration selected from pilot: quality-balanced memory-safe 2opt+bounded relocate,A-n32-k5,M-SSA,SSA,2opt_qualitybalanced_relocate,22,5048,40,200,784.0,784.0,784.0,0.0,0.0,5,5,98,100,True,True,True,0,0,0,0,0,10.34756980000003,6.6317739000000415,138,5481
FINAL_P3D_pop40_iter200_2opt_qualitybalanced_relocate,Final CPU configuration selected from pilot: quality-balanced memory-safe 2opt+bounded relocate,A-n32-k5,M-SSA,SSA,2opt_qualitybalanced_relocate,23,5049,40,200,784.0,784.0,784.0,0.0,0.0,5,5,98,100,True,True,True,0,0,0,0,0,10.432496000000015,4.477314499999977,92,3643
FINAL_P3D_pop40_iter200_2opt_qualitybalanced_relocate,Final CPU configuration selected from pilot: quality-balanced memory-safe 2opt+bounded relocate,A-n32-k5,M-SSA,SSA,2opt_qualitybalanced_relocate,24,5050,40,200,784.0,784.0,784.0,0.0,0.0,5,5,98,100,True,True,True,0,0,0,0,0,11.778854300000035,8.047913600000015,133,5281
FINAL_P3D_pop40_iter200_2opt_qualitybalanced_relocate,Final CPU configuration selected from pilot: quality-balanced memory-safe 2opt+bounded relocate,A-n32-k5,M-SSA,SSA,2opt_qualitybalanced_relocate,25,5051,40,200,784.0,786.0,786.0,0.25510204081632654,0.25510204081632654,5,5,98,100,True,True,True,0,0,0,0,0,10.64995859999999,4.810709099999997,106,4202
FINAL_P3D_pop40_iter200_2opt_qualitybalanced_relocate,Final CPU configuration selected from pilot: quality-balanced memory-safe 2opt+bounded relocate,A-n32-k5,M-SSA,SSA,2opt_qualitybalanced_relocate,26,5052,40,200,784.0,784.0,784.0,0.0,0.0,5,5,98,100,True,True,True,0,0,0,0,0,6.780461199999991,4.834045800000013,129,5122
FINAL_P3D_pop40_iter200_2opt_qualitybalanced_relocate,Final CPU configuration selected from pilot: quality-balanced memory-safe 2opt+bounded relocate,A-n32-k5,M-SSA,SSA,2opt_qualitybalanced_relocate,27,5053,40,200,784.0,784.0,784.0,0.0,0.0,5,5,98,100,True,True,True,0,0,0,0,0,7.250799800000038,0.1384382000000528,8,293
FINAL_P3D_pop40_iter200_2opt_qualitybalanced_relocate,Final CPU configuration selected from pilot: quality-balanced memory-safe 2opt+bounded relocate,A-n32-k5,M-SSA,SSA,2opt_qualitybalanced_relocate,28,5054,40,200,784.0,784.0,784.0,0.0,0.0,5,5,98,100,True,True,True,0,0,0,0,0,5.579110300000025,3.2769378000000415,124,4923
FINAL_P3D_pop40_iter200_2opt_qualitybalanced_relocate,Final CPU configuration selected from pilot: quality-balanced memory-safe 2opt+bounded relocate,A-n32-k5,M-SSA,SSA,2opt_qualitybalanced_relocate,29,5055,40,200,784.0,787.0,787.0,0.3826530612244898,0.3826530612244898,5,5,98,100,True,True,True,0,0,0,0,0,5.9094789000000105,3.761041500000033,140,5561
FINAL_P3D_pop40_iter200_2opt_qualitybalanced_relocate,Final CPU configuration selected from pilot: quality-balanced memory-safe 2opt+bounded relocate,A-n32-k5,M-SSA,SSA,2opt_qualitybalanced_relocate,30,5056,40,200,784.0,784.0,784.0,0.0,0.0,5,5,98,100,True,True,True,0,0,0,0,0,5.345549000000005,0.9688787000000048,40,1580
FINAL_P3D_pop40_iter200_2opt_qualitybalanced_relocate,Final CPU configuration selected from pilot: quality-balanced memory-safe 2opt+bounded relocate,A-n37-k6,WOA,WOA,none,1,102027,40,200,949.0,1264.0,1264.0,33.19283456269758,33.19283456269758,6,6,100,100,True,True,True,0,0,0,0,0,0.3229440999999724,0.2407968999999639,122,4848
FINAL_P3D_pop40_iter200_2opt_qualitybalanced_relocate,Final CPU configuration selected from pilot: quality-balanced memory-safe 2opt+bounded relocate,A-n37-k6,WOA,WOA,none,2,102028,40,200,949.0,1285.0,1285.0,35.40569020021075,35.40569020021075,6,6,100,100,True,True,True,0,0,0,0,0,0.30602650000002996,0.1962722000000099,91,3630
FINAL_P3D_pop40_iter200_2opt_qualitybalanced_relocate,Final CPU configuration selected from pilot: quality-balanced memory-safe 2opt+bounded relocate,A-n37-k6,WOA,WOA,none,3,102029,40,200,949.0,1215.0,1215.0,28.02950474183351,28.02950474183351,6,6,100,100,True,True,True,0,0,0,0,0,0.34386480000000574,0.23927309999999125,102,4080
FINAL_P3D_pop40_iter200_2opt_qualitybalanced_relocate,Final CPU configuration selected from pilot: quality-balanced memory-safe 2opt+bounded relocate,A-n37-k6,WOA,WOA,none,4,102030,40,200,949.0,1294.0,1294.0,36.35405690200211,36.35405690200211,6,6,99,100,True,True,True,0,0,0,0,0,0.5786029000000212,0.5480612000000065,174,6958
FINAL_P3D_pop40_iter200_2opt_qualitybalanced_relocate,Final CPU configuration selected from pilot: quality-balanced memory-safe 2opt+bounded relocate,A-n37-k6,WOA,WOA,none,5,102031,40,200,949.0,1397.0,1397.0,47.20758693361433,47.20758693361433,6,6,100,100,True,True,True,0,0,0,0,0,0.27914839999999685,0.10132559999999557,44,1738
FINAL_P3D_pop40_iter200_2opt_qualitybalanced_relocate,Final CPU configuration selected from pilot: quality-balanced memory-safe 2opt+bounded relocate,A-n37-k6,WOA,WOA,none,6,102032,40,200,949.0,1236.0,1236.0,30.24236037934668,30.24236037934668,6,6,100,100,True,True,True,0,0,0,0,0,0.34403670000000375,0.11718089999999393,48,1886
FINAL_P3D_pop40_iter200_2opt_qualitybalanced_relocate,Final CPU configuration selected from pilot: quality-balanced memory-safe 2opt+bounded relocate,A-n37-k6,WOA,WOA,none,7,102033,40,200,949.0,1543.0,1543.0,62.59220231822972,62.59220231822972,6,6,100,100,True,True,True,0,0,0,0,0,0.8160204000000135,0.06322160000001986,22,878
FINAL_P3D_pop40_iter200_2opt_qualitybalanced_relocate,Final CPU configuration selected from pilot: quality-balanced memory-safe 2opt+bounded relocate,A-n37-k6,WOA,WOA,none,8,102034,40,200,949.0,1297.0,1297.0,36.670179135932564,36.670179135932564,6,6,100,100,True,True,True,0,0,0,0,0,0.279213900000002,0.173561100000029,94,3752
FINAL_P3D_pop40_iter200_2opt_qualitybalanced_relocate,Final CPU configuration selected from pilot: quality-balanced memory-safe 2opt+bounded relocate,A-n37-k6,WOA,WOA,none,9,102035,40,200,949.0,1256.0,1256.0,32.34984193888303,32.34984193888303,6,6,100,100,True,True,True,0,0,0,0,0,0.3550093000000061,0.222616099999982,95,3773
FINAL_P3D_pop40_iter200_2opt_qualitybalanced_relocate,Final CPU configuration selected from pilot: quality-balanced memory-safe 2opt+bounded relocate,A-n37-k6,WOA,WOA,none,10,102036,40,200,949.0,1352.0,1352.0,42.465753424657535,42.465753424657535,6,6,99,100,True,True,True,0,0,0,0,0,0.34832929999998896,0.10003710000000865,40,1575
FINAL_P3D_pop40_iter200_2opt_qualitybalanced_relocate,Final CPU configuration selected from pilot: quality-balanced memory-safe 2opt+bounded relocate,A-n37-k6,WOA,WOA,none,11,102037,40,200,949.0,1265.0,1265.0,33.298208640674396,33.298208640674396,6,6,100,100,True,True,True,0,0,0,0,0,0.4517812999999933,0.3214845999999625,109,4332
FINAL_P3D_pop40_iter200_2opt_qualitybalanced_relocate,Final CPU configuration selected from pilot: quality-balanced memory-safe 2opt+bounded relocate,A-n37-k6,WOA,WOA,none,12,102038,40,200,949.0,1407.0,1407.0,48.26132771338251,48.26132771338251,6,6,100,100,True,True,True,0,0,0,0,0,0.36675100000002203,0.07218240000003107,22,841
FINAL_P3D_pop40_iter200_2opt_qualitybalanced_relocate,Final CPU configuration selected from pilot: quality-balanced memory-safe 2opt+bounded relocate,A-n37-k6,WOA,WOA,none,13,102039,40,200,949.0,1496.0,1496.0,57.639620653319284,57.639620653319284,6,6,99,100,True,True,True,0,0,0,0,0,0.29883540000002995,0.03519560000000865,10,380
FINAL_P3D_pop40_iter200_2opt_qualitybalanced_relocate,Final CPU configuration selected from pilot: quality-balanced memory-safe 2opt+bounded relocate,A-n37-k6,WOA,WOA,none,14,102040,40,200,949.0,1349.0,1349.0,42.14963119072708,42.14963119072708,6,6,99,100,True,True,True,0,0,0,0,0,0.40486120000002757,0.15025460000003932,53,2082
FINAL_P3D_pop40_iter200_2opt_qualitybalanced_relocate,Final CPU configuration selected from pilot: quality-balanced memory-safe 2opt+bounded relocate,A-n37-k6,WOA,WOA,none,15,102041,40,200,949.0,1397.0,1397.0,47.20758693361433,47.20758693361433,6,6,100,100,True,True,True,0,0,0,0,0,0.38823629999996,0.25772239999997737,91,3631
FINAL_P3D_pop40_iter200_2opt_qualitybalanced_relocate,Final CPU configuration selected from pilot: quality-balanced memory-safe 2opt+bounded relocate,A-n37-k6,WOA,WOA,none,16,102042,40,200,949.0,1288.0,1288.0,35.7218124341412,35.7218124341412,6,6,100,100,True,True,True,0,0,0,0,0,0.29988219999995636,0.16389909999998054,83,3287
FINAL_P3D_pop40_iter200_2opt_qualitybalanced_relocate,Final CPU configuration selected from pilot: quality-balanced memory-safe 2opt+bounded relocate,A-n37-k6,WOA,WOA,none,17,102043,40,200,949.0,1451.0,1451.0,52.89778714436249,52.89778714436249,6,6,100,100,True,True,True,0,0,0,0,0,0.399560699999995,0.02458569999998872,8,316
FINAL_P3D_pop40_iter200_2opt_qualitybalanced_relocate,Final CPU configuration selected from pilot: quality-balanced memory-safe 2opt+bounded relocate,A-n37-k6,WOA,WOA,none,18,102044,40,200,949.0,1266.0,1266.0,33.403582718651215,33.403582718651215,6,6,100,100,True,True,True,0,0,0,0,0,0.254017900000008,0.18204680000002327,129,5151
FINAL_P3D_pop40_iter200_2opt_qualitybalanced_relocate,Final CPU configuration selected from pilot: quality-balanced memory-safe 2opt+bounded relocate,A-n37-k6,WOA,WOA,none,19,102045,40,200,949.0,1254.0,1254.0,32.1390937829294,32.1390937829294,6,6,100,100,True,True,True,0,0,0,0,0,0.3154104999999845,0.16219580000000633,67,2679
FINAL_P3D_pop40_iter200_2opt_qualitybalanced_relocate,Final CPU configuration selected from pilot: quality-balanced memory-safe 2opt+bounded relocate,A-n37-k6,WOA,WOA,none,20,102046,40,200,949.0,1316.0,1316.0,38.6722866174921,38.6722866174921,6,6,99,100,True,True,True,0,0,0,0,0,0.45154439999998885,0.36567719999999326,139,5530
FINAL_P3D_pop40_iter200_2opt_qualitybalanced_relocate,Final CPU configuration selected from pilot: quality-balanced memory-safe 2opt+bounded relocate,A-n37-k6,WOA,WOA,none,21,102047,40,200,949.0,1334.0,1334.0,40.56902002107481,40.56902002107481,6,6,100,100,True,True,True,0,0,0,0,0,0.49033029999998234,0.4693947000000094,181,7202
FINAL_P3D_pop40_iter200_2opt_qualitybalanced_relocate,Final CPU configuration selected from pilot: quality-balanced memory-safe 2opt+bounded relocate,A-n37-k6,WOA,WOA,none,22,102048,40,200,949.0,1212.0,1212.0,27.713382507903056,27.713382507903056,6,6,100,100,True,True,True,0,0,0,0,0,0.28288600000001907,0.1301768000000152,60,2381
FINAL_P3D_pop40_iter200_2opt_qualitybalanced_relocate,Final CPU configuration selected from pilot: quality-balanced memory-safe 2opt+bounded relocate,A-n37-k6,WOA,WOA,none,23,102049,40,200,949.0,1337.0,1337.0,40.88514225500527,40.88514225500527,6,6,99,100,True,True,True,0,0,0,0,0,0.2880735000000527,0.17680530000001227,93,3694
FINAL_P3D_pop40_iter200_2opt_qualitybalanced_relocate,Final CPU configuration selected from pilot: quality-balanced memory-safe 2opt+bounded relocate,A-n37-k6,WOA,WOA,none,24,102050,40,200,949.0,1297.0,1297.0,36.670179135932564,36.670179135932564,6,6,100,100,True,True,True,0,0,0,0,0,0.34928540000004205,0.2548236000000088,120,4765
FINAL_P3D_pop40_iter200_2opt_qualitybalanced_relocate,Final CPU configuration selected from pilot: quality-balanced memory-safe 2opt+bounded relocate,A-n37-k6,WOA,WOA,none,25,102051,40,200,949.0,1356.0,1356.0,42.887249736564804,42.887249736564804,6,6,100,100,True,True,True,0,0,0,0,0,0.3106187999999861,0.10987710000000561,37,1472
FINAL_P3D_pop40_iter200_2opt_qualitybalanced_relocate,Final CPU configuration selected from pilot: quality-balanced memory-safe 2opt+bounded relocate,A-n37-k6,WOA,WOA,none,26,102052,40,200,949.0,1517.0,1517.0,59.852476290832456,59.852476290832456,6,6,100,100,True,True,True,0,0,0,0,0,0.33901619999994637,0.18403379999995195,83,3309
FINAL_P3D_pop40_iter200_2opt_qualitybalanced_relocate,Final CPU configuration selected from pilot: quality-balanced memory-safe 2opt+bounded relocate,A-n37-k6,WOA,WOA,none,27,102053,40,200,949.0,1200.0,1200.0,26.448893572181245,26.448893572181245,6,6,100,100,True,True,True,0,0,0,0,0,0.3989667999999824,0.3151012999999807,128,5082
FINAL_P3D_pop40_iter200_2opt_qualitybalanced_relocate,Final CPU configuration selected from pilot: quality-balanced memory-safe 2opt+bounded relocate,A-n37-k6,WOA,WOA,none,28,102054,40,200,949.0,1329.0,1329.0,40.042149631190725,40.042149631190725,6,6,99,100,True,True,True,0,0,0,0,0,0.33238730000005035,0.18351910000001226,94,3723
FINAL_P3D_pop40_iter200_2opt_qualitybalanced_relocate,Final CPU configuration selected from pilot: quality-balanced memory-safe 2opt+bounded relocate,A-n37-k6,WOA,WOA,none,29,102055,40,200,949.0,1359.0,1359.0,43.20337197049526,43.20337197049526,6,6,100,100,True,True,True,0,0,0,0,0,0.3379108000000315,0.18575480000004063,74,2932
FINAL_P3D_pop40_iter200_2opt_qualitybalanced_relocate,Final CPU configuration selected from pilot: quality-balanced memory-safe 2opt+bounded relocate,A-n37-k6,WOA,WOA,none,30,102056,40,200,949.0,1166.0,1166.0,22.866174920969442,22.866174920969442,6,6,99,100,True,True,True,0,0,0,0,0,0.5157206999999744,0.4416592000000037,143,5696
FINAL_P3D_pop40_iter200_2opt_qualitybalanced_relocate,Final CPU configuration selected from pilot: quality-balanced memory-safe 2opt+bounded relocate,A-n37-k6,SSA,SSA,none,1,103027,40,200,949.0,1454.0,1454.0,53.21390937829294,53.21390937829294,6,6,99,100,True,True,True,0,0,0,0,0,0.556574400000045,0.20153550000003406,50,1993
FINAL_P3D_pop40_iter200_2opt_qualitybalanced_relocate,Final CPU configuration selected from pilot: quality-balanced memory-safe 2opt+bounded relocate,A-n37-k6,SSA,SSA,none,2,103028,40,200,949.0,1378.0,1378.0,45.205479452054796,45.205479452054796,6,6,100,100,True,True,True,0,0,0,0,0,0.6628865999999789,0.2502420000000143,74,2950
FINAL_P3D_pop40_iter200_2opt_qualitybalanced_relocate,Final CPU configuration selected from pilot: quality-balanced memory-safe 2opt+bounded relocate,A-n37-k6,SSA,SSA,none,3,103029,40,200,949.0,1498.0,1498.0,57.85036880927292,57.85036880927292,6,6,100,100,True,True,True,0,0,0,0,0,0.44277349999998705,0.3519459999999981,128,5082
FINAL_P3D_pop40_iter200_2opt_qualitybalanced_relocate,Final CPU configuration selected from pilot: quality-balanced memory-safe 2opt+bounded relocate,A-n37-k6,SSA,SSA,none,4,103030,40,200,949.0,1496.0,1496.0,57.639620653319284,57.639620653319284,6,6,99,100,True,True,True,0,0,0,0,0,0.47251820000002454,0.4244798000000287,156,6232
FINAL_P3D_pop40_iter200_2opt_qualitybalanced_relocate,Final CPU configuration selected from pilot: quality-balanced memory-safe 2opt+bounded relocate,A-n37-k6,SSA,SSA,none,5,103031,40,200,949.0,1322.0,1322.0,39.304531085353005,39.304531085353005,6,6,100,100,True,True,True,0,0,0,0,0,0.4960423999999648,0.49171100000000934,197,7843
FINAL_P3D_pop40_iter200_2opt_qualitybalanced_relocate,Final CPU configuration selected from pilot: quality-balanced memory-safe 2opt+bounded relocate,A-n37-k6,SSA,SSA,none,6,103032,40,200,949.0,1364.0,1364.0,43.73024236037935,43.73024236037935,6,6,99,100,True,True,True,0,0,0,0,0,0.7738875999999664,0.7396605999999792,190,7563
FINAL_P3D_pop40_iter200_2opt_qualitybalanced_relocate,Final CPU configuration selected from pilot: quality-balanced memory-safe 2opt+bounded relocate,A-n37-k6,SSA,SSA,none,7,103033,40,200,949.0,1414.0,1414.0,48.99894625922023,48.99894625922023,6,6,99,100,True,True,True,0,0,0,0,0,0.6995709999999917,0.5262286999999901,148,5881
FINAL_P3D_pop40_iter200_2opt_qualitybalanced_relocate,Final CPU configuration selected from pilot: quality-balanced memory-safe 2opt+bounded relocate,A-n37-k6,SSA,SSA,none,8,103034,40,200,949.0,1494.0,1494.0,57.428872497365646,57.428872497365646,6,6,97,100,True,True,True,0,0,0,0,0,0.6037395999999831,0.4795444999999745,152,6047
FINAL_P3D_pop40_iter200_2opt_qualitybalanced_relocate,Final CPU configuration selected from pilot: quality-balanced memory-safe 2opt+bounded relocate,A-n37-k6,SSA,SSA,none,9,103035,40,200,949.0,1460.0,1460.0,53.84615384615385,53.84615384615385,6,6,100,100,True,True,True,0,0,0,0,0,0.63462880000003,0.13265310000002728,40,1597
FINAL_P3D_pop40_iter200_2opt_qualitybalanced_relocate,Final CPU configuration selected from pilot: quality-balanced memory-safe 2opt+bounded relocate,A-n37-k6,SSA,SSA,none,10,103036,40,200,949.0,1399.0,1399.0,47.41833508956797,47.41833508956797,6,6,100,100,True,True,True,0,0,0,0,0,0.485818399999971,0.43625739999998814,155,6161
FINAL_P3D_pop40_iter200_2opt_qualitybalanced_relocate,Final CPU configuration selected from pilot: quality-balanced memory-safe 2opt+bounded relocate,A-n37-k6,SSA,SSA,none,11,103037,40,200,949.0,1474.0,1474.0,55.32139093782929,55.32139093782929,6,6,100,100,True,True,True,0,0,0,0,0,0.6167948000000365,0.13165200000003097,40,1597
FINAL_P3D_pop40_iter200_2opt_qualitybalanced_relocate,Final CPU configuration selected from pilot: quality-balanced memory-safe 2opt+bounded relocate,A-n37-k6,SSA,SSA,none,12,103038,40,200,949.0,1497.0,1497.0,57.7449947312961,57.7449947312961,6,6,99,100,True,True,True,0,0,0,0,0,0.5183973999999694,0.4329682000000048,130,5175
FINAL_P3D_pop40_iter200_2opt_qualitybalanced_relocate,Final CPU configuration selected from pilot: quality-balanced memory-safe 2opt+bounded relocate,A-n37-k6,SSA,SSA,none,13,103039,40,200,949.0,1358.0,1358.0,43.09799789251844,43.09799789251844,6,6,99,100,True,True,True,0,0,0,0,0,0.6104918999999995,0.5417262000000278,179,7125
FINAL_P3D_pop40_iter200_2opt_qualitybalanced_relocate,Final CPU configuration selected from pilot: quality-balanced memory-safe 2opt+bounded relocate,A-n37-k6,SSA,SSA,none,14,103040,40,200,949.0,1454.0,1454.0,53.21390937829294,53.21390937829294,6,6,100,100,True,True,True,0,0,0,0,0,0.5176506999999901,0.4301566000000321,139,5522
FINAL_P3D_pop40_iter200_2opt_qualitybalanced_relocate,Final CPU configuration selected from pilot: quality-balanced memory-safe 2opt+bounded relocate,A-n37-k6,SSA,SSA,none,15,103041,40,200,949.0,1476.0,1476.0,55.53213909378293,55.53213909378293,6,6,99,100,True,True,True,0,0,0,0,0,0.6036388999999645,0.29909989999998743,90,3584
FINAL_P3D_pop40_iter200_2opt_qualitybalanced_relocate,Final CPU configuration selected from pilot: quality-balanced memory-safe 2opt+bounded relocate,A-n37-k6,SSA,SSA,none,16,103042,40,200,949.0,1338.0,1338.0,40.99051633298209,40.99051633298209,6,6,99,100,True,True,True,0,0,0,0,0,0.6764970000000403,0.5918118000000163,170,6761
FINAL_P3D_pop40_iter200_2opt_qualitybalanced_relocate,Final CPU configuration selected from pilot: quality-balanced memory-safe 2opt+bounded relocate,A-n37-k6,SSA,SSA,none,17,103043,40,200,949.0,1368.0,1368.0,44.15173867228662,44.15173867228662,6,6,100,100,True,True,True,0,0,0,0,0,0.6606170999999676,0.577850699999999,168,6682
FINAL_P3D_pop40_iter200_2opt_qualitybalanced_relocate,Final CPU configuration selected from pilot: quality-balanced memory-safe 2opt+bounded relocate,A-n37-k6,SSA,SSA,none,18,103044,40,200,949.0,1433.0,1433.0,51.00105374077977,51.00105374077977,6,6,100,100,True,True,True,0,0,0,0,0,0.5647119000000203,0.5591822000000093,196,7832
FINAL_P3D_pop40_iter200_2opt_qualitybalanced_relocate,Final CPU configuration selected from pilot: quality-balanced memory-safe 2opt+bounded relocate,A-n37-k6,SSA,SSA,none,19,103045,40,200,949.0,1437.0,1437.0,51.422550052687036,51.422550052687036,6,6,100,100,True,True,True,0,0,0,0,0,0.5328928000000133,0.4755963000000065,156,6202
FINAL_P3D_pop40_iter200_2opt_qualitybalanced_relocate,Final CPU configuration selected from pilot: quality-balanced memory-safe 2opt+bounded relocate,A-n37-k6,SSA,SSA,none,20,103046,40,200,949.0,1481.0,1481.0,56.05900948366702,56.05900948366702,6,6,100,100,True,True,True,0,0,0,0,0,0.5534265000000005,0.47325059999997166,158,6281
FINAL_P3D_pop40_iter200_2opt_qualitybalanced_relocate,Final CPU configuration selected from pilot: quality-balanced memory-safe 2opt+bounded relocate,A-n37-k6,SSA,SSA,none,21,103047,40,200,949.0,1566.0,1566.0,65.01580611169652,65.01580611169652,6,6,100,100,True,True,True,0,0,0,0,0,0.5778606000000082,0.12163859999998294,34,1343
FINAL_P3D_pop40_iter200_2opt_qualitybalanced_relocate,Final CPU configuration selected from pilot: quality-balanced memory-safe 2opt+bounded relocate,A-n37-k6,SSA,SSA,none,22,103048,40,200,949.0,1410.0,1410.0,48.577449947312964,48.577449947312964,6,6,99,100,True,True,True,0,0,0,0,0,0.5350376000000097,0.47107840000001033,155,6177
FINAL_P3D_pop40_iter200_2opt_qualitybalanced_relocate,Final CPU configuration selected from pilot: quality-balanced memory-safe 2opt+bounded relocate,A-n37-k6,SSA,SSA,none,23,103049,40,200,949.0,1395.0,1395.0,46.9968387776607,46.9968387776607,6,6,100,100,True,True,True,0,0,0,0,0,0.5630438000000026,0.5555110000000241,194,7722
FINAL_P3D_pop40_iter200_2opt_qualitybalanced_relocate,Final CPU configuration selected from pilot: quality-balanced memory-safe 2opt+bounded relocate,A-n37-k6,SSA,SSA,none,24,103050,40,200,949.0,1395.0,1395.0,46.9968387776607,46.9968387776607,6,6,100,100,True,True,True,0,0,0,0,0,0.6413393000000269,0.4799669000000222,141,5637
FINAL_P3D_pop40_iter200_2opt_qualitybalanced_relocate,Final CPU configuration selected from pilot: quality-balanced memory-safe 2opt+bounded relocate,A-n37-k6,SSA,SSA,none,25,103051,40,200,949.0,1483.0,1483.0,56.26975763962065,56.26975763962065,6,6,100,100,True,True,True,0,0,0,0,0,0.5880387000000269,0.24756389999998873,71,2840
FINAL_P3D_pop40_iter200_2opt_qualitybalanced_relocate,Final CPU configuration selected from pilot: quality-balanced memory-safe 2opt+bounded relocate,A-n37-k6,SSA,SSA,none,26,103052,40,200,949.0,1407.0,1407.0,48.26132771338251,48.26132771338251,6,6,99,100,True,True,True,0,0,0,0,0,0.5335349999999721,0.4162249999999972,131,5202
FINAL_P3D_pop40_iter200_2opt_qualitybalanced_relocate,Final CPU configuration selected from pilot: quality-balanced memory-safe 2opt+bounded relocate,A-n37-k6,SSA,SSA,none,27,103053,40,200,949.0,1481.0,1481.0,56.05900948366702,56.05900948366702,6,6,100,100,True,True,True,0,0,0,0,0,0.5748446000000058,0.18014749999997548,53,2109
FINAL_P3D_pop40_iter200_2opt_qualitybalanced_relocate,Final CPU configuration selected from pilot: quality-balanced memory-safe 2opt+bounded relocate,A-n37-k6,SSA,SSA,none,28,103054,40,200,949.0,1385.0,1385.0,45.943097997892515,45.943097997892515,6,6,100,100,True,True,True,0,0,0,0,0,0.5690362999999934,0.4722499999999741,151,6001
FINAL_P3D_pop40_iter200_2opt_qualitybalanced_relocate,Final CPU configuration selected from pilot: quality-balanced memory-safe 2opt+bounded relocate,A-n37-k6,SSA,SSA,none,29,103055,40,200,949.0,1509.0,1509.0,59.00948366701791,59.00948366701791,6,6,100,100,True,True,True,0,0,0,0,0,0.5245646000000193,0.018612599999983104,6,231
FINAL_P3D_pop40_iter200_2opt_qualitybalanced_relocate,Final CPU configuration selected from pilot: quality-balanced memory-safe 2opt+bounded relocate,A-n37-k6,SSA,SSA,none,30,103056,40,200,949.0,1280.0,1280.0,34.87881981032666,34.87881981032666,6,6,100,100,True,True,True,0,0,0,0,0,0.5510660999999573,0.09279299999997193,29,1157
FINAL_P3D_pop40_iter200_2opt_qualitybalanced_relocate,Final CPU configuration selected from pilot: quality-balanced memory-safe 2opt+bounded relocate,A-n37-k6,M-WOA,WOA,2opt_qualitybalanced_relocate,1,104027,40,200,949.0,977.0,977.0,2.9504741833508956,2.9504741833508956,6,6,100,100,True,True,True,0,0,0,0,0,4.12633390000002,0.21752730000002884,12,448
FINAL_P3D_pop40_iter200_2opt_qualitybalanced_relocate,Final CPU configuration selected from pilot: quality-balanced memory-safe 2opt+bounded relocate,A-n37-k6,M-WOA,WOA,2opt_qualitybalanced_relocate,2,104028,40,200,949.0,966.0,966.0,1.791359325605901,1.791359325605901,6,6,100,100,True,True,True,0,0,0,0,0,4.232750099999976,1.6836794999999825,80,3172
FINAL_P3D_pop40_iter200_2opt_qualitybalanced_relocate,Final CPU configuration selected from pilot: quality-balanced memory-safe 2opt+bounded relocate,A-n37-k6,M-WOA,WOA,2opt_qualitybalanced_relocate,3,104029,40,200,949.0,1002.0,1002.0,5.584826132771338,5.584826132771338,6,6,100,100,True,True,True,0,0,0,0,0,3.3839949999999703,1.1271595999999704,58,2309
FINAL_P3D_pop40_iter200_2opt_qualitybalanced_relocate,Final CPU configuration selected from pilot: quality-balanced memory-safe 2opt+bounded relocate,A-n37-k6,M-WOA,WOA,2opt_qualitybalanced_relocate,4,104030,40,200,949.0,1008.0,1008.0,6.217070600632244,6.217070600632244,6,6,100,100,True,True,True,0,0,0,0,0,3.4917440000000397,1.766464400000018,93,3709
FINAL_P3D_pop40_iter200_2opt_qualitybalanced_relocate,Final CPU configuration selected from pilot: quality-balanced memory-safe 2opt+bounded relocate,A-n37-k6,M-WOA,WOA,2opt_qualitybalanced_relocate,5,104031,40,200,949.0,973.0,973.0,2.528977871443625,2.528977871443625,6,6,100,100,True,True,True,0,0,0,0,0,4.4960770999999795,1.1963571000000002,57,2241
FINAL_P3D_pop40_iter200_2opt_qualitybalanced_relocate,Final CPU configuration selected from pilot: quality-balanced memory-safe 2opt+bounded relocate,A-n37-k6,M-WOA,WOA,2opt_qualitybalanced_relocate,6,104032,40,200,949.0,1006.0,1006.0,6.006322444678609,6.006322444678609,6,6,100,100,True,True,True,0,0,0,0,0,3.982814000000019,2.5978529999999864,135,5389
FINAL_P3D_pop40_iter200_2opt_qualitybalanced_relocate,Final CPU configuration selected from pilot: quality-balanced memory-safe 2opt+bounded relocate,A-n37-k6,M-WOA,WOA,2opt_qualitybalanced_relocate,7,104033,40,200,949.0,1001.0,1001.0,5.47945205479452,5.47945205479452,6,6,100,100,True,True,True,0,0,0,0,0,3.6461818999999878,1.8822159000000056,104,4127
FINAL_P3D_pop40_iter200_2opt_qualitybalanced_relocate,Final CPU configuration selected from pilot: quality-balanced memory-safe 2opt+bounded relocate,A-n37-k6,M-WOA,WOA,2opt_qualitybalanced_relocate,8,104034,40,200,949.0,982.0,982.0,3.4773445732349844,3.4773445732349844,6,6,100,100,True,True,True,0,0,0,0,0,4.1295901999999955,3.836480100000017,187,7442
FINAL_P3D_pop40_iter200_2opt_qualitybalanced_relocate,Final CPU configuration selected from pilot: quality-balanced memory-safe 2opt+bounded relocate,A-n37-k6,M-WOA,WOA,2opt_qualitybalanced_relocate,9,104035,40,200,949.0,1000.0,1000.0,5.374077976817703,5.374077976817703,6,6,100,100,True,True,True,0,0,0,0,0,3.5040811999999733,0.5480837000000065,29,1137
FINAL_P3D_pop40_iter200_2opt_qualitybalanced_relocate,Final CPU configuration selected from pilot: quality-balanced memory-safe 2opt+bounded relocate,A-n37-k6,M-WOA,WOA,2opt_qualitybalanced_relocate,10,104036,40,200,949.0,1022.0,1022.0,7.6923076923076925,7.6923076923076925,6,6,100,100,True,True,True,0,0,0,0,0,2.8838085000000433,1.6289326000000415,100,3995
FINAL_P3D_pop40_iter200_2opt_qualitybalanced_relocate,Final CPU configuration selected from pilot: quality-balanced memory-safe 2opt+bounded relocate,A-n37-k6,M-WOA,WOA,2opt_qualitybalanced_relocate,11,104037,40,200,949.0,955.0,955.0,0.6322444678609063,0.6322444678609063,6,6,100,100,True,True,True,0,0,0,0,0,2.6972641999999496,0.8232916999999702,43,1685
FINAL_P3D_pop40_iter200_2opt_qualitybalanced_relocate,Final CPU configuration selected from pilot: quality-balanced memory-safe 2opt+bounded relocate,A-n37-k6,M-WOA,WOA,2opt_qualitybalanced_relocate,12,104038,40,200,949.0,1004.0,1004.0,5.795574288724974,5.795574288724974,6,6,99,100,True,True,True,0,0,0,0,0,3.5789039000000002,0.5880195000000299,31,1201
FINAL_P3D_pop40_iter200_2opt_qualitybalanced_relocate,Final CPU configuration selected from pilot: quality-balanced memory-safe 2opt+bounded relocate,A-n37-k6,M-WOA,WOA,2opt_qualitybalanced_relocate,13,104039,40,200,949.0,970.0,970.0,2.212855637513172,2.212855637513172,6,6,100,100,True,True,True,0,0,0,0,0,2.8100359000000026,2.0308741000000055,125,4976
FINAL_P3D_pop40_iter200_2opt_qualitybalanced_relocate,Final CPU configuration selected from pilot: quality-balanced memory-safe 2opt+bounded relocate,A-n37-k6,M-WOA,WOA,2opt_qualitybalanced_relocate,14,104040,40,200,949.0,1040.0,1040.0,9.58904109589041,9.58904109589041,6,6,100,100,True,True,True,0,0,0,0,0,3.348866199999975,2.0687297999999714,121,4803
FINAL_P3D_pop40_iter200_2opt_qualitybalanced_relocate,Final CPU configuration selected from pilot: quality-balanced memory-safe 2opt+bounded relocate,A-n37-k6,M-WOA,WOA,2opt_qualitybalanced_relocate,15,104041,40,200,949.0,1008.0,1008.0,6.217070600632244,6.217070600632244,6,6,100,100,True,True,True,0,0,0,0,0,3.7490078000000153,3.0411929999999643,160,6370
FINAL_P3D_pop40_iter200_2opt_qualitybalanced_relocate,Final CPU configuration selected from pilot: quality-balanced memory-safe 2opt+bounded relocate,A-n37-k6,M-WOA,WOA,2opt_qualitybalanced_relocate,16,104042,40,200,949.0,991.0,991.0,4.425711275026344,4.425711275026344,6,6,100,100,True,True,True,0,0,0,0,0,3.226392400000009,0.7530418000000054,40,1568
FINAL_P3D_pop40_iter200_2opt_qualitybalanced_relocate,Final CPU configuration selected from pilot: quality-balanced memory-safe 2opt+bounded relocate,A-n37-k6,M-WOA,WOA,2opt_qualitybalanced_relocate,17,104043,40,200,949.0,1034.0,1034.0,8.956796628029505,8.956796628029505,6,6,100,100,True,True,True,0,0,0,0,0,3.545976699999983,1.527290999999991,83,3284
FINAL_P3D_pop40_iter200_2opt_qualitybalanced_relocate,Final CPU configuration selected from pilot: quality-balanced memory-safe 2opt+bounded relocate,A-n37-k6,M-WOA,WOA,2opt_qualitybalanced_relocate,18,104044,40,200,949.0,1023.0,1023.0,7.79768177028451,7.79768177028451,6,6,100,100,True,True,True,0,0,0,0,0,3.424404900000013,1.2168452999999886,69,2732
FINAL_P3D_pop40_iter200_2opt_qualitybalanced_relocate,Final CPU configuration selected from pilot: quality-balanced memory-safe 2opt+bounded relocate,A-n37-k6,M-WOA,WOA,2opt_qualitybalanced_relocate,19,104045,40,200,949.0,985.0,985.0,3.793466807165437,3.793466807165437,6,6,100,100,True,True,True,0,0,0,0,0,3.7593753000000447,0.6758352000000514,36,1411
FINAL_P3D_pop40_iter200_2opt_qualitybalanced_relocate,Final CPU configuration selected from pilot: quality-balanced memory-safe 2opt+bounded relocate,A-n37-k6,M-WOA,WOA,2opt_qualitybalanced_relocate,20,104046,40,200,949.0,1000.0,1000.0,5.374077976817703,5.374077976817703,6,6,99,100,True,True,True,0,0,0,0,0,3.3208143999999606,2.208891899999969,123,4900
FINAL_P3D_pop40_iter200_2opt_qualitybalanced_relocate,Final CPU configuration selected from pilot: quality-balanced memory-safe 2opt+bounded relocate,A-n37-k6,M-WOA,WOA,2opt_qualitybalanced_relocate,21,104047,40,200,949.0,1045.0,1045.0,10.1159114857745,10.1159114857745,6,6,100,100,True,True,True,0,0,0,0,0,5.486810400000024,1.1802615999999944,62,2463
FINAL_P3D_pop40_iter200_2opt_qualitybalanced_relocate,Final CPU configuration selected from pilot: quality-balanced memory-safe 2opt+bounded relocate,A-n37-k6,M-WOA,WOA,2opt_qualitybalanced_relocate,22,104048,40,200,949.0,1034.0,1034.0,8.956796628029505,8.956796628029505,6,6,98,100,True,True,True,0,0,0,0,0,3.1278494000000023,1.1953980000000115,73,2888
FINAL_P3D_pop40_iter200_2opt_qualitybalanced_relocate,Final CPU configuration selected from pilot: quality-balanced memory-safe 2opt+bounded relocate,A-n37-k6,M-WOA,WOA,2opt_qualitybalanced_relocate,23,104049,40,200,949.0,995.0,995.0,4.847207586933615,4.847207586933615,6,6,100,100,True,True,True,0,0,0,0,0,5.597951899999998,4.896301300000005,164,6559
FINAL_P3D_pop40_iter200_2opt_qualitybalanced_relocate,Final CPU configuration selected from pilot: quality-balanced memory-safe 2opt+bounded relocate,A-n37-k6,M-WOA,WOA,2opt_qualitybalanced_relocate,24,104050,40,200,949.0,983.0,983.0,3.582718651211802,3.582718651211802,6,6,100,100,True,True,True,0,0,0,0,0,4.064049999999952,4.0410580999999866,199,7949
FINAL_P3D_pop40_iter200_2opt_qualitybalanced_relocate,Final CPU configuration selected from pilot: quality-balanced memory-safe 2opt+bounded relocate,A-n37-k6,M-WOA,WOA,2opt_qualitybalanced_relocate,25,104051,40,200,949.0,1041.0,1041.0,9.69441517386723,9.69441517386723,6,6,100,100,True,True,True,0,0,0,0,0,2.7617696000000365,1.9441947999999911,109,4354
FINAL_P3D_pop40_iter200_2opt_qualitybalanced_relocate,Final CPU configuration selected from pilot: quality-balanced memory-safe 2opt+bounded relocate,A-n37-k6,M-WOA,WOA,2opt_qualitybalanced_relocate,26,104052,40,200,949.0,1009.0,1009.0,6.322444678609062,6.322444678609062,6,6,98,100,True,True,True,0,0,0,0,0,4.767687299999977,1.1768629000000033,53,2100
FINAL_P3D_pop40_iter200_2opt_qualitybalanced_relocate,Final CPU configuration selected from pilot: quality-balanced memory-safe 2opt+bounded relocate,A-n37-k6,M-WOA,WOA,2opt_qualitybalanced_relocate,27,104053,40,200,949.0,976.0,976.0,2.845100105374078,2.845100105374078,6,6,100,100,True,True,True,0,0,0,0,0,6.273717499999975,1.098379199999954,45,1792
FINAL_P3D_pop40_iter200_2opt_qualitybalanced_relocate,Final CPU configuration selected from pilot: quality-balanced memory-safe 2opt+bounded relocate,A-n37-k6,M-WOA,WOA,2opt_qualitybalanced_relocate,28,104054,40,200,949.0,1007.0,1007.0,6.111696522655427,6.111696522655427,6,6,99,100,True,True,True,0,0,0,0,0,4.136467399999901,0.8156547999999475,43,1686
FINAL_P3D_pop40_iter200_2opt_qualitybalanced_relocate,Final CPU configuration selected from pilot: quality-balanced memory-safe 2opt+bounded relocate,A-n37-k6,M-WOA,WOA,2opt_qualitybalanced_relocate,29,104055,40,200,949.0,1088.0,1088.0,14.64699683877766,14.64699683877766,6,6,100,100,True,True,True,0,0,0,0,0,3.607800099999963,0.7156565999999884,37,1473
FINAL_P3D_pop40_iter200_2opt_qualitybalanced_relocate,Final CPU configuration selected from pilot: quality-balanced memory-safe 2opt+bounded relocate,A-n37-k6,M-WOA,WOA,2opt_qualitybalanced_relocate,30,104056,40,200,949.0,977.0,977.0,2.9504741833508956,2.9504741833508956,6,6,100,100,True,True,True,0,0,0,0,0,4.111807399999975,2.6886182000000645,120,4791
FINAL_P3D_pop40_iter200_2opt_qualitybalanced_relocate,Final CPU configuration selected from pilot: quality-balanced memory-safe 2opt+bounded relocate,A-n37-k6,M-SSA,SSA,2opt_qualitybalanced_relocate,1,105027,40,200,949.0,988.0,988.0,4.109589041095891,4.109589041095891,6,6,100,100,True,True,True,0,0,0,0,0,4.954546299999947,4.853762299999971,196,7804
FINAL_P3D_pop40_iter200_2opt_qualitybalanced_relocate,Final CPU configuration selected from pilot: quality-balanced memory-safe 2opt+bounded relocate,A-n37-k6,M-SSA,SSA,2opt_qualitybalanced_relocate,2,105028,40,200,949.0,966.0,966.0,1.791359325605901,1.791359325605901,6,6,100,100,True,True,True,0,0,0,0,0,6.27919780000002,5.219897500000002,161,6401
FINAL_P3D_pop40_iter200_2opt_qualitybalanced_relocate,Final CPU configuration selected from pilot: quality-balanced memory-safe 2opt+bounded relocate,A-n37-k6,M-SSA,SSA,2opt_qualitybalanced_relocate,3,105029,40,200,949.0,1013.0,1013.0,6.743940990516333,6.743940990516333,6,6,100,100,True,True,True,0,0,0,0,0,4.862236400000029,4.666900499999997,193,7685
FINAL_P3D_pop40_iter200_2opt_qualitybalanced_relocate,Final CPU configuration selected from pilot: quality-balanced memory-safe 2opt+bounded relocate,A-n37-k6,M-SSA,SSA,2opt_qualitybalanced_relocate,4,105030,40,200,949.0,1014.0,1014.0,6.8493150684931505,6.8493150684931505,6,6,100,100,True,True,True,0,0,0,0,0,8.59533829999998,6.755480300000045,156,6201
FINAL_P3D_pop40_iter200_2opt_qualitybalanced_relocate,Final CPU configuration selected from pilot: quality-balanced memory-safe 2opt+bounded relocate,A-n37-k6,M-SSA,SSA,2opt_qualitybalanced_relocate,5,105031,40,200,949.0,961.0,961.0,1.2644889357218125,1.2644889357218125,6,6,100,100,True,True,True,0,0,0,0,0,8.711199899999997,7.893749200000002,184,7328
FINAL_P3D_pop40_iter200_2opt_qualitybalanced_relocate,Final CPU configuration selected from pilot: quality-balanced memory-safe 2opt+bounded relocate,A-n37-k6,M-SSA,SSA,2opt_qualitybalanced_relocate,6,105032,40,200,949.0,985.0,985.0,3.793466807165437,3.793466807165437,6,6,100,100,True,True,True,0,0,0,0,0,9.2846495,7.996733600000084,166,6603
FINAL_P3D_pop40_iter200_2opt_qualitybalanced_relocate,Final CPU configuration selected from pilot: quality-balanced memory-safe 2opt+bounded relocate,A-n37-k6,M-SSA,SSA,2opt_qualitybalanced_relocate,7,105033,40,200,949.0,1011.0,1011.0,6.533192834562698,6.533192834562698,6,6,98,100,True,True,True,0,0,0,0,0,8.287717999999927,7.574923699999999,185,7362
FINAL_P3D_pop40_iter200_2opt_qualitybalanced_relocate,Final CPU configuration selected from pilot: quality-balanced memory-safe 2opt+bounded relocate,A-n37-k6,M-SSA,SSA,2opt_qualitybalanced_relocate,8,105034,40,200,949.0,1019.0,1019.0,7.376185458377239,7.376185458377239,6,6,99,100,True,True,True,0,0,0,0,0,9.452700199999981,9.305530100000055,197,7842
FINAL_P3D_pop40_iter200_2opt_qualitybalanced_relocate,Final CPU configuration selected from pilot: quality-balanced memory-safe 2opt+bounded relocate,A-n37-k6,M-SSA,SSA,2opt_qualitybalanced_relocate,9,105035,40,200,949.0,995.0,995.0,4.847207586933615,4.847207586933615,6,6,100,100,True,True,True,0,0,0,0,0,7.220151099999953,5.475592699999993,143,5683
FINAL_P3D_pop40_iter200_2opt_qualitybalanced_relocate,Final CPU configuration selected from pilot: quality-balanced memory-safe 2opt+bounded relocate,A-n37-k6,M-SSA,SSA,2opt_qualitybalanced_relocate,10,105036,40,200,949.0,1030.0,1030.0,8.535300316122234,8.535300316122234,6,6,100,100,True,True,True,0,0,0,0,0,4.727934699999992,3.3118500000000495,146,5833
FINAL_P3D_pop40_iter200_2opt_qualitybalanced_relocate,Final CPU configuration selected from pilot: quality-balanced memory-safe 2opt+bounded relocate,A-n37-k6,M-SSA,SSA,2opt_qualitybalanced_relocate,11,105037,40,200,949.0,982.0,982.0,3.4773445732349844,3.4773445732349844,6,6,100,100,True,True,True,0,0,0,0,0,4.4136709000000565,4.402632199999971,200,7976
FINAL_P3D_pop40_iter200_2opt_qualitybalanced_relocate,Final CPU configuration selected from pilot: quality-balanced memory-safe 2opt+bounded relocate,A-n37-k6,M-SSA,SSA,2opt_qualitybalanced_relocate,12,105038,40,200,949.0,978.0,978.0,3.0558482613277134,3.0558482613277134,6,6,100,100,True,True,True,0,0,0,0,0,4.57704190000004,4.520324200000005,198,7890
FINAL_P3D_pop40_iter200_2opt_qualitybalanced_relocate,Final CPU configuration selected from pilot: quality-balanced memory-safe 2opt+bounded relocate,A-n37-k6,M-SSA,SSA,2opt_qualitybalanced_relocate,13,105039,40,200,949.0,989.0,989.0,4.214963119072708,4.214963119072708,6,6,98,100,True,True,True,0,0,0,0,0,5.868901000000051,5.422527500000001,182,7242
FINAL_P3D_pop40_iter200_2opt_qualitybalanced_relocate,Final CPU configuration selected from pilot: quality-balanced memory-safe 2opt+bounded relocate,A-n37-k6,M-SSA,SSA,2opt_qualitybalanced_relocate,14,105040,40,200,949.0,975.0,975.0,2.73972602739726,2.73972602739726,6,6,100,100,True,True,True,0,0,0,0,0,4.218899100000044,3.0335340000000315,149,5956
FINAL_P3D_pop40_iter200_2opt_qualitybalanced_relocate,Final CPU configuration selected from pilot: quality-balanced memory-safe 2opt+bounded relocate,A-n37-k6,M-SSA,SSA,2opt_qualitybalanced_relocate,15,105041,40,200,949.0,1032.0,1032.0,8.74604847207587,8.74604847207587,6,6,97,100,True,True,True,0,0,0,0,0,4.433495499999935,3.6262997999999698,166,6601
FINAL_P3D_pop40_iter200_2opt_qualitybalanced_relocate,Final CPU configuration selected from pilot: quality-balanced memory-safe 2opt+bounded relocate,A-n37-k6,M-SSA,SSA,2opt_qualitybalanced_relocate,16,105042,40,200,949.0,976.0,976.0,2.845100105374078,2.845100105374078,6,6,100,100,True,True,True,0,0,0,0,0,4.47137029999999,4.408017899999891,198,7888
FINAL_P3D_pop40_iter200_2opt_qualitybalanced_relocate,Final CPU configuration selected from pilot: quality-balanced memory-safe 2opt+bounded relocate,A-n37-k6,M-SSA,SSA,2opt_qualitybalanced_relocate,17,105043,40,200,949.0,958.0,958.0,0.9483667017913593,0.9483667017913593,6,6,99,100,True,True,True,0,0,0,0,0,4.341489900000056,3.9582178000000567,183,7303
FINAL_P3D_pop40_iter200_2opt_qualitybalanced_relocate,Final CPU configuration selected from pilot: quality-balanced memory-safe 2opt+bounded relocate,A-n37-k6,M-SSA,SSA,2opt_qualitybalanced_relocate,18,105044,40,200,949.0,973.0,973.0,2.528977871443625,2.528977871443625,6,6,100,100,True,True,True,0,0,0,0,0,4.84944680000001,4.322255300000052,178,7081
FINAL_P3D_pop40_iter200_2opt_qualitybalanced_relocate,Final CPU configuration selected from pilot: quality-balanced memory-safe 2opt+bounded relocate,A-n37-k6,M-SSA,SSA,2opt_qualitybalanced_relocate,19,105045,40,200,949.0,994.0,994.0,4.7418335089567965,4.7418335089567965,6,6,100,100,True,True,True,0,0,0,0,0,4.027880799999934,3.645310399999971,182,7242
FINAL_P3D_pop40_iter200_2opt_qualitybalanced_relocate,Final CPU configuration selected from pilot: quality-balanced memory-safe 2opt+bounded relocate,A-n37-k6,M-SSA,SSA,2opt_qualitybalanced_relocate,20,105046,40,200,949.0,1014.0,1014.0,6.8493150684931505,6.8493150684931505,6,6,99,100,True,True,True,0,0,0,0,0,4.122834199999943,4.052439999999933,198,7881
FINAL_P3D_pop40_iter200_2opt_qualitybalanced_relocate,Final CPU configuration selected from pilot: quality-balanced memory-safe 2opt+bounded relocate,A-n37-k6,M-SSA,SSA,2opt_qualitybalanced_relocate,21,105047,40,200,949.0,1014.0,1014.0,6.8493150684931505,6.8493150684931505,6,6,100,100,True,True,True,0,0,0,0,0,4.171404100000018,3.312052300000005,163,6482
FINAL_P3D_pop40_iter200_2opt_qualitybalanced_relocate,Final CPU configuration selected from pilot: quality-balanced memory-safe 2opt+bounded relocate,A-n37-k6,M-SSA,SSA,2opt_qualitybalanced_relocate,22,105048,40,200,949.0,979.0,979.0,3.161222339304531,3.161222339304531,6,6,99,100,True,True,True,0,0,0,0,0,4.298203899999976,3.9922884000000067,188,7486
FINAL_P3D_pop40_iter200_2opt_qualitybalanced_relocate,Final CPU configuration selected from pilot: quality-balanced memory-safe 2opt+bounded relocate,A-n37-k6,M-SSA,SSA,2opt_qualitybalanced_relocate,23,105049,40,200,949.0,1009.0,1009.0,6.322444678609062,6.322444678609062,6,6,100,100,True,True,True,0,0,0,0,0,4.352213099999972,4.3282742999999755,200,7963
FINAL_P3D_pop40_iter200_2opt_qualitybalanced_relocate,Final CPU configuration selected from pilot: quality-balanced memory-safe 2opt+bounded relocate,A-n37-k6,M-SSA,SSA,2opt_qualitybalanced_relocate,24,105050,40,200,949.0,988.0,988.0,4.109589041095891,4.109589041095891,6,6,100,100,True,True,True,0,0,0,0,0,4.545648700000015,4.411277100000007,195,7767
FINAL_P3D_pop40_iter200_2opt_qualitybalanced_relocate,Final CPU configuration selected from pilot: quality-balanced memory-safe 2opt+bounded relocate,A-n37-k6,M-SSA,SSA,2opt_qualitybalanced_relocate,25,105051,40,200,949.0,969.0,969.0,2.107481559536354,2.107481559536354,6,6,99,100,True,True,True,0,0,0,0,0,4.652516300000002,3.786876099999972,162,6441
FINAL_P3D_pop40_iter200_2opt_qualitybalanced_relocate,Final CPU configuration selected from pilot: quality-balanced memory-safe 2opt+bounded relocate,A-n37-k6,M-SSA,SSA,2opt_qualitybalanced_relocate,26,105052,40,200,949.0,1025.0,1025.0,8.008429926238145,8.008429926238145,6,6,100,100,True,True,True,0,0,0,0,0,3.8629598999999644,3.142491899999982,163,6512
FINAL_P3D_pop40_iter200_2opt_qualitybalanced_relocate,Final CPU configuration selected from pilot: quality-balanced memory-safe 2opt+bounded relocate,A-n37-k6,M-SSA,SSA,2opt_qualitybalanced_relocate,27,105053,40,200,949.0,1025.0,1025.0,8.008429926238145,8.008429926238145,6,6,100,100,True,True,True,0,0,0,0,0,3.9326684000000114,3.7633078999999725,193,7681
FINAL_P3D_pop40_iter200_2opt_qualitybalanced_relocate,Final CPU configuration selected from pilot: quality-balanced memory-safe 2opt+bounded relocate,A-n37-k6,M-SSA,SSA,2opt_qualitybalanced_relocate,28,105054,40,200,949.0,992.0,992.0,4.531085353003161,4.531085353003161,6,6,100,100,True,True,True,0,0,0,0,0,4.095677099999989,4.013236899999924,197,7843
FINAL_P3D_pop40_iter200_2opt_qualitybalanced_relocate,Final CPU configuration selected from pilot: quality-balanced memory-safe 2opt+bounded relocate,A-n37-k6,M-SSA,SSA,2opt_qualitybalanced_relocate,29,105055,40,200,949.0,1021.0,1021.0,7.586933614330874,7.586933614330874,6,6,100,100,True,True,True,0,0,0,0,0,4.035294300000032,3.3131844000000683,164,6521
FINAL_P3D_pop40_iter200_2opt_qualitybalanced_relocate,Final CPU configuration selected from pilot: quality-balanced memory-safe 2opt+bounded relocate,A-n37-k6,M-SSA,SSA,2opt_qualitybalanced_relocate,30,105056,40,200,949.0,1004.0,1004.0,5.795574288724974,5.795574288724974,6,6,100,100,True,True,True,0,0,0,0,0,4.070320199999969,3.779731800000036,185,7364
FINAL_P3D_pop40_iter200_2opt_qualitybalanced_relocate,Final CPU configuration selected from pilot: quality-balanced memory-safe 2opt+bounded relocate,A-n45-k6,WOA,WOA,none,1,202027,40,200,944.0,1539.0,1539.0,63.029661016949156,63.029661016949156,6,6,100,100,True,True,True,0,0,0,0,0,0.7500337000000172,0.5862164000000121,103,4118
FINAL_P3D_pop40_iter200_2opt_qualitybalanced_relocate,Final CPU configuration selected from pilot: quality-balanced memory-safe 2opt+bounded relocate,A-n45-k6,WOA,WOA,none,2,202028,40,200,944.0,1437.0,1437.0,52.22457627118644,52.22457627118644,6,6,100,100,True,True,True,0,0,0,0,0,0.8348429000000124,0.419216800000072,87,3473
FINAL_P3D_pop40_iter200_2opt_qualitybalanced_relocate,Final CPU configuration selected from pilot: quality-balanced memory-safe 2opt+bounded relocate,A-n45-k6,WOA,WOA,none,3,202029,40,200,944.0,1392.0,1392.0,47.45762711864407,47.45762711864407,6,6,100,100,True,True,True,0,0,0,0,0,0.8115374999999858,0.7522104999999328,159,6351
FINAL_P3D_pop40_iter200_2opt_qualitybalanced_relocate,Final CPU configuration selected from pilot: quality-balanced memory-safe 2opt+bounded relocate,A-n45-k6,WOA,WOA,none,4,202030,40,200,944.0,1531.0,1531.0,62.182203389830505,62.182203389830505,6,6,100,100,True,True,True,0,0,0,0,0,0.6900574000000006,0.4515033999999787,80,3173
FINAL_P3D_pop40_iter200_2opt_qualitybalanced_relocate,Final CPU configuration selected from pilot: quality-balanced memory-safe 2opt+bounded relocate,A-n45-k6,WOA,WOA,none,5,202031,40,200,944.0,1730.0,1730.0,83.26271186440678,83.26271186440678,6,6,100,100,True,True,True,0,0,0,0,0,1.3972059999999829,0.15637900000001537,23,893
FINAL_P3D_pop40_iter200_2opt_qualitybalanced_relocate,Final CPU configuration selected from pilot: quality-balanced memory-safe 2opt+bounded relocate,A-n45-k6,WOA,WOA,none,6,202032,40,200,944.0,1514.0,1514.0,60.38135593220339,60.38135593220339,6,6,100,100,True,True,True,0,0,0,0,0,0.8539928000000145,0.7863177000000405,159,6357
FINAL_P3D_pop40_iter200_2opt_qualitybalanced_relocate,Final CPU configuration selected from pilot: quality-balanced memory-safe 2opt+bounded relocate,A-n45-k6,WOA,WOA,none,7,202033,40,200,944.0,1633.0,1633.0,72.98728813559322,72.98728813559322,6,6,100,100,True,True,True,0,0,0,0,0,0.543883400000027,0.27071030000001883,48,1919
FINAL_P3D_pop40_iter200_2opt_qualitybalanced_relocate,Final CPU configuration selected from pilot: quality-balanced memory-safe 2opt+bounded relocate,A-n45-k6,WOA,WOA,none,8,202034,40,200,944.0,1419.0,1419.0,50.317796610169495,50.317796610169495,6,6,99,100,True,True,True,0,0,0,0,0,0.7902154000000792,0.7047661999999946,135,5393
FINAL_P3D_pop40_iter200_2opt_qualitybalanced_relocate,Final CPU configuration selected from pilot: quality-balanced memory-safe 2opt+bounded relocate,A-n45-k6,WOA,WOA,none,9,202035,40,200,944.0,1414.0,1414.0,49.78813559322034,49.78813559322034,6,6,100,100,True,True,True,0,0,0,0,0,0.9322305000000597,0.8392413000000261,149,5952
FINAL_P3D_pop40_iter200_2opt_qualitybalanced_relocate,Final CPU configuration selected from pilot: quality-balanced memory-safe 2opt+bounded relocate,A-n45-k6,WOA,WOA,none,10,202036,40,200,944.0,1539.0,1539.0,63.029661016949156,63.029661016949156,6,6,100,100,True,True,True,0,0,0,0,0,0.6937216000000035,0.5207523000000265,88,3502
FINAL_P3D_pop40_iter200_2opt_qualitybalanced_relocate,Final CPU configuration selected from pilot: quality-balanced memory-safe 2opt+bounded relocate,A-n45-k6,WOA,WOA,none,11,202037,40,200,944.0,1589.0,1589.0,68.32627118644068,68.32627118644068,6,6,100,100,True,True,True,0,0,0,0,0,0.5799478000000136,0.4276792000000569,84,3330
FINAL_P3D_pop40_iter200_2opt_qualitybalanced_relocate,Final CPU configuration selected from pilot: quality-balanced memory-safe 2opt+bounded relocate,A-n45-k6,WOA,WOA,none,12,202038,40,200,944.0,1460.0,1460.0,54.66101694915254,54.66101694915254,6,6,100,100,True,True,True,0,0,0,0,0,0.7190846999999394,0.5911767000000054,103,4115
FINAL_P3D_pop40_iter200_2opt_qualitybalanced_relocate,Final CPU configuration selected from pilot: quality-balanced memory-safe 2opt+bounded relocate,A-n45-k6,WOA,WOA,none,13,202039,40,200,944.0,1504.0,1504.0,59.32203389830509,59.32203389830509,6,6,100,100,True,True,True,0,0,0,0,0,0.678079700000012,0.5292312999999922,100,3978
FINAL_P3D_pop40_iter200_2opt_qualitybalanced_relocate,Final CPU configuration selected from pilot: quality-balanced memory-safe 2opt+bounded relocate,A-n45-k6,WOA,WOA,none,14,202040,40,200,944.0,1494.0,1494.0,58.26271186440678,58.26271186440678,6,6,100,100,True,True,True,0,0,0,0,0,0.5889740999999731,0.25126479999994444,45,1784
FINAL_P3D_pop40_iter200_2opt_qualitybalanced_relocate,Final CPU configuration selected from pilot: quality-balanced memory-safe 2opt+bounded relocate,A-n45-k6,WOA,WOA,none,15,202041,40,200,944.0,1563.0,1563.0,65.57203389830508,65.57203389830508,6,6,100,100,True,True,True,0,0,0,0,0,0.6462997999999516,0.5450313999999707,121,4802
FINAL_P3D_pop40_iter200_2opt_qualitybalanced_relocate,Final CPU configuration selected from pilot: quality-balanced memory-safe 2opt+bounded relocate,A-n45-k6,WOA,WOA,none,16,202042,40,200,944.0,1882.0,1882.0,99.36440677966101,99.36440677966101,6,6,100,100,True,True,True,0,0,0,0,0,1.448199499999987,0.30513170000006085,45,1786
FINAL_P3D_pop40_iter200_2opt_qualitybalanced_relocate,Final CPU configuration selected from pilot: quality-balanced memory-safe 2opt+bounded relocate,A-n45-k6,WOA,WOA,none,17,202043,40,200,944.0,1532.0,1532.0,62.28813559322034,62.28813559322034,6,6,99,100,True,True,True,0,0,0,0,0,0.9458079999999427,0.7922843000000057,155,6176
FINAL_P3D_pop40_iter200_2opt_qualitybalanced_relocate,Final CPU configuration selected from pilot: quality-balanced memory-safe 2opt+bounded relocate,A-n45-k6,WOA,WOA,none,18,202044,40,200,944.0,1546.0,1546.0,63.771186440677965,63.771186440677965,6,6,100,100,True,True,True,0,0,0,0,0,0.7563059000000294,0.16810220000002118,26,1014
FINAL_P3D_pop40_iter200_2opt_qualitybalanced_relocate,Final CPU configuration selected from pilot: quality-balanced memory-safe 2opt+bounded relocate,A-n45-k6,WOA,WOA,none,19,202045,40,200,944.0,1492.0,1492.0,58.05084745762712,58.05084745762712,6,6,100,100,True,True,True,0,0,0,0,0,0.7561149000000569,0.36698520000004464,53,2104
FINAL_P3D_pop40_iter200_2opt_qualitybalanced_relocate,Final CPU configuration selected from pilot: quality-balanced memory-safe 2opt+bounded relocate,A-n45-k6,WOA,WOA,none,20,202046,40,200,944.0,1302.0,1302.0,37.92372881355932,37.92372881355932,6,6,100,100,True,True,True,0,0,0,0,0,0.6187082000000146,0.548229200000037,141,5637
FINAL_P3D_pop40_iter200_2opt_qualitybalanced_relocate,Final CPU configuration selected from pilot: quality-balanced memory-safe 2opt+bounded relocate,A-n45-k6,WOA,WOA,none,21,202047,40,200,944.0,1485.0,1485.0,57.309322033898304,57.309322033898304,6,6,100,100,True,True,True,0,0,0,0,0,0.7709118000000217,0.7227278000000297,157,6261
FINAL_P3D_pop40_iter200_2opt_qualitybalanced_relocate,Final CPU configuration selected from pilot: quality-balanced memory-safe 2opt+bounded relocate,A-n45-k6,WOA,WOA,none,22,202048,40,200,944.0,1585.0,1585.0,67.90254237288136,67.90254237288136,6,6,100,100,True,True,True,0,0,0,0,0,0.9734523999999283,0.9306957999999668,180,7161
FINAL_P3D_pop40_iter200_2opt_qualitybalanced_relocate,Final CPU configuration selected from pilot: quality-balanced memory-safe 2opt+bounded relocate,A-n45-k6,WOA,WOA,none,23,202049,40,200,944.0,1470.0,1470.0,55.720338983050844,55.720338983050844,6,6,100,100,True,True,True,0,0,0,0,0,0.8836200000000645,0.5227731999999605,81,3203
FINAL_P3D_pop40_iter200_2opt_qualitybalanced_relocate,Final CPU configuration selected from pilot: quality-balanced memory-safe 2opt+bounded relocate,A-n45-k6,WOA,WOA,none,24,202050,40,200,944.0,1538.0,1538.0,62.92372881355932,62.92372881355932,6,6,100,100,True,True,True,0,0,0,0,0,0.6184603000000379,0.5828497999999627,187,7457
FINAL_P3D_pop40_iter200_2opt_qualitybalanced_relocate,Final CPU configuration selected from pilot: quality-balanced memory-safe 2opt+bounded relocate,A-n45-k6,WOA,WOA,none,25,202051,40,200,944.0,1574.0,1574.0,66.73728813559322,66.73728813559322,6,6,100,100,True,True,True,0,0,0,0,0,0.7025692999999364,0.5811245999999528,112,4454
FINAL_P3D_pop40_iter200_2opt_qualitybalanced_relocate,Final CPU configuration selected from pilot: quality-balanced memory-safe 2opt+bounded relocate,A-n45-k6,WOA,WOA,none,26,202052,40,200,944.0,1433.0,1433.0,51.80084745762712,51.80084745762712,6,6,100,100,True,True,True,0,0,0,0,0,0.7720233000000007,0.7230234999999539,160,6393
FINAL_P3D_pop40_iter200_2opt_qualitybalanced_relocate,Final CPU configuration selected from pilot: quality-balanced memory-safe 2opt+bounded relocate,A-n45-k6,WOA,WOA,none,27,202053,40,200,944.0,1438.0,1438.0,52.33050847457627,52.33050847457627,6,6,100,100,True,True,True,0,0,0,0,0,0.7393170999999938,0.5918811000000233,115,4587
FINAL_P3D_pop40_iter200_2opt_qualitybalanced_relocate,Final CPU configuration selected from pilot: quality-balanced memory-safe 2opt+bounded relocate,A-n45-k6,WOA,WOA,none,28,202054,40,200,944.0,1297.0,1297.0,37.394067796610166,37.394067796610166,6,6,100,100,True,True,True,0,0,0,0,0,0.7391561000000593,0.5943514000000505,115,4579
FINAL_P3D_pop40_iter200_2opt_qualitybalanced_relocate,Final CPU configuration selected from pilot: quality-balanced memory-safe 2opt+bounded relocate,A-n45-k6,WOA,WOA,none,29,202055,40,200,944.0,1520.0,1520.0,61.016949152542374,61.016949152542374,6,6,100,100,True,True,True,0,0,0,0,0,0.9947389999999814,0.7435651999999209,132,5278
FINAL_P3D_pop40_iter200_2opt_qualitybalanced_relocate,Final CPU configuration selected from pilot: quality-balanced memory-safe 2opt+bounded relocate,A-n45-k6,WOA,WOA,none,30,202056,40,200,944.0,1545.0,1545.0,63.66525423728814,63.66525423728814,6,6,100,100,True,True,True,0,0,0,0,0,1.1912603000000672,0.8533823000000211,130,5180
FINAL_P3D_pop40_iter200_2opt_qualitybalanced_relocate,Final CPU configuration selected from pilot: quality-balanced memory-safe 2opt+bounded relocate,A-n45-k6,SSA,SSA,none,1,203027,40,200,944.0,1794.0,1794.0,90.04237288135593,90.04237288135593,6,6,100,100,True,True,True,0,0,0,0,0,1.5487506000000621,1.1614577000000281,151,6026
FINAL_P3D_pop40_iter200_2opt_qualitybalanced_relocate,Final CPU configuration selected from pilot: quality-balanced memory-safe 2opt+bounded relocate,A-n45-k6,SSA,SSA,none,2,203028,40,200,944.0,1650.0,1650.0,74.78813559322033,74.78813559322033,6,6,100,100,True,True,True,0,0,0,0,0,1.4891374999999698,1.304567299999917,174,6921
FINAL_P3D_pop40_iter200_2opt_qualitybalanced_relocate,Final CPU configuration selected from pilot: quality-balanced memory-safe 2opt+bounded relocate,A-n45-k6,SSA,SSA,none,3,203029,40,200,944.0,1817.0,1817.0,92.47881355932203,92.47881355932203,6,6,100,100,True,True,True,0,0,0,0,0,1.5319212999999081,1.446185700000001,189,7558
FINAL_P3D_pop40_iter200_2opt_qualitybalanced_relocate,Final CPU configuration selected from pilot: quality-balanced memory-safe 2opt+bounded relocate,A-n45-k6,SSA,SSA,none,4,203030,40,200,944.0,1701.0,1701.0,80.19067796610169,80.19067796610169,6,6,100,100,True,True,True,0,0,0,0,0,1.522755200000006,1.4389536999999564,189,7522
FINAL_P3D_pop40_iter200_2opt_qualitybalanced_relocate,Final CPU configuration selected from pilot: quality-balanced memory-safe 2opt+bounded relocate,A-n45-k6,SSA,SSA,none,5,203031,40,200,944.0,1838.0,1838.0,94.70338983050847,94.70338983050847,6,6,100,100,True,True,True,0,0,0,0,0,1.5436630000000378,0.6881382999999914,90,3582
FINAL_P3D_pop40_iter200_2opt_qualitybalanced_relocate,Final CPU configuration selected from pilot: quality-balanced memory-safe 2opt+bounded relocate,A-n45-k6,SSA,SSA,none,6,203032,40,200,944.0,1856.0,1856.0,96.61016949152543,96.61016949152543,6,6,100,100,True,True,True,0,0,0,0,0,1.5029797999999346,1.480846100000008,198,7881
FINAL_P3D_pop40_iter200_2opt_qualitybalanced_relocate,Final CPU configuration selected from pilot: quality-balanced memory-safe 2opt+bounded relocate,A-n45-k6,SSA,SSA,none,7,203033,40,200,944.0,1853.0,1853.0,96.29237288135593,96.29237288135593,6,6,100,100,True,True,True,0,0,0,0,0,1.5427872000000207,1.2704731000000038,165,6580
FINAL_P3D_pop40_iter200_2opt_qualitybalanced_relocate,Final CPU configuration selected from pilot: quality-balanced memory-safe 2opt+bounded relocate,A-n45-k6,SSA,SSA,none,8,203034,40,200,944.0,1801.0,1801.0,90.78389830508475,90.78389830508475,6,6,100,100,True,True,True,0,0,0,0,0,1.5321342000000868,1.3623565000000326,178,7081
FINAL_P3D_pop40_iter200_2opt_qualitybalanced_relocate,Final CPU configuration selected from pilot: quality-balanced memory-safe 2opt+bounded relocate,A-n45-k6,SSA,SSA,none,9,203035,40,200,944.0,1832.0,1832.0,94.0677966101695,94.0677966101695,6,6,100,100,True,True,True,0,0,0,0,0,1.4550194999999349,1.1925364999999601,162,6441
FINAL_P3D_pop40_iter200_2opt_qualitybalanced_relocate,Final CPU configuration selected from pilot: quality-balanced memory-safe 2opt+bounded relocate,A-n45-k6,SSA,SSA,none,10,203036,40,200,944.0,1765.0,1765.0,86.97033898305085,86.97033898305085,6,6,100,100,True,True,True,0,0,0,0,0,1.504487299999937,1.1915670999999293,157,6241
FINAL_P3D_pop40_iter200_2opt_qualitybalanced_relocate,Final CPU configuration selected from pilot: quality-balanced memory-safe 2opt+bounded relocate,A-n45-k6,SSA,SSA,none,11,203037,40,200,944.0,1735.0,1735.0,83.79237288135593,83.79237288135593,6,6,100,100,True,True,True,0,0,0,0,0,1.5006199999999126,1.2440520000000106,162,6441
FINAL_P3D_pop40_iter200_2opt_qualitybalanced_relocate,Final CPU configuration selected from pilot: quality-balanced memory-safe 2opt+bounded relocate,A-n45-k6,SSA,SSA,none,12,203038,40,200,944.0,1819.0,1819.0,92.69067796610169,92.69067796610169,6,6,100,100,True,True,True,0,0,0,0,0,1.5571699999999282,1.285647899999958,165,6586
FINAL_P3D_pop40_iter200_2opt_qualitybalanced_relocate,Final CPU configuration selected from pilot: quality-balanced memory-safe 2opt+bounded relocate,A-n45-k6,SSA,SSA,none,13,203039,40,200,944.0,1755.0,1755.0,85.91101694915254,85.91101694915254,6,6,100,100,True,True,True,0,0,0,0,0,1.5421185999999807,1.4528797000000395,189,7522
FINAL_P3D_pop40_iter200_2opt_qualitybalanced_relocate,Final CPU configuration selected from pilot: quality-balanced memory-safe 2opt+bounded relocate,A-n45-k6,SSA,SSA,none,14,203040,40,200,944.0,1865.0,1865.0,97.5635593220339,97.5635593220339,6,6,100,100,True,True,True,0,0,0,0,0,1.561369300000024,1.0891194000000723,140,5579
FINAL_P3D_pop40_iter200_2opt_qualitybalanced_relocate,Final CPU configuration selected from pilot: quality-balanced memory-safe 2opt+bounded relocate,A-n45-k6,SSA,SSA,none,15,203041,40,200,944.0,1776.0,1776.0,88.13559322033899,88.13559322033899,6,6,100,100,True,True,True,0,0,0,0,0,1.584324400000014,1.547677799999974,196,7802
FINAL_P3D_pop40_iter200_2opt_qualitybalanced_relocate,Final CPU configuration selected from pilot: quality-balanced memory-safe 2opt+bounded relocate,A-n45-k6,SSA,SSA,none,16,203042,40,200,944.0,1667.0,1667.0,76.58898305084746,76.58898305084746,6,6,99,100,True,True,True,0,0,0,0,0,1.5377756000000318,1.4498988999999938,189,7522
FINAL_P3D_pop40_iter200_2opt_qualitybalanced_relocate,Final CPU configuration selected from pilot: quality-balanced memory-safe 2opt+bounded relocate,A-n45-k6,SSA,SSA,none,17,203043,40,200,944.0,1741.0,1741.0,84.42796610169492,84.42796610169492,6,6,100,100,True,True,True,0,0,0,0,0,1.5592947000000095,1.4243337999999994,183,7296
FINAL_P3D_pop40_iter200_2opt_qualitybalanced_relocate,Final CPU configuration selected from pilot: quality-balanced memory-safe 2opt+bounded relocate,A-n45-k6,SSA,SSA,none,18,203044,40,200,944.0,1694.0,1694.0,79.44915254237289,79.44915254237289,6,6,100,100,True,True,True,0,0,0,0,0,1.51718029999995,1.4427759999999807,190,7585
FINAL_P3D_pop40_iter200_2opt_qualitybalanced_relocate,Final CPU configuration selected from pilot: quality-balanced memory-safe 2opt+bounded relocate,A-n45-k6,SSA,SSA,none,19,203045,40,200,944.0,1698.0,1698.0,79.87288135593221,79.87288135593221,6,6,100,100,True,True,True,0,0,0,0,0,1.5499457999999322,1.2010766999999305,153,6088
FINAL_P3D_pop40_iter200_2opt_qualitybalanced_relocate,Final CPU configuration selected from pilot: quality-balanced memory-safe 2opt+bounded relocate,A-n45-k6,SSA,SSA,none,20,203046,40,200,944.0,1722.0,1722.0,82.41525423728814,82.41525423728814,6,6,100,100,True,True,True,0,0,0,0,0,1.5282402000000275,1.452094699999975,190,7562
FINAL_P3D_pop40_iter200_2opt_qualitybalanced_relocate,Final CPU configuration selected from pilot: quality-balanced memory-safe 2opt+bounded relocate,A-n45-k6,SSA,SSA,none,21,203047,40,200,944.0,1756.0,1756.0,86.01694915254237,86.01694915254237,6,6,100,100,True,True,True,0,0,0,0,0,1.542392800000016,1.39667129999998,182,7241
FINAL_P3D_pop40_iter200_2opt_qualitybalanced_relocate,Final CPU configuration selected from pilot: quality-balanced memory-safe 2opt+bounded relocate,A-n45-k6,SSA,SSA,none,22,203048,40,200,944.0,1778.0,1778.0,88.34745762711864,88.34745762711864,6,6,100,100,True,True,True,0,0,0,0,0,1.522459700000013,1.5016511000000037,198,7881
FINAL_P3D_pop40_iter200_2opt_qualitybalanced_relocate,Final CPU configuration selected from pilot: quality-balanced memory-safe 2opt+bounded relocate,A-n45-k6,SSA,SSA,none,23,203049,40,200,944.0,1852.0,1852.0,96.1864406779661,96.1864406779661,6,6,100,100,True,True,True,0,0,0,0,0,1.5290785999999343,0.7552355999999918,98,3915
FINAL_P3D_pop40_iter200_2opt_qualitybalanced_relocate,Final CPU configuration selected from pilot: quality-balanced memory-safe 2opt+bounded relocate,A-n45-k6,SSA,SSA,none,24,203050,40,200,944.0,1763.0,1763.0,86.75847457627118,86.75847457627118,6,6,100,100,True,True,True,0,0,0,0,0,1.5080451999999696,1.0487218999999186,137,5441
FINAL_P3D_pop40_iter200_2opt_qualitybalanced_relocate,Final CPU configuration selected from pilot: quality-balanced memory-safe 2opt+bounded relocate,A-n45-k6,SSA,SSA,none,25,203051,40,200,944.0,1684.0,1684.0,78.38983050847457,78.38983050847457,6,6,100,100,True,True,True,0,0,0,0,0,1.5625671000000239,1.5382564999999886,198,7881
FINAL_P3D_pop40_iter200_2opt_qualitybalanced_relocate,Final CPU configuration selected from pilot: quality-balanced memory-safe 2opt+bounded relocate,A-n45-k6,SSA,SSA,none,26,203052,40,200,944.0,1870.0,1870.0,98.09322033898304,98.09322033898304,6,6,100,100,True,True,True,0,0,0,0,0,1.6021050000000514,0.890715699999987,115,4588
FINAL_P3D_pop40_iter200_2opt_qualitybalanced_relocate,Final CPU configuration selected from pilot: quality-balanced memory-safe 2opt+bounded relocate,A-n45-k6,SSA,SSA,none,27,203053,40,200,944.0,1724.0,1724.0,82.62711864406779,82.62711864406779,6,6,100,100,True,True,True,0,0,0,0,0,1.7101458000000775,1.6946081000000959,199,7921
FINAL_P3D_pop40_iter200_2opt_qualitybalanced_relocate,Final CPU configuration selected from pilot: quality-balanced memory-safe 2opt+bounded relocate,A-n45-k6,SSA,SSA,none,28,203054,40,200,944.0,1867.0,1867.0,97.77542372881356,97.77542372881356,6,6,100,100,True,True,True,0,0,0,0,0,1.6444783000000598,1.5279493000000457,186,7401
FINAL_P3D_pop40_iter200_2opt_qualitybalanced_relocate,Final CPU configuration selected from pilot: quality-balanced memory-safe 2opt+bounded relocate,A-n45-k6,SSA,SSA,none,29,203055,40,200,944.0,1856.0,1856.0,96.61016949152543,96.61016949152543,6,6,100,100,True,True,True,0,0,0,0,0,1.5917749000000185,1.4698032000000012,185,7361
FINAL_P3D_pop40_iter200_2opt_qualitybalanced_relocate,Final CPU configuration selected from pilot: quality-balanced memory-safe 2opt+bounded relocate,A-n45-k6,SSA,SSA,none,30,203056,40,200,944.0,1798.0,1798.0,90.46610169491525,90.46610169491525,6,6,100,100,True,True,True,0,0,0,0,0,1.675785000000019,0.7954795000000559,94,3752
FINAL_P3D_pop40_iter200_2opt_qualitybalanced_relocate,Final CPU configuration selected from pilot: quality-balanced memory-safe 2opt+bounded relocate,A-n45-k6,M-WOA,WOA,2opt_qualitybalanced_relocate,1,204027,40,200,944.0,1117.0,1117.0,18.326271186440678,18.326271186440678,6,6,100,100,True,True,True,0,0,0,0,0,4.352937599999905,4.197203999999942,187,7453
FINAL_P3D_pop40_iter200_2opt_qualitybalanced_relocate,Final CPU configuration selected from pilot: quality-balanced memory-safe 2opt+bounded relocate,A-n45-k6,M-WOA,WOA,2opt_qualitybalanced_relocate,2,204028,40,200,944.0,1121.0,1121.0,18.75,18.75,6,6,100,100,True,True,True,0,0,0,0,0,2.785403599999995,1.6853067000000692,96,3822
FINAL_P3D_pop40_iter200_2opt_qualitybalanced_relocate,Final CPU configuration selected from pilot: quality-balanced memory-safe 2opt+bounded relocate,A-n45-k6,M-WOA,WOA,2opt_qualitybalanced_relocate,3,204029,40,200,944.0,1037.0,1037.0,9.851694915254237,9.851694915254237,6,6,100,100,True,True,True,0,0,0,0,0,3.584515699999997,2.2805289000000357,99,3934
FINAL_P3D_pop40_iter200_2opt_qualitybalanced_relocate,Final CPU configuration selected from pilot: quality-balanced memory-safe 2opt+bounded relocate,A-n45-k6,M-WOA,WOA,2opt_qualitybalanced_relocate,4,204030,40,200,944.0,1082.0,1082.0,14.61864406779661,14.61864406779661,6,6,100,100,True,True,True,0,0,0,0,0,3.1745842000000266,0.7895701999999574,38,1519
FINAL_P3D_pop40_iter200_2opt_qualitybalanced_relocate,Final CPU configuration selected from pilot: quality-balanced memory-safe 2opt+bounded relocate,A-n45-k6,M-WOA,WOA,2opt_qualitybalanced_relocate,5,204031,40,200,944.0,1034.0,1034.0,9.533898305084746,9.533898305084746,6,6,100,100,True,True,True,0,0,0,0,0,3.6372668000000203,3.2523014000000785,156,6217
FINAL_P3D_pop40_iter200_2opt_qualitybalanced_relocate,Final CPU configuration selected from pilot: quality-balanced memory-safe 2opt+bounded relocate,A-n45-k6,M-WOA,WOA,2opt_qualitybalanced_relocate,6,204032,40,200,944.0,1182.0,1182.0,25.21186440677966,25.21186440677966,6,6,100,100,True,True,True,0,0,0,0,0,3.4381632000000764,1.3298974000000499,60,2361
FINAL_P3D_pop40_iter200_2opt_qualitybalanced_relocate,Final CPU configuration selected from pilot: quality-balanced memory-safe 2opt+bounded relocate,A-n45-k6,M-WOA,WOA,2opt_qualitybalanced_relocate,7,204033,40,200,944.0,1032.0,1032.0,9.322033898305085,9.322033898305085,6,6,100,100,True,True,True,0,0,0,0,0,3.2076461999999992,2.5639783999999963,130,5162
FINAL_P3D_pop40_iter200_2opt_qualitybalanced_relocate,Final CPU configuration selected from pilot: quality-balanced memory-safe 2opt+bounded relocate,A-n45-k6,M-WOA,WOA,2opt_qualitybalanced_relocate,8,204034,40,200,944.0,1239.0,1239.0,31.25,31.25,6,6,100,100,True,True,True,0,0,0,0,0,3.266940200000022,1.6810447000000295,75,2998
FINAL_P3D_pop40_iter200_2opt_qualitybalanced_relocate,Final CPU configuration selected from pilot: quality-balanced memory-safe 2opt+bounded relocate,A-n45-k6,M-WOA,WOA,2opt_qualitybalanced_relocate,9,204035,40,200,944.0,1207.0,1207.0,27.860169491525422,27.860169491525422,6,6,100,100,True,True,True,0,0,0,0,0,4.538952800000061,3.8213087000000314,160,6392
FINAL_P3D_pop40_iter200_2opt_qualitybalanced_relocate,Final CPU configuration selected from pilot: quality-balanced memory-safe 2opt+bounded relocate,A-n45-k6,M-WOA,WOA,2opt_qualitybalanced_relocate,10,204036,40,200,944.0,1259.0,1259.0,33.36864406779661,33.36864406779661,6,6,100,100,True,True,True,0,0,0,0,0,3.0119601000000102,1.804684199999997,83,3293
FINAL_P3D_pop40_iter200_2opt_qualitybalanced_relocate,Final CPU configuration selected from pilot: quality-balanced memory-safe 2opt+bounded relocate,A-n45-k6,M-WOA,WOA,2opt_qualitybalanced_relocate,11,204037,40,200,944.0,1006.0,1006.0,6.567796610169491,6.567796610169491,6,6,100,100,True,True,True,0,0,0,0,0,3.6415620000000217,3.47598210000001,179,7143
FINAL_P3D_pop40_iter200_2opt_qualitybalanced_relocate,Final CPU configuration selected from pilot: quality-balanced memory-safe 2opt+bounded relocate,A-n45-k6,M-WOA,WOA,2opt_qualitybalanced_relocate,12,204038,40,200,944.0,1173.0,1173.0,24.258474576271187,24.258474576271187,6,6,100,100,True,True,True,0,0,0,0,0,3.5163367999999764,1.4247414000000163,66,2619
FINAL_P3D_pop40_iter200_2opt_qualitybalanced_relocate,Final CPU configuration selected from pilot: quality-balanced memory-safe 2opt+bounded relocate,A-n45-k6,M-WOA,WOA,2opt_qualitybalanced_relocate,13,204039,40,200,944.0,1083.0,1083.0,14.724576271186441,14.724576271186441,6,6,100,100,True,True,True,0,0,0,0,0,3.762122800000043,1.1891125000000784,55,2169
FINAL_P3D_pop40_iter200_2opt_qualitybalanced_relocate,Final CPU configuration selected from pilot: quality-balanced memory-safe 2opt+bounded relocate,A-n45-k6,M-WOA,WOA,2opt_qualitybalanced_relocate,14,204040,40,200,944.0,1024.0,1024.0,8.474576271186441,8.474576271186441,6,6,100,100,True,True,True,0,0,0,0,0,3.686058399999979,2.4834478000000217,121,4808
FINAL_P3D_pop40_iter200_2opt_qualitybalanced_relocate,Final CPU configuration selected from pilot: quality-balanced memory-safe 2opt+bounded relocate,A-n45-k6,M-WOA,WOA,2opt_qualitybalanced_relocate,15,204041,40,200,944.0,1057.0,1057.0,11.970338983050848,11.970338983050848,6,6,100,100,True,True,True,0,0,0,0,0,3.3679742000000488,3.1566248000000314,173,6919
FINAL_P3D_pop40_iter200_2opt_qualitybalanced_relocate,Final CPU configuration selected from pilot: quality-balanced memory-safe 2opt+bounded relocate,A-n45-k6,M-WOA,WOA,2opt_qualitybalanced_relocate,16,204042,40,200,944.0,1171.0,1171.0,24.046610169491526,24.046610169491526,6,6,100,100,True,True,True,0,0,0,0,0,3.048312200000055,1.0075175000000627,44,1730
FINAL_P3D_pop40_iter200_2opt_qualitybalanced_relocate,Final CPU configuration selected from pilot: quality-balanced memory-safe 2opt+bounded relocate,A-n45-k6,M-WOA,WOA,2opt_qualitybalanced_relocate,17,204043,40,200,944.0,1020.0,1020.0,8.05084745762712,8.05084745762712,6,6,100,100,True,True,True,0,0,0,0,0,2.999453600000038,2.695613299999991,166,6628
FINAL_P3D_pop40_iter200_2opt_qualitybalanced_relocate,Final CPU configuration selected from pilot: quality-balanced memory-safe 2opt+bounded relocate,A-n45-k6,M-WOA,WOA,2opt_qualitybalanced_relocate,18,204044,40,200,944.0,1146.0,1146.0,21.39830508474576,21.39830508474576,6,6,100,100,True,True,True,0,0,0,0,0,2.6059503999999833,1.8061689999999544,96,3838
FINAL_P3D_pop40_iter200_2opt_qualitybalanced_relocate,Final CPU configuration selected from pilot: quality-balanced memory-safe 2opt+bounded relocate,A-n45-k6,M-WOA,WOA,2opt_qualitybalanced_relocate,19,204045,40,200,944.0,1048.0,1048.0,11.016949152542374,11.016949152542374,6,6,100,100,True,True,True,0,0,0,0,0,3.9414613000000145,3.423336600000084,155,6178
FINAL_P3D_pop40_iter200_2opt_qualitybalanced_relocate,Final CPU configuration selected from pilot: quality-balanced memory-safe 2opt+bounded relocate,A-n45-k6,M-WOA,WOA,2opt_qualitybalanced_relocate,20,204046,40,200,944.0,1098.0,1098.0,16.3135593220339,16.3135593220339,6,6,100,100,True,True,True,0,0,0,0,0,4.0627276000000165,3.703265600000009,174,6941
FINAL_P3D_pop40_iter200_2opt_qualitybalanced_relocate,Final CPU configuration selected from pilot: quality-balanced memory-safe 2opt+bounded relocate,A-n45-k6,M-WOA,WOA,2opt_qualitybalanced_relocate,21,204047,40,200,944.0,1133.0,1133.0,20.021186440677965,20.021186440677965,6,6,100,100,True,True,True,0,0,0,0,0,3.2369535999999925,0.935103599999934,39,1548
FINAL_P3D_pop40_iter200_2opt_qualitybalanced_relocate,Final CPU configuration selected from pilot: quality-balanced memory-safe 2opt+bounded relocate,A-n45-k6,M-WOA,WOA,2opt_qualitybalanced_relocate,22,204048,40,200,944.0,1055.0,1055.0,11.758474576271187,11.758474576271187,6,6,100,100,True,True,True,0,0,0,0,0,3.432532500000093,3.1013848000000053,162,6456
FINAL_P3D_pop40_iter200_2opt_qualitybalanced_relocate,Final CPU configuration selected from pilot: quality-balanced memory-safe 2opt+bounded relocate,A-n45-k6,M-WOA,WOA,2opt_qualitybalanced_relocate,23,204049,40,200,944.0,1176.0,1176.0,24.576271186440678,24.576271186440678,6,6,100,100,True,True,True,0,0,0,0,0,3.6688173000000006,1.2503306999999495,54,2144
FINAL_P3D_pop40_iter200_2opt_qualitybalanced_relocate,Final CPU configuration selected from pilot: quality-balanced memory-safe 2opt+bounded relocate,A-n45-k6,M-WOA,WOA,2opt_qualitybalanced_relocate,24,204050,40,200,944.0,1149.0,1149.0,21.716101694915253,21.716101694915253,6,6,100,100,True,True,True,0,0,0,0,0,3.5937251000000288,3.139370299999996,142,5647
FINAL_P3D_pop40_iter200_2opt_qualitybalanced_relocate,Final CPU configuration selected from pilot: quality-balanced memory-safe 2opt+bounded relocate,A-n45-k6,M-WOA,WOA,2opt_qualitybalanced_relocate,25,204051,40,200,944.0,1209.0,1209.0,28.072033898305083,28.072033898305083,6,6,100,100,True,True,True,0,0,0,0,0,2.5068206999999347,0.9480546999999433,47,1864
FINAL_P3D_pop40_iter200_2opt_qualitybalanced_relocate,Final CPU configuration selected from pilot: quality-balanced memory-safe 2opt+bounded relocate,A-n45-k6,M-WOA,WOA,2opt_qualitybalanced_relocate,26,204052,40,200,944.0,1045.0,1045.0,10.69915254237288,10.69915254237288,6,6,100,100,True,True,True,0,0,0,0,0,3.7081446999999343,2.451429199999893,107,4248
FINAL_P3D_pop40_iter200_2opt_qualitybalanced_relocate,Final CPU configuration selected from pilot: quality-balanced memory-safe 2opt+bounded relocate,A-n45-k6,M-WOA,WOA,2opt_qualitybalanced_relocate,27,204053,40,200,944.0,1070.0,1070.0,13.347457627118644,13.347457627118644,6,6,100,100,True,True,True,0,0,0,0,0,4.379957700000091,4.335841100000039,197,7845
FINAL_P3D_pop40_iter200_2opt_qualitybalanced_relocate,Final CPU configuration selected from pilot: quality-balanced memory-safe 2opt+bounded relocate,A-n45-k6,M-WOA,WOA,2opt_qualitybalanced_relocate,28,204054,40,200,944.0,1159.0,1159.0,22.77542372881356,22.77542372881356,6,6,99,100,True,True,True,0,0,0,0,0,4.0801940999999715,1.694146700000033,73,2882
FINAL_P3D_pop40_iter200_2opt_qualitybalanced_relocate,Final CPU configuration selected from pilot: quality-balanced memory-safe 2opt+bounded relocate,A-n45-k6,M-WOA,WOA,2opt_qualitybalanced_relocate,29,204055,40,200,944.0,1172.0,1172.0,24.152542372881356,24.152542372881356,6,6,100,100,True,True,True,0,0,0,0,0,3.438633600000003,2.1157160000000204,104,4139
FINAL_P3D_pop40_iter200_2opt_qualitybalanced_relocate,Final CPU configuration selected from pilot: quality-balanced memory-safe 2opt+bounded relocate,A-n45-k6,M-WOA,WOA,2opt_qualitybalanced_relocate,30,204056,40,200,944.0,1055.0,1055.0,11.758474576271187,11.758474576271187,6,6,100,100,True,True,True,0,0,0,0,0,3.475371500000051,0.7595707000000402,34,1338
FINAL_P3D_pop40_iter200_2opt_qualitybalanced_relocate,Final CPU configuration selected from pilot: quality-balanced memory-safe 2opt+bounded relocate,A-n45-k6,M-SSA,SSA,2opt_qualitybalanced_relocate,1,205027,40,200,944.0,1249.0,1249.0,32.309322033898304,32.309322033898304,6,6,100,100,True,True,True,0,0,0,0,0,5.153779999999983,4.058769600000005,156,6201
FINAL_P3D_pop40_iter200_2opt_qualitybalanced_relocate,Final CPU configuration selected from pilot: quality-balanced memory-safe 2opt+bounded relocate,A-n45-k6,M-SSA,SSA,2opt_qualitybalanced_relocate,2,205028,40,200,944.0,1192.0,1192.0,26.271186440677965,26.271186440677965,6,6,100,100,True,True,True,0,0,0,0,0,5.1955259999999726,4.395184200000017,170,6779
FINAL_P3D_pop40_iter200_2opt_qualitybalanced_relocate,Final CPU configuration selected from pilot: quality-balanced memory-safe 2opt+bounded relocate,A-n45-k6,M-SSA,SSA,2opt_qualitybalanced_relocate,3,205029,40,200,944.0,1269.0,1269.0,34.42796610169491,34.42796610169491,6,6,100,100,True,True,True,0,0,0,0,0,5.193377899999973,5.063597999999956,196,7801
FINAL_P3D_pop40_iter200_2opt_qualitybalanced_relocate,Final CPU configuration selected from pilot: quality-balanced memory-safe 2opt+bounded relocate,A-n45-k6,M-SSA,SSA,2opt_qualitybalanced_relocate,4,205030,40,200,944.0,1241.0,1241.0,31.46186440677966,31.46186440677966,6,6,100,100,True,True,True,0,0,0,0,0,5.210731499999952,4.804140599999982,186,7401
FINAL_P3D_pop40_iter200_2opt_qualitybalanced_relocate,Final CPU configuration selected from pilot: quality-balanced memory-safe 2opt+bounded relocate,A-n45-k6,M-SSA,SSA,2opt_qualitybalanced_relocate,5,205031,40,200,944.0,1142.0,1142.0,20.97457627118644,20.97457627118644,6,6,100,100,True,True,True,0,0,0,0,0,5.153285299999993,4.656679499999996,181,7202
FINAL_P3D_pop40_iter200_2opt_qualitybalanced_relocate,Final CPU configuration selected from pilot: quality-balanced memory-safe 2opt+bounded relocate,A-n45-k6,M-SSA,SSA,2opt_qualitybalanced_relocate,6,205032,40,200,944.0,1245.0,1245.0,31.885593220338983,31.885593220338983,6,6,100,100,True,True,True,0,0,0,0,0,5.20224189999999,4.036898399999927,158,6284
FINAL_P3D_pop40_iter200_2opt_qualitybalanced_relocate,Final CPU configuration selected from pilot: quality-balanced memory-safe 2opt+bounded relocate,A-n45-k6,M-SSA,SSA,2opt_qualitybalanced_relocate,7,205033,40,200,944.0,1190.0,1190.0,26.059322033898304,26.059322033898304,6,6,100,100,True,True,True,0,0,0,0,0,5.224135799999999,5.153593900000033,198,7898
FINAL_P3D_pop40_iter200_2opt_qualitybalanced_relocate,Final CPU configuration selected from pilot: quality-balanced memory-safe 2opt+bounded relocate,A-n45-k6,M-SSA,SSA,2opt_qualitybalanced_relocate,8,205034,40,200,944.0,1219.0,1219.0,29.13135593220339,29.13135593220339,6,6,100,100,True,True,True,0,0,0,0,0,5.082930900000065,4.072391000000039,161,6417
FINAL_P3D_pop40_iter200_2opt_qualitybalanced_relocate,Final CPU configuration selected from pilot: quality-balanced memory-safe 2opt+bounded relocate,A-n45-k6,M-SSA,SSA,2opt_qualitybalanced_relocate,9,205035,40,200,944.0,1267.0,1267.0,34.21610169491525,34.21610169491525,6,6,100,100,True,True,True,0,0,0,0,0,5.099896999999942,4.54032339999992,180,7161
FINAL_P3D_pop40_iter200_2opt_qualitybalanced_relocate,Final CPU configuration selected from pilot: quality-balanced memory-safe 2opt+bounded relocate,A-n45-k6,M-SSA,SSA,2opt_qualitybalanced_relocate,10,205036,40,200,944.0,1238.0,1238.0,31.14406779661017,31.14406779661017,6,6,100,100,True,True,True,0,0,0,0,0,5.1279049999999415,3.513667499999997,140,5586
FINAL_P3D_pop40_iter200_2opt_qualitybalanced_relocate,Final CPU configuration selected from pilot: quality-balanced memory-safe 2opt+bounded relocate,A-n45-k6,M-SSA,SSA,2opt_qualitybalanced_relocate,11,205037,40,200,944.0,1229.0,1229.0,30.190677966101696,30.190677966101696,6,6,100,100,True,True,True,0,0,0,0,0,5.196064999999976,5.036454700000036,195,7761
FINAL_P3D_pop40_iter200_2opt_qualitybalanced_relocate,Final CPU configuration selected from pilot: quality-balanced memory-safe 2opt+bounded relocate,A-n45-k6,M-SSA,SSA,2opt_qualitybalanced_relocate,12,205038,40,200,944.0,1251.0,1251.0,32.521186440677965,32.521186440677965,6,6,100,100,True,True,True,0,0,0,0,0,5.257590399999913,5.134256999999934,196,7808
FINAL_P3D_pop40_iter200_2opt_qualitybalanced_relocate,Final CPU configuration selected from pilot: quality-balanced memory-safe 2opt+bounded relocate,A-n45-k6,M-SSA,SSA,2opt_qualitybalanced_relocate,13,205039,40,200,944.0,1166.0,1166.0,23.516949152542374,23.516949152542374,6,6,100,100,True,True,True,0,0,0,0,0,5.421299399999953,5.349317299999939,198,7883
FINAL_P3D_pop40_iter200_2opt_qualitybalanced_relocate,Final CPU configuration selected from pilot: quality-balanced memory-safe 2opt+bounded relocate,A-n45-k6,M-SSA,SSA,2opt_qualitybalanced_relocate,14,205040,40,200,944.0,1269.0,1269.0,34.42796610169491,34.42796610169491,6,6,100,100,True,True,True,0,0,0,0,0,5.341484400000013,5.313894199999936,200,7961
FINAL_P3D_pop40_iter200_2opt_qualitybalanced_relocate,Final CPU configuration selected from pilot: quality-balanced memory-safe 2opt+bounded relocate,A-n45-k6,M-SSA,SSA,2opt_qualitybalanced_relocate,15,205041,40,200,944.0,1143.0,1143.0,21.08050847457627,21.08050847457627,6,6,100,100,True,True,True,0,0,0,0,0,5.07570219999991,3.975882699999943,159,6321
FINAL_P3D_pop40_iter200_2opt_qualitybalanced_relocate,Final CPU configuration selected from pilot: quality-balanced memory-safe 2opt+bounded relocate,A-n45-k6,M-SSA,SSA,2opt_qualitybalanced_relocate,16,205042,40,200,944.0,1238.0,1238.0,31.14406779661017,31.14406779661017,6,6,100,100,True,True,True,0,0,0,0,0,5.120155199999999,3.8838475999999673,152,6072
FINAL_P3D_pop40_iter200_2opt_qualitybalanced_relocate,Final CPU configuration selected from pilot: quality-balanced memory-safe 2opt+bounded relocate,A-n45-k6,M-SSA,SSA,2opt_qualitybalanced_relocate,17,205043,40,200,944.0,1213.0,1213.0,28.49576271186441,28.49576271186441,6,6,100,100,True,True,True,0,0,0,0,0,5.198823000000061,5.0952782000000525,197,7841
FINAL_P3D_pop40_iter200_2opt_qualitybalanced_relocate,Final CPU configuration selected from pilot: quality-balanced memory-safe 2opt+bounded relocate,A-n45-k6,M-SSA,SSA,2opt_qualitybalanced_relocate,18,205044,40,200,944.0,1176.0,1176.0,24.576271186440678,24.576271186440678,6,6,100,100,True,True,True,0,0,0,0,0,5.144136900000035,4.1391545999999835,161,6401
FINAL_P3D_pop40_iter200_2opt_qualitybalanced_relocate,Final CPU configuration selected from pilot: quality-balanced memory-safe 2opt+bounded relocate,A-n45-k6,M-SSA,SSA,2opt_qualitybalanced_relocate,19,205045,40,200,944.0,1330.0,1330.0,40.889830508474574,40.889830508474574,6,6,100,100,True,True,True,0,0,0,0,0,5.158804700000019,2.4281101000000263,95,3790
FINAL_P3D_pop40_iter200_2opt_qualitybalanced_relocate,Final CPU configuration selected from pilot: quality-balanced memory-safe 2opt+bounded relocate,A-n45-k6,M-SSA,SSA,2opt_qualitybalanced_relocate,20,205046,40,200,944.0,1227.0,1227.0,29.978813559322035,29.978813559322035,6,6,100,100,True,True,True,0,0,0,0,0,5.2127272000000175,4.166367199999968,162,6480
FINAL_P3D_pop40_iter200_2opt_qualitybalanced_relocate,Final CPU configuration selected from pilot: quality-balanced memory-safe 2opt+bounded relocate,A-n45-k6,M-SSA,SSA,2opt_qualitybalanced_relocate,21,205047,40,200,944.0,1273.0,1273.0,34.851694915254235,34.851694915254235,6,6,100,100,True,True,True,0,0,0,0,0,5.196682299999907,4.424195499999996,171,6801
FINAL_P3D_pop40_iter200_2opt_qualitybalanced_relocate,Final CPU configuration selected from pilot: quality-balanced memory-safe 2opt+bounded relocate,A-n45-k6,M-SSA,SSA,2opt_qualitybalanced_relocate,22,205048,40,200,944.0,1169.0,1169.0,23.834745762711865,23.834745762711865,6,6,100,100,True,True,True,0,0,0,0,0,5.060043899999982,4.42234069999995,174,6921
FINAL_P3D_pop40_iter200_2opt_qualitybalanced_relocate,Final CPU configuration selected from pilot: quality-balanced memory-safe 2opt+bounded relocate,A-n45-k6,M-SSA,SSA,2opt_qualitybalanced_relocate,23,205049,40,200,944.0,1163.0,1163.0,23.199152542372882,23.199152542372882,6,6,100,100,True,True,True,0,0,0,0,0,5.187051399999973,4.598280899999963,178,7091
FINAL_P3D_pop40_iter200_2opt_qualitybalanced_relocate,Final CPU configuration selected from pilot: quality-balanced memory-safe 2opt+bounded relocate,A-n45-k6,M-SSA,SSA,2opt_qualitybalanced_relocate,24,205050,40,200,944.0,1231.0,1231.0,30.402542372881356,30.402542372881356,6,6,100,100,True,True,True,0,0,0,0,0,5.3319434,4.030325399999924,151,6039
FINAL_P3D_pop40_iter200_2opt_qualitybalanced_relocate,Final CPU configuration selected from pilot: quality-balanced memory-safe 2opt+bounded relocate,A-n45-k6,M-SSA,SSA,2opt_qualitybalanced_relocate,25,205051,40,200,944.0,1220.0,1220.0,29.23728813559322,29.23728813559322,6,6,100,100,True,True,True,0,0,0,0,0,5.557803700000022,4.881285599999956,175,6961
FINAL_P3D_pop40_iter200_2opt_qualitybalanced_relocate,Final CPU configuration selected from pilot: quality-balanced memory-safe 2opt+bounded relocate,A-n45-k6,M-SSA,SSA,2opt_qualitybalanced_relocate,26,205052,40,200,944.0,1156.0,1156.0,22.45762711864407,22.45762711864407,6,6,100,100,True,True,True,0,0,0,0,0,5.166663200000016,4.106406600000014,161,6402
FINAL_P3D_pop40_iter200_2opt_qualitybalanced_relocate,Final CPU configuration selected from pilot: quality-balanced memory-safe 2opt+bounded relocate,A-n45-k6,M-SSA,SSA,2opt_qualitybalanced_relocate,27,205053,40,200,944.0,1279.0,1279.0,35.48728813559322,35.48728813559322,6,6,100,100,True,True,True,0,0,0,0,0,5.502733300000045,4.327422400000046,159,6321
FINAL_P3D_pop40_iter200_2opt_qualitybalanced_relocate,Final CPU configuration selected from pilot: quality-balanced memory-safe 2opt+bounded relocate,A-n45-k6,M-SSA,SSA,2opt_qualitybalanced_relocate,28,205054,40,200,944.0,1259.0,1259.0,33.36864406779661,33.36864406779661,6,6,100,100,True,True,True,0,0,0,0,0,5.176704900000004,3.318069899999955,129,5144
FINAL_P3D_pop40_iter200_2opt_qualitybalanced_relocate,Final CPU configuration selected from pilot: quality-balanced memory-safe 2opt+bounded relocate,A-n45-k6,M-SSA,SSA,2opt_qualitybalanced_relocate,29,205055,40,200,944.0,1147.0,1147.0,21.50423728813559,21.50423728813559,6,6,100,100,True,True,True,0,0,0,0,0,5.538147200000026,4.976221199999941,180,7183
FINAL_P3D_pop40_iter200_2opt_qualitybalanced_relocate,Final CPU configuration selected from pilot: quality-balanced memory-safe 2opt+bounded relocate,A-n45-k6,M-SSA,SSA,2opt_qualitybalanced_relocate,30,205056,40,200,944.0,1148.0,1148.0,21.610169491525422,21.610169491525422,6,6,100,100,True,True,True,0,0,0,0,0,5.119360099999994,4.952957100000049,194,7727
FINAL_P3D_pop40_iter200_2opt_qualitybalanced_relocate,Final CPU configuration selected from pilot: quality-balanced memory-safe 2opt+bounded relocate,A-n54-k7,WOA,WOA,none,1,302027,40,200,1167.0,1941.0,1941.0,66.32390745501286,66.32390745501286,7,7,100,100,True,True,True,0,0,0,0,0,0.4780901999999969,0.3489827000000787,121,4809
FINAL_P3D_pop40_iter200_2opt_qualitybalanced_relocate,Final CPU configuration selected from pilot: quality-balanced memory-safe 2opt+bounded relocate,A-n54-k7,WOA,WOA,none,2,302028,40,200,1167.0,2258.0,2258.0,93.48757497857756,93.48757497857756,7,7,100,100,True,True,True,0,0,0,0,0,0.3860968999999841,0.2741366000000198,114,4532
FINAL_P3D_pop40_iter200_2opt_qualitybalanced_relocate,Final CPU configuration selected from pilot: quality-balanced memory-safe 2opt+bounded relocate,A-n54-k7,WOA,WOA,none,3,302029,40,200,1167.0,1865.0,1865.0,59.811482433590406,59.811482433590406,7,7,100,100,True,True,True,0,0,0,0,0,0.3997423000000708,0.2860232000000451,108,4303
FINAL_P3D_pop40_iter200_2opt_qualitybalanced_relocate,Final CPU configuration selected from pilot: quality-balanced memory-safe 2opt+bounded relocate,A-n54-k7,WOA,WOA,none,4,302030,40,200,1167.0,2164.0,2164.0,85.43273350471294,85.43273350471294,7,7,100,100,True,True,True,0,0,0,0,0,0.4107890000000225,0.29764060000002246,114,4557
FINAL_P3D_pop40_iter200_2opt_qualitybalanced_relocate,Final CPU configuration selected from pilot: quality-balanced memory-safe 2opt+bounded relocate,A-n54-k7,WOA,WOA,none,5,302031,40,200,1167.0,2190.0,2190.0,87.66066838046272,87.66066838046272,7,7,100,100,True,True,True,0,0,0,0,0,0.37724789999992936,0.24554590000002463,95,3778
FINAL_P3D_pop40_iter200_2opt_qualitybalanced_relocate,Final CPU configuration selected from pilot: quality-balanced memory-safe 2opt+bounded relocate,A-n54-k7,WOA,WOA,none,6,302032,40,200,1167.0,1969.0,1969.0,68.72322193658954,68.72322193658954,7,7,100,100,True,True,True,0,0,0,0,0,0.4991666000000805,0.31926270000008117,113,4482
FINAL_P3D_pop40_iter200_2opt_qualitybalanced_relocate,Final CPU configuration selected from pilot: quality-balanced memory-safe 2opt+bounded relocate,A-n54-k7,WOA,WOA,none,7,302033,40,200,1167.0,1886.0,1886.0,61.610968294772924,61.610968294772924,7,7,99,100,True,True,True,0,0,0,0,0,0.5025967999999921,0.4045578000000205,133,5305
FINAL_P3D_pop40_iter200_2opt_qualitybalanced_relocate,Final CPU configuration selected from pilot: quality-balanced memory-safe 2opt+bounded relocate,A-n54-k7,WOA,WOA,none,8,302034,40,200,1167.0,2134.0,2134.0,82.86203941730933,82.86203941730933,7,7,100,100,True,True,True,0,0,0,0,0,0.5041853000000174,0.5006387000000814,199,7935
FINAL_P3D_pop40_iter200_2opt_qualitybalanced_relocate,Final CPU configuration selected from pilot: quality-balanced memory-safe 2opt+bounded relocate,A-n54-k7,WOA,WOA,none,9,302035,40,200,1167.0,2066.0,2066.0,77.03513281919452,77.03513281919452,7,7,100,100,True,True,True,0,0,0,0,0,0.36616749999984677,0.129824299999882,52,2048
FINAL_P3D_pop40_iter200_2opt_qualitybalanced_relocate,Final CPU configuration selected from pilot: quality-balanced memory-safe 2opt+bounded relocate,A-n54-k7,WOA,WOA,none,10,302036,40,200,1167.0,1908.0,1908.0,63.49614395886889,63.49614395886889,7,7,100,100,True,True,True,0,0,0,0,0,0.39822209999988445,0.27386139999998704,102,4048
FINAL_P3D_pop40_iter200_2opt_qualitybalanced_relocate,Final CPU configuration selected from pilot: quality-balanced memory-safe 2opt+bounded relocate,A-n54-k7,WOA,WOA,none,11,302037,40,200,1167.0,2033.0,2033.0,74.20736932305056,74.20736932305056,7,7,100,100,True,True,True,0,0,0,0,0,0.37479720000010275,0.2842130999999881,125,4971
FINAL_P3D_pop40_iter200_2opt_qualitybalanced_relocate,Final CPU configuration selected from pilot: quality-balanced memory-safe 2opt+bounded relocate,A-n54-k7,WOA,WOA,none,12,302038,40,200,1167.0,1806.0,1806.0,54.75578406169666,54.75578406169666,7,7,100,100,True,True,True,0,0,0,0,0,0.417256800000132,0.2678687000000082,97,3845
FINAL_P3D_pop40_iter200_2opt_qualitybalanced_relocate,Final CPU configuration selected from pilot: quality-balanced memory-safe 2opt+bounded relocate,A-n54-k7,WOA,WOA,none,13,302039,40,200,1167.0,2170.0,2170.0,85.94687232219366,85.94687232219366,7,7,100,100,True,True,True,0,0,0,0,0,0.3379631000000245,0.22673429999986183,120,4794
FINAL_P3D_pop40_iter200_2opt_qualitybalanced_relocate,Final CPU configuration selected from pilot: quality-balanced memory-safe 2opt+bounded relocate,A-n54-k7,WOA,WOA,none,14,302040,40,200,1167.0,1920.0,1920.0,64.52442159383034,64.52442159383034,7,7,100,100,True,True,True,0,0,0,0,0,0.46487630000001445,0.30256710000003295,110,4390
FINAL_P3D_pop40_iter200_2opt_qualitybalanced_relocate,Final CPU configuration selected from pilot: quality-balanced memory-safe 2opt+bounded relocate,A-n54-k7,WOA,WOA,none,15,302041,40,200,1167.0,1981.0,1981.0,69.75149957155098,69.75149957155098,7,7,100,100,True,True,True,0,0,0,0,0,0.5177189000000908,0.3978299000000334,116,4634
FINAL_P3D_pop40_iter200_2opt_qualitybalanced_relocate,Final CPU configuration selected from pilot: quality-balanced memory-safe 2opt+bounded relocate,A-n54-k7,WOA,WOA,none,16,302042,40,200,1167.0,1848.0,1848.0,58.354755784061695,58.354755784061695,7,7,100,100,True,True,True,0,0,0,0,0,0.42559529999994083,0.283344599999964,108,4283
FINAL_P3D_pop40_iter200_2opt_qualitybalanced_relocate,Final CPU configuration selected from pilot: quality-balanced memory-safe 2opt+bounded relocate,A-n54-k7,WOA,WOA,none,17,302043,40,200,1167.0,2137.0,2137.0,83.1191088260497,83.1191088260497,7,7,100,100,True,True,True,0,0,0,0,0,0.47219029999996565,0.1439333999999235,42,1674
FINAL_P3D_pop40_iter200_2opt_qualitybalanced_relocate,Final CPU configuration selected from pilot: quality-balanced memory-safe 2opt+bounded relocate,A-n54-k7,WOA,WOA,none,18,302044,40,200,1167.0,2035.0,2035.0,74.37874892887746,74.37874892887746,7,7,100,100,True,True,True,0,0,0,0,0,0.3279037999998309,0.08336639999993167,28,1116
FINAL_P3D_pop40_iter200_2opt_qualitybalanced_relocate,Final CPU configuration selected from pilot: quality-balanced memory-safe 2opt+bounded relocate,A-n54-k7,WOA,WOA,none,19,302045,40,200,1167.0,1811.0,1811.0,55.18423307626392,55.18423307626392,7,7,100,100,True,True,True,0,0,0,0,0,0.442551099999946,0.3652230000000145,145,5779
FINAL_P3D_pop40_iter200_2opt_qualitybalanced_relocate,Final CPU configuration selected from pilot: quality-balanced memory-safe 2opt+bounded relocate,A-n54-k7,WOA,WOA,none,20,302046,40,200,1167.0,2040.0,2040.0,74.80719794344473,74.80719794344473,7,7,99,100,True,True,True,0,0,0,0,0,0.3442640000000665,0.20179540000003726,92,3670
FINAL_P3D_pop40_iter200_2opt_qualitybalanced_relocate,Final CPU configuration selected from pilot: quality-balanced memory-safe 2opt+bounded relocate,A-n54-k7,WOA,WOA,none,21,302047,40,200,1167.0,2138.0,2138.0,83.20479862896315,83.20479862896315,7,7,99,100,True,True,True,0,0,0,0,0,0.5316260999998121,0.04255620000003546,13,481
FINAL_P3D_pop40_iter200_2opt_qualitybalanced_relocate,Final CPU configuration selected from pilot: quality-balanced memory-safe 2opt+bounded relocate,A-n54-k7,WOA,WOA,none,22,302048,40,200,1167.0,1945.0,1945.0,66.66666666666667,66.66666666666667,7,7,100,100,True,True,True,0,0,0,0,0,0.41887150000002293,0.300847800000156,114,4560
FINAL_P3D_pop40_iter200_2opt_qualitybalanced_relocate,Final CPU configuration selected from pilot: quality-balanced memory-safe 2opt+bounded relocate,A-n54-k7,WOA,WOA,none,23,302049,40,200,1167.0,1842.0,1842.0,57.840616966580974,57.840616966580974,7,7,100,100,True,True,True,0,0,0,0,0,0.41360199999985525,0.20042279999984203,61,2419
FINAL_P3D_pop40_iter200_2opt_qualitybalanced_relocate,Final CPU configuration selected from pilot: quality-balanced memory-safe 2opt+bounded relocate,A-n54-k7,WOA,WOA,none,24,302050,40,200,1167.0,1833.0,1833.0,57.0694087403599,57.0694087403599,7,7,100,100,True,True,True,0,0,0,0,0,0.35972819999983585,0.22858599999995022,99,3933
FINAL_P3D_pop40_iter200_2opt_qualitybalanced_relocate,Final CPU configuration selected from pilot: quality-balanced memory-safe 2opt+bounded relocate,A-n54-k7,WOA,WOA,none,25,302051,40,200,1167.0,2182.0,2182.0,86.9751499571551,86.9751499571551,7,7,100,100,True,True,True,0,0,0,0,0,0.3503762000000279,0.06367390000013984,22,869
FINAL_P3D_pop40_iter200_2opt_qualitybalanced_relocate,Final CPU configuration selected from pilot: quality-balanced memory-safe 2opt+bounded relocate,A-n54-k7,WOA,WOA,none,26,302052,40,200,1167.0,1933.0,1933.0,65.63838903170523,65.63838903170523,7,7,99,100,True,True,True,0,0,0,0,0,0.3500985999999102,0.2112107999998898,88,3516
FINAL_P3D_pop40_iter200_2opt_qualitybalanced_relocate,Final CPU configuration selected from pilot: quality-balanced memory-safe 2opt+bounded relocate,A-n54-k7,WOA,WOA,none,27,302053,40,200,1167.0,2233.0,2233.0,91.34532990574122,91.34532990574122,7,7,99,100,True,True,True,0,0,0,0,0,0.4956532999999581,0.12411130000009507,32,1261
FINAL_P3D_pop40_iter200_2opt_qualitybalanced_relocate,Final CPU configuration selected from pilot: quality-balanced memory-safe 2opt+bounded relocate,A-n54-k7,WOA,WOA,none,28,302054,40,200,1167.0,1983.0,1983.0,69.9228791773779,69.9228791773779,7,7,100,100,True,True,True,0,0,0,0,0,0.4903603000000203,0.3549636999998711,145,5791
FINAL_P3D_pop40_iter200_2opt_qualitybalanced_relocate,Final CPU configuration selected from pilot: quality-balanced memory-safe 2opt+bounded relocate,A-n54-k7,WOA,WOA,none,29,302055,40,200,1167.0,2021.0,2021.0,73.17909168808912,73.17909168808912,7,7,100,100,True,True,True,0,0,0,0,0,0.683605899999975,0.37929159999998774,105,4185
FINAL_P3D_pop40_iter200_2opt_qualitybalanced_relocate,Final CPU configuration selected from pilot: quality-balanced memory-safe 2opt+bounded relocate,A-n54-k7,WOA,WOA,none,30,302056,40,200,1167.0,2020.0,2020.0,73.09340188517567,73.09340188517567,7,7,100,100,True,True,True,0,0,0,0,0,0.46456820000003063,0.38701019999984965,140,5588
FINAL_P3D_pop40_iter200_2opt_qualitybalanced_relocate,Final CPU configuration selected from pilot: quality-balanced memory-safe 2opt+bounded relocate,A-n54-k7,SSA,SSA,none,1,303027,40,200,1167.0,2290.0,2290.0,96.22964867180805,96.22964867180805,7,7,100,100,True,True,True,0,0,0,0,0,0.7085677999998552,0.6177682999998524,155,6161
FINAL_P3D_pop40_iter200_2opt_qualitybalanced_relocate,Final CPU configuration selected from pilot: quality-balanced memory-safe 2opt+bounded relocate,A-n54-k7,SSA,SSA,none,2,303028,40,200,1167.0,2330.0,2330.0,99.65724078834619,99.65724078834619,7,7,100,100,True,True,True,0,0,0,0,0,0.6835501000000477,0.34590830000001915,78,3111
FINAL_P3D_pop40_iter200_2opt_qualitybalanced_relocate,Final CPU configuration selected from pilot: quality-balanced memory-safe 2opt+bounded relocate,A-n54-k7,SSA,SSA,none,3,303029,40,200,1167.0,2257.0,2257.0,93.40188517566409,93.40188517566409,7,7,100,100,True,True,True,0,0,0,0,0,0.6498501000000942,0.5507623000000876,139,5521
FINAL_P3D_pop40_iter200_2opt_qualitybalanced_relocate,Final CPU configuration selected from pilot: quality-balanced memory-safe 2opt+bounded relocate,A-n54-k7,SSA,SSA,none,4,303030,40,200,1167.0,2335.0,2335.0,100.08568980291345,100.08568980291345,7,7,99,100,True,True,True,0,0,0,0,0,0.7229571000000306,0.5535506000001078,131,5202
FINAL_P3D_pop40_iter200_2opt_qualitybalanced_relocate,Final CPU configuration selected from pilot: quality-balanced memory-safe 2opt+bounded relocate,A-n54-k7,SSA,SSA,none,5,303031,40,200,1167.0,2185.0,2185.0,87.23221936589546,87.23221936589546,7,7,100,100,True,True,True,0,0,0,0,0,0.6750632000000678,0.6144559000001664,155,6161
FINAL_P3D_pop40_iter200_2opt_qualitybalanced_relocate,Final CPU configuration selected from pilot: quality-balanced memory-safe 2opt+bounded relocate,A-n54-k7,SSA,SSA,none,6,303032,40,200,1167.0,2315.0,2315.0,98.37189374464438,98.37189374464438,7,7,100,100,True,True,True,0,0,0,0,0,0.5874639000001025,0.5209703000000445,148,5881
FINAL_P3D_pop40_iter200_2opt_qualitybalanced_relocate,Final CPU configuration selected from pilot: quality-balanced memory-safe 2opt+bounded relocate,A-n54-k7,SSA,SSA,none,7,303033,40,200,1167.0,2216.0,2216.0,89.8886032562125,89.8886032562125,7,7,100,100,True,True,True,0,0,0,0,0,0.6573852999999872,0.6281028999999307,177,7079
FINAL_P3D_pop40_iter200_2opt_qualitybalanced_relocate,Final CPU configuration selected from pilot: quality-balanced memory-safe 2opt+bounded relocate,A-n54-k7,SSA,SSA,none,8,303034,40,200,1167.0,2289.0,2289.0,96.1439588688946,96.1439588688946,7,7,100,100,True,True,True,0,0,0,0,0,0.7074851999998373,0.6829497999999603,180,7186
FINAL_P3D_pop40_iter200_2opt_qualitybalanced_relocate,Final CPU configuration selected from pilot: quality-balanced memory-safe 2opt+bounded relocate,A-n54-k7,SSA,SSA,none,9,303035,40,200,1167.0,2230.0,2230.0,91.08826049700086,91.08826049700086,7,7,99,100,True,True,True,0,0,0,0,0,0.6586773999999878,0.5277819000000363,130,5161
FINAL_P3D_pop40_iter200_2opt_qualitybalanced_relocate,Final CPU configuration selected from pilot: quality-balanced memory-safe 2opt+bounded relocate,A-n54-k7,SSA,SSA,none,10,303036,40,200,1167.0,2346.0,2346.0,101.02827763496144,101.02827763496144,7,7,100,100,True,True,True,0,0,0,0,0,0.6689472000000478,0.366829700000153,80,3186
FINAL_P3D_pop40_iter200_2opt_qualitybalanced_relocate,Final CPU configuration selected from pilot: quality-balanced memory-safe 2opt+bounded relocate,A-n54-k7,SSA,SSA,none,11,303037,40,200,1167.0,2242.0,2242.0,92.1165381319623,92.1165381319623,7,7,100,100,True,True,True,0,0,0,0,0,0.6623784000000796,0.5774212000001171,148,5893
FINAL_P3D_pop40_iter200_2opt_qualitybalanced_relocate,Final CPU configuration selected from pilot: quality-balanced memory-safe 2opt+bounded relocate,A-n54-k7,SSA,SSA,none,12,303038,40,200,1167.0,2258.0,2258.0,93.48757497857756,93.48757497857756,7,7,100,100,True,True,True,0,0,0,0,0,0.7185749000000214,0.6966687999999976,192,7653
FINAL_P3D_pop40_iter200_2opt_qualitybalanced_relocate,Final CPU configuration selected from pilot: quality-balanced memory-safe 2opt+bounded relocate,A-n54-k7,SSA,SSA,none,13,303039,40,200,1167.0,2269.0,2269.0,94.43016281062553,94.43016281062553,7,7,100,100,True,True,True,0,0,0,0,0,0.7762750999997934,0.667546499999844,139,5523
FINAL_P3D_pop40_iter200_2opt_qualitybalanced_relocate,Final CPU configuration selected from pilot: quality-balanced memory-safe 2opt+bounded relocate,A-n54-k7,SSA,SSA,none,14,303040,40,200,1167.0,2306.0,2306.0,97.6006855184233,97.6006855184233,7,7,100,100,True,True,True,0,0,0,0,0,0.7417799999998351,0.5222945999998956,123,4881
FINAL_P3D_pop40_iter200_2opt_qualitybalanced_relocate,Final CPU configuration selected from pilot: quality-balanced memory-safe 2opt+bounded relocate,A-n54-k7,SSA,SSA,none,15,303041,40,200,1167.0,2318.0,2318.0,98.62896315338475,98.62896315338475,7,7,100,100,True,True,True,0,0,0,0,0,0.7371382999999696,0.7115656000000854,178,7106
FINAL_P3D_pop40_iter200_2opt_qualitybalanced_relocate,Final CPU configuration selected from pilot: quality-balanced memory-safe 2opt+bounded relocate,A-n54-k7,SSA,SSA,none,16,303042,40,200,1167.0,2440.0,2440.0,109.08311910882605,109.08311910882605,7,7,100,100,True,True,True,0,0,0,0,0,0.6453191999999035,0.17376839999997173,40,1585
FINAL_P3D_pop40_iter200_2opt_qualitybalanced_relocate,Final CPU configuration selected from pilot: quality-balanced memory-safe 2opt+bounded relocate,A-n54-k7,SSA,SSA,none,17,303043,40,200,1167.0,2437.0,2437.0,108.82604970008569,108.82604970008569,7,7,99,100,True,True,True,0,0,0,0,0,0.7283270000000357,0.19164530000011837,42,1641
FINAL_P3D_pop40_iter200_2opt_qualitybalanced_relocate,Final CPU configuration selected from pilot: quality-balanced memory-safe 2opt+bounded relocate,A-n54-k7,SSA,SSA,none,18,303044,40,200,1167.0,2308.0,2308.0,97.77206512425022,97.77206512425022,7,7,100,100,True,True,True,0,0,0,0,0,0.6564552000002095,0.23884970000017347,53,2101
FINAL_P3D_pop40_iter200_2opt_qualitybalanced_relocate,Final CPU configuration selected from pilot: quality-balanced memory-safe 2opt+bounded relocate,A-n54-k7,SSA,SSA,none,19,303045,40,200,1167.0,2427.0,2427.0,107.96915167095116,107.96915167095116,7,7,98,100,True,True,True,0,0,0,0,0,0.6715903000001617,0.623216100000036,162,6462
FINAL_P3D_pop40_iter200_2opt_qualitybalanced_relocate,Final CPU configuration selected from pilot: quality-balanced memory-safe 2opt+bounded relocate,A-n54-k7,SSA,SSA,none,20,303046,40,200,1167.0,2236.0,2236.0,91.60239931448157,91.60239931448157,7,7,100,100,True,True,True,0,0,0,0,0,0.6659514999998919,0.6356971999998677,176,7014
FINAL_P3D_pop40_iter200_2opt_qualitybalanced_relocate,Final CPU configuration selected from pilot: quality-balanced memory-safe 2opt+bounded relocate,A-n54-k7,SSA,SSA,none,21,303047,40,200,1167.0,2226.0,2226.0,90.74550128534705,90.74550128534705,7,7,99,100,True,True,True,0,0,0,0,0,0.6938791000000037,0.5998663000000306,150,5971
FINAL_P3D_pop40_iter200_2opt_qualitybalanced_relocate,Final CPU configuration selected from pilot: quality-balanced memory-safe 2opt+bounded relocate,A-n54-k7,SSA,SSA,none,22,303048,40,200,1167.0,2266.0,2266.0,94.17309340188518,94.17309340188518,7,7,100,100,True,True,True,0,0,0,0,0,0.6359938999999031,0.6141388999999435,185,7384
FINAL_P3D_pop40_iter200_2opt_qualitybalanced_relocate,Final CPU configuration selected from pilot: quality-balanced memory-safe 2opt+bounded relocate,A-n54-k7,SSA,SSA,none,23,303049,40,200,1167.0,2243.0,2243.0,92.20222793487575,92.20222793487575,7,7,99,100,True,True,True,0,0,0,0,0,0.658035800000107,0.5813243000000057,147,5843
FINAL_P3D_pop40_iter200_2opt_qualitybalanced_relocate,Final CPU configuration selected from pilot: quality-balanced memory-safe 2opt+bounded relocate,A-n54-k7,SSA,SSA,none,24,303050,40,200,1167.0,2185.0,2185.0,87.23221936589546,87.23221936589546,7,7,100,100,True,True,True,0,0,0,0,0,0.6962996999998268,0.6266246999998657,151,6001
FINAL_P3D_pop40_iter200_2opt_qualitybalanced_relocate,Final CPU configuration selected from pilot: quality-balanced memory-safe 2opt+bounded relocate,A-n54-k7,SSA,SSA,none,25,303051,40,200,1167.0,2360.0,2360.0,102.22793487574978,102.22793487574978,7,7,100,100,True,True,True,0,0,0,0,0,0.7500608999998803,0.6628817999999228,152,6041
FINAL_P3D_pop40_iter200_2opt_qualitybalanced_relocate,Final CPU configuration selected from pilot: quality-balanced memory-safe 2opt+bounded relocate,A-n54-k7,SSA,SSA,none,26,303052,40,200,1167.0,2158.0,2158.0,84.91859468723221,84.91859468723221,7,7,100,100,True,True,True,0,0,0,0,0,0.730515799999921,0.6170624000001226,150,5961
FINAL_P3D_pop40_iter200_2opt_qualitybalanced_relocate,Final CPU configuration selected from pilot: quality-balanced memory-safe 2opt+bounded relocate,A-n54-k7,SSA,SSA,none,27,303053,40,200,1167.0,2386.0,2386.0,104.45586975149958,104.45586975149958,7,7,100,100,True,True,True,0,0,0,0,0,0.6670779999999468,0.550818100000015,131,5215
FINAL_P3D_pop40_iter200_2opt_qualitybalanced_relocate,Final CPU configuration selected from pilot: quality-balanced memory-safe 2opt+bounded relocate,A-n54-k7,SSA,SSA,none,28,303054,40,200,1167.0,2345.0,2345.0,100.94258783204799,100.94258783204799,7,7,100,100,True,True,True,0,0,0,0,0,0.6462900999999874,0.6185566999999992,178,7097
FINAL_P3D_pop40_iter200_2opt_qualitybalanced_relocate,Final CPU configuration selected from pilot: quality-balanced memory-safe 2opt+bounded relocate,A-n54-k7,SSA,SSA,none,29,303055,40,200,1167.0,2356.0,2356.0,101.88517566409597,101.88517566409597,7,7,100,100,True,True,True,0,0,0,0,0,0.6562872000001789,0.643786000000091,190,7590
FINAL_P3D_pop40_iter200_2opt_qualitybalanced_relocate,Final CPU configuration selected from pilot: quality-balanced memory-safe 2opt+bounded relocate,A-n54-k7,SSA,SSA,none,30,303056,40,200,1167.0,2295.0,2295.0,96.65809768637533,96.65809768637533,7,7,100,100,True,True,True,0,0,0,0,0,0.6905249999999796,0.6367399999999179,171,6802
FINAL_P3D_pop40_iter200_2opt_qualitybalanced_relocate,Final CPU configuration selected from pilot: quality-balanced memory-safe 2opt+bounded relocate,A-n54-k7,M-WOA,WOA,2opt_qualitybalanced_relocate,1,304027,40,200,1167.0,1384.0,1384.0,18.594687232219364,18.594687232219364,7,7,100,100,True,True,True,0,0,0,0,0,7.376869499999884,2.3364678999998887,71,2835
FINAL_P3D_pop40_iter200_2opt_qualitybalanced_relocate,Final CPU configuration selected from pilot: quality-balanced memory-safe 2opt+bounded relocate,A-n54-k7,M-WOA,WOA,2opt_qualitybalanced_relocate,2,304028,40,200,1167.0,1332.0,1332.0,14.138817480719794,14.138817480719794,7,7,100,100,True,True,True,0,0,0,0,0,5.830774000000019,4.7746062000001075,170,6796
FINAL_P3D_pop40_iter200_2opt_qualitybalanced_relocate,Final CPU configuration selected from pilot: quality-balanced memory-safe 2opt+bounded relocate,A-n54-k7,M-WOA,WOA,2opt_qualitybalanced_relocate,3,304029,40,200,1167.0,1295.0,1295.0,10.968294772922022,10.968294772922022,7,7,100,100,True,True,True,0,0,0,0,0,6.387963099999979,0.7683974000001399,29,1123
FINAL_P3D_pop40_iter200_2opt_qualitybalanced_relocate,Final CPU configuration selected from pilot: quality-balanced memory-safe 2opt+bounded relocate,A-n54-k7,M-WOA,WOA,2opt_qualitybalanced_relocate,4,304030,40,200,1167.0,1316.0,1316.0,12.767780634104541,12.767780634104541,7,7,99,100,True,True,True,0,0,0,0,0,7.318235200000117,4.2378596999999445,129,5154
FINAL_P3D_pop40_iter200_2opt_qualitybalanced_relocate,Final CPU configuration selected from pilot: quality-balanced memory-safe 2opt+bounded relocate,A-n54-k7,M-WOA,WOA,2opt_qualitybalanced_relocate,5,304031,40,200,1167.0,1285.0,1285.0,10.11139674378749,10.11139674378749,7,7,100,100,True,True,True,0,0,0,0,0,6.769330099999934,6.755499899999904,200,7984
FINAL_P3D_pop40_iter200_2opt_qualitybalanced_relocate,Final CPU configuration selected from pilot: quality-balanced memory-safe 2opt+bounded relocate,A-n54-k7,M-WOA,WOA,2opt_qualitybalanced_relocate,6,304032,40,200,1167.0,1288.0,1288.0,10.36846615252785,10.36846615252785,7,7,100,100,True,True,True,0,0,0,0,0,7.040556100000003,5.220546200000172,151,6001
FINAL_P3D_pop40_iter200_2opt_qualitybalanced_relocate,Final CPU configuration selected from pilot: quality-balanced memory-safe 2opt+bounded relocate,A-n54-k7,M-WOA,WOA,2opt_qualitybalanced_relocate,7,304033,40,200,1167.0,1425.0,1425.0,22.10796915167095,22.10796915167095,7,7,100,100,True,True,True,0,0,0,0,0,5.662226699999792,1.8918519999999717,65,2591
FINAL_P3D_pop40_iter200_2opt_qualitybalanced_relocate,Final CPU configuration selected from pilot: quality-balanced memory-safe 2opt+bounded relocate,A-n54-k7,M-WOA,WOA,2opt_qualitybalanced_relocate,8,304034,40,200,1167.0,1327.0,1327.0,13.710368466152527,13.710368466152527,7,7,100,100,True,True,True,0,0,0,0,0,6.804778899999974,6.627537200000006,197,7842
FINAL_P3D_pop40_iter200_2opt_qualitybalanced_relocate,Final CPU configuration selected from pilot: quality-balanced memory-safe 2opt+bounded relocate,A-n54-k7,M-WOA,WOA,2opt_qualitybalanced_relocate,9,304035,40,200,1167.0,1259.0,1259.0,7.8834618680377035,7.8834618680377035,7,7,100,100,True,True,True,0,0,0,0,0,6.702575100000104,3.4000813000000107,112,4447
FINAL_P3D_pop40_iter200_2opt_qualitybalanced_relocate,Final CPU configuration selected from pilot: quality-balanced memory-safe 2opt+bounded relocate,A-n54-k7,M-WOA,WOA,2opt_qualitybalanced_relocate,10,304036,40,200,1167.0,1294.0,1294.0,10.882604970008568,10.882604970008568,7,7,100,100,True,True,True,0,0,0,0,0,5.7815477999999985,4.164097600000105,126,5028
FINAL_P3D_pop40_iter200_2opt_qualitybalanced_relocate,Final CPU configuration selected from pilot: quality-balanced memory-safe 2opt+bounded relocate,A-n54-k7,M-WOA,WOA,2opt_qualitybalanced_relocate,11,304037,40,200,1167.0,1300.0,1300.0,11.396743787489289,11.396743787489289,7,7,100,100,True,True,True,0,0,0,0,0,6.250577999999905,3.9475938999999016,127,5068
FINAL_P3D_pop40_iter200_2opt_qualitybalanced_relocate,Final CPU configuration selected from pilot: quality-balanced memory-safe 2opt+bounded relocate,A-n54-k7,M-WOA,WOA,2opt_qualitybalanced_relocate,12,304038,40,200,1167.0,1239.0,1239.0,6.169665809768637,6.169665809768637,7,7,99,100,True,True,True,0,0,0,0,0,8.183667900000046,6.738566199999923,164,6535
FINAL_P3D_pop40_iter200_2opt_qualitybalanced_relocate,Final CPU configuration selected from pilot: quality-balanced memory-safe 2opt+bounded relocate,A-n54-k7,M-WOA,WOA,2opt_qualitybalanced_relocate,13,304039,40,200,1167.0,1280.0,1280.0,9.682947729220222,9.682947729220222,7,7,99,100,True,True,True,0,0,0,0,0,6.620528299999933,2.618758899999875,90,3592
FINAL_P3D_pop40_iter200_2opt_qualitybalanced_relocate,Final CPU configuration selected from pilot: quality-balanced memory-safe 2opt+bounded relocate,A-n54-k7,M-WOA,WOA,2opt_qualitybalanced_relocate,14,304040,40,200,1167.0,1323.0,1323.0,13.367609254498715,13.367609254498715,7,7,100,100,True,True,True,0,0,0,0,0,6.303821699999844,2.026660600000014,70,2763
FINAL_P3D_pop40_iter200_2opt_qualitybalanced_relocate,Final CPU configuration selected from pilot: quality-balanced memory-safe 2opt+bounded relocate,A-n54-k7,M-WOA,WOA,2opt_qualitybalanced_relocate,15,304041,40,200,1167.0,1364.0,1364.0,16.8808911739503,16.8808911739503,7,7,100,100,True,True,True,0,0,0,0,0,7.089004100000011,1.2413938999998209,42,1669
FINAL_P3D_pop40_iter200_2opt_qualitybalanced_relocate,Final CPU configuration selected from pilot: quality-balanced memory-safe 2opt+bounded relocate,A-n54-k7,M-WOA,WOA,2opt_qualitybalanced_relocate,16,304042,40,200,1167.0,1282.0,1282.0,9.85432733504713,9.85432733504713,7,7,99,100,True,True,True,0,0,0,0,0,7.804377799999884,6.746723700000075,171,6828
FINAL_P3D_pop40_iter200_2opt_qualitybalanced_relocate,Final CPU configuration selected from pilot: quality-balanced memory-safe 2opt+bounded relocate,A-n54-k7,M-WOA,WOA,2opt_qualitybalanced_relocate,17,304043,40,200,1167.0,1269.0,1269.0,8.740359897172237,8.740359897172237,7,7,100,100,True,True,True,0,0,0,0,0,6.749691100000064,3.402251700000079,108,4281
FINAL_P3D_pop40_iter200_2opt_qualitybalanced_relocate,Final CPU configuration selected from pilot: quality-balanced memory-safe 2opt+bounded relocate,A-n54-k7,M-WOA,WOA,2opt_qualitybalanced_relocate,18,304044,40,200,1167.0,1290.0,1290.0,10.539845758354756,10.539845758354756,7,7,100,100,True,True,True,0,0,0,0,0,6.0581615999999485,4.312014099999942,148,5900
FINAL_P3D_pop40_iter200_2opt_qualitybalanced_relocate,Final CPU configuration selected from pilot: quality-balanced memory-safe 2opt+bounded relocate,A-n54-k7,M-WOA,WOA,2opt_qualitybalanced_relocate,19,304045,40,200,1167.0,1295.0,1295.0,10.968294772922022,10.968294772922022,7,7,100,100,True,True,True,0,0,0,0,0,5.90893959999994,2.3366060999999263,69,2752
FINAL_P3D_pop40_iter200_2opt_qualitybalanced_relocate,Final CPU configuration selected from pilot: quality-balanced memory-safe 2opt+bounded relocate,A-n54-k7,M-WOA,WOA,2opt_qualitybalanced_relocate,20,304046,40,200,1167.0,1319.0,1319.0,13.024850042844902,13.024850042844902,7,7,99,100,True,True,True,0,0,0,0,0,6.994228900000053,3.82211140000004,118,4719
FINAL_P3D_pop40_iter200_2opt_qualitybalanced_relocate,Final CPU configuration selected from pilot: quality-balanced memory-safe 2opt+bounded relocate,A-n54-k7,M-WOA,WOA,2opt_qualitybalanced_relocate,21,304047,40,200,1167.0,1362.0,1362.0,16.709511568123393,16.709511568123393,7,7,98,100,True,True,True,0,0,0,0,0,5.3769155999998475,2.9376292999997986,105,4176
FINAL_P3D_pop40_iter200_2opt_qualitybalanced_relocate,Final CPU configuration selected from pilot: quality-balanced memory-safe 2opt+bounded relocate,A-n54-k7,M-WOA,WOA,2opt_qualitybalanced_relocate,22,304048,40,200,1167.0,1335.0,1335.0,14.395886889460154,14.395886889460154,7,7,100,100,True,True,True,0,0,0,0,0,5.489792100000159,1.202976900000067,41,1635
FINAL_P3D_pop40_iter200_2opt_qualitybalanced_relocate,Final CPU configuration selected from pilot: quality-balanced memory-safe 2opt+bounded relocate,A-n54-k7,M-WOA,WOA,2opt_qualitybalanced_relocate,23,304049,40,200,1167.0,1305.0,1305.0,11.825192802056556,11.825192802056556,7,7,100,100,True,True,True,0,0,0,0,0,6.30481379999992,6.194917000000032,198,7891
FINAL_P3D_pop40_iter200_2opt_qualitybalanced_relocate,Final CPU configuration selected from pilot: quality-balanced memory-safe 2opt+bounded relocate,A-n54-k7,M-WOA,WOA,2opt_qualitybalanced_relocate,24,304050,40,200,1167.0,1260.0,1260.0,7.969151670951157,7.969151670951157,7,7,100,100,True,True,True,0,0,0,0,0,6.049911199999997,5.774001299999782,193,7702
FINAL_P3D_pop40_iter200_2opt_qualitybalanced_relocate,Final CPU configuration selected from pilot: quality-balanced memory-safe 2opt+bounded relocate,A-n54-k7,M-WOA,WOA,2opt_qualitybalanced_relocate,25,304051,40,200,1167.0,1314.0,1314.0,12.596401028277635,12.596401028277635,7,7,100,100,True,True,True,0,0,0,0,0,6.038596200000029,5.339656800000057,179,7124
FINAL_P3D_pop40_iter200_2opt_qualitybalanced_relocate,Final CPU configuration selected from pilot: quality-balanced memory-safe 2opt+bounded relocate,A-n54-k7,M-WOA,WOA,2opt_qualitybalanced_relocate,26,304052,40,200,1167.0,1377.0,1377.0,17.994858611825194,17.994858611825194,7,7,99,100,True,True,True,0,0,0,0,0,5.4028522999999495,1.6600890999998228,58,2297
FINAL_P3D_pop40_iter200_2opt_qualitybalanced_relocate,Final CPU configuration selected from pilot: quality-balanced memory-safe 2opt+bounded relocate,A-n54-k7,M-WOA,WOA,2opt_qualitybalanced_relocate,27,304053,40,200,1167.0,1257.0,1257.0,7.712082262210797,7.712082262210797,7,7,100,100,True,True,True,0,0,0,0,0,7.037984900000083,1.8198781999999483,60,2374
FINAL_P3D_pop40_iter200_2opt_qualitybalanced_relocate,Final CPU configuration selected from pilot: quality-balanced memory-safe 2opt+bounded relocate,A-n54-k7,M-WOA,WOA,2opt_qualitybalanced_relocate,28,304054,40,200,1167.0,1325.0,1325.0,13.538988860325622,13.538988860325622,7,7,100,100,True,True,True,0,0,0,0,0,5.355251899999985,4.4609281000000465,162,6461
FINAL_P3D_pop40_iter200_2opt_qualitybalanced_relocate,Final CPU configuration selected from pilot: quality-balanced memory-safe 2opt+bounded relocate,A-n54-k7,M-WOA,WOA,2opt_qualitybalanced_relocate,29,304055,40,200,1167.0,1318.0,1318.0,12.939160239931448,12.939160239931448,7,7,100,100,True,True,True,0,0,0,0,0,5.9066868999998405,5.380012399999941,172,6855
FINAL_P3D_pop40_iter200_2opt_qualitybalanced_relocate,Final CPU configuration selected from pilot: quality-balanced memory-safe 2opt+bounded relocate,A-n54-k7,M-WOA,WOA,2opt_qualitybalanced_relocate,30,304056,40,200,1167.0,1323.0,1323.0,13.367609254498715,13.367609254498715,7,7,100,100,True,True,True,0,0,0,0,0,6.646316900000102,1.9662794999999278,67,2673
FINAL_P3D_pop40_iter200_2opt_qualitybalanced_relocate,Final CPU configuration selected from pilot: quality-balanced memory-safe 2opt+bounded relocate,A-n54-k7,M-SSA,SSA,2opt_qualitybalanced_relocate,1,305027,40,200,1167.0,1284.0,1284.0,10.025706940874036,10.025706940874036,7,7,100,100,True,True,True,0,0,0,0,0,6.370488299999806,5.534108899999865,183,7282
FINAL_P3D_pop40_iter200_2opt_qualitybalanced_relocate,Final CPU configuration selected from pilot: quality-balanced memory-safe 2opt+bounded relocate,A-n54-k7,M-SSA,SSA,2opt_qualitybalanced_relocate,2,305028,40,200,1167.0,1480.0,1480.0,26.820908311910884,26.820908311910884,7,7,100,100,True,True,True,0,0,0,0,0,5.308448699999872,4.880009199999904,186,7402
FINAL_P3D_pop40_iter200_2opt_qualitybalanced_relocate,Final CPU configuration selected from pilot: quality-balanced memory-safe 2opt+bounded relocate,A-n54-k7,M-SSA,SSA,2opt_qualitybalanced_relocate,3,305029,40,200,1167.0,1289.0,1289.0,10.454155955441303,10.454155955441303,7,7,100,100,True,True,True,0,0,0,0,0,6.788627399999996,6.709726300000057,199,7929
FINAL_P3D_pop40_iter200_2opt_qualitybalanced_relocate,Final CPU configuration selected from pilot: quality-balanced memory-safe 2opt+bounded relocate,A-n54-k7,M-SSA,SSA,2opt_qualitybalanced_relocate,4,305030,40,200,1167.0,1272.0,1272.0,8.997429305912597,8.997429305912597,7,7,100,100,True,True,True,0,0,0,0,0,6.528786999999966,4.432963700000073,149,5921
FINAL_P3D_pop40_iter200_2opt_qualitybalanced_relocate,Final CPU configuration selected from pilot: quality-balanced memory-safe 2opt+bounded relocate,A-n54-k7,M-SSA,SSA,2opt_qualitybalanced_relocate,5,305031,40,200,1167.0,1481.0,1481.0,26.906598114824337,26.906598114824337,7,7,99,100,True,True,True,0,0,0,0,0,5.434373999999934,4.337605100000019,163,6481
FINAL_P3D_pop40_iter200_2opt_qualitybalanced_relocate,Final CPU configuration selected from pilot: quality-balanced memory-safe 2opt+bounded relocate,A-n54-k7,M-SSA,SSA,2opt_qualitybalanced_relocate,6,305032,40,200,1167.0,1293.0,1293.0,10.796915167095115,10.796915167095115,7,7,100,100,True,True,True,0,0,0,0,0,6.318584200000032,5.404598600000099,181,7201
FINAL_P3D_pop40_iter200_2opt_qualitybalanced_relocate,Final CPU configuration selected from pilot: quality-balanced memory-safe 2opt+bounded relocate,A-n54-k7,M-SSA,SSA,2opt_qualitybalanced_relocate,7,305033,40,200,1167.0,1252.0,1252.0,7.283633247643531,7.283633247643531,7,7,100,100,True,True,True,0,0,0,0,0,6.334351999999853,5.852888899999925,190,7561
FINAL_P3D_pop40_iter200_2opt_qualitybalanced_relocate,Final CPU configuration selected from pilot: quality-balanced memory-safe 2opt+bounded relocate,A-n54-k7,M-SSA,SSA,2opt_qualitybalanced_relocate,8,305034,40,200,1167.0,1408.0,1408.0,20.651242502142246,20.651242502142246,7,7,100,100,True,True,True,0,0,0,0,0,5.452529499999855,5.42571369999996,200,7961
FINAL_P3D_pop40_iter200_2opt_qualitybalanced_relocate,Final CPU configuration selected from pilot: quality-balanced memory-safe 2opt+bounded relocate,A-n54-k7,M-SSA,SSA,2opt_qualitybalanced_relocate,9,305035,40,200,1167.0,1355.0,1355.0,16.10968294772922,16.10968294772922,7,7,99,100,True,True,True,0,0,0,0,0,5.54325330000006,5.1764923999999155,189,7521
FINAL_P3D_pop40_iter200_2opt_qualitybalanced_relocate,Final CPU configuration selected from pilot: quality-balanced memory-safe 2opt+bounded relocate,A-n54-k7,M-SSA,SSA,2opt_qualitybalanced_relocate,10,305036,40,200,1167.0,1411.0,1411.0,20.908311910882606,20.908311910882606,7,7,100,100,True,True,True,0,0,0,0,0,5.1800803000001,3.816296100000045,148,5881
FINAL_P3D_pop40_iter200_2opt_qualitybalanced_relocate,Final CPU configuration selected from pilot: quality-balanced memory-safe 2opt+bounded relocate,A-n54-k7,M-SSA,SSA,2opt_qualitybalanced_relocate,11,305037,40,200,1167.0,1310.0,1310.0,12.253641816623821,12.253641816623821,7,7,100,100,True,True,True,0,0,0,0,0,6.033055200000035,5.448836700000129,187,7441
FINAL_P3D_pop40_iter200_2opt_qualitybalanced_relocate,Final CPU configuration selected from pilot: quality-balanced memory-safe 2opt+bounded relocate,A-n54-k7,M-SSA,SSA,2opt_qualitybalanced_relocate,12,305038,40,200,1167.0,1361.0,1361.0,16.62382176520994,16.62382176520994,7,7,99,100,True,True,True,0,0,0,0,0,5.463292200000069,5.43686619999994,200,7961
FINAL_P3D_pop40_iter200_2opt_qualitybalanced_relocate,Final CPU configuration selected from pilot: quality-balanced memory-safe 2opt+bounded relocate,A-n54-k7,M-SSA,SSA,2opt_qualitybalanced_relocate,13,305039,40,200,1167.0,1400.0,1400.0,19.96572407883462,19.96572407883462,7,7,100,100,True,True,True,0,0,0,0,0,5.335866899999928,5.2604504999999335,198,7881
FINAL_P3D_pop40_iter200_2opt_qualitybalanced_relocate,Final CPU configuration selected from pilot: quality-balanced memory-safe 2opt+bounded relocate,A-n54-k7,M-SSA,SSA,2opt_qualitybalanced_relocate,14,305040,40,200,1167.0,1318.0,1318.0,12.939160239931448,12.939160239931448,7,7,100,100,True,True,True,0,0,0,0,0,6.339468499999839,6.301128099999914,200,7964
FINAL_P3D_pop40_iter200_2opt_qualitybalanced_relocate,Final CPU configuration selected from pilot: quality-balanced memory-safe 2opt+bounded relocate,A-n54-k7,M-SSA,SSA,2opt_qualitybalanced_relocate,15,305041,40,200,1167.0,1320.0,1320.0,13.110539845758355,13.110539845758355,7,7,100,100,True,True,True,0,0,0,0,0,5.834697399999868,5.563115400000015,194,7759
FINAL_P3D_pop40_iter200_2opt_qualitybalanced_relocate,Final CPU configuration selected from pilot: quality-balanced memory-safe 2opt+bounded relocate,A-n54-k7,M-SSA,SSA,2opt_qualitybalanced_relocate,16,305042,40,200,1167.0,1450.0,1450.0,24.250214224507285,24.250214224507285,7,7,100,100,True,True,True,0,0,0,0,0,5.238419799999974,4.911317699999927,189,7521
FINAL_P3D_pop40_iter200_2opt_qualitybalanced_relocate,Final CPU configuration selected from pilot: quality-balanced memory-safe 2opt+bounded relocate,A-n54-k7,M-SSA,SSA,2opt_qualitybalanced_relocate,17,305043,40,200,1167.0,1325.0,1325.0,13.538988860325622,13.538988860325622,7,7,100,100,True,True,True,0,0,0,0,0,6.138356599999952,5.987879699999894,197,7858
FINAL_P3D_pop40_iter200_2opt_qualitybalanced_relocate,Final CPU configuration selected from pilot: quality-balanced memory-safe 2opt+bounded relocate,A-n54-k7,M-SSA,SSA,2opt_qualitybalanced_relocate,18,305044,40,200,1167.0,1368.0,1368.0,17.223650385604113,17.223650385604113,7,7,100,100,True,True,True,0,0,0,0,0,5.623396200000116,5.454901199999995,196,7831
FINAL_P3D_pop40_iter200_2opt_qualitybalanced_relocate,Final CPU configuration selected from pilot: quality-balanced memory-safe 2opt+bounded relocate,A-n54-k7,M-SSA,SSA,2opt_qualitybalanced_relocate,19,305045,40,200,1167.0,1437.0,1437.0,23.13624678663239,23.13624678663239,7,7,100,100,True,True,True,0,0,0,0,0,5.441789100000051,4.2709930000000895,161,6402
FINAL_P3D_pop40_iter200_2opt_qualitybalanced_relocate,Final CPU configuration selected from pilot: quality-balanced memory-safe 2opt+bounded relocate,A-n54-k7,M-SSA,SSA,2opt_qualitybalanced_relocate,20,305046,40,200,1167.0,1287.0,1287.0,10.282776349614396,10.282776349614396,7,7,100,100,True,True,True,0,0,0,0,0,5.900417000000061,5.634253499999886,195,7761
FINAL_P3D_pop40_iter200_2opt_qualitybalanced_relocate,Final CPU configuration selected from pilot: quality-balanced memory-safe 2opt+bounded relocate,A-n54-k7,M-SSA,SSA,2opt_qualitybalanced_relocate,21,305047,40,200,1167.0,1396.0,1396.0,19.622964867180805,19.622964867180805,7,7,100,100,True,True,True,0,0,0,0,0,5.633743699999968,5.600528999999824,200,7961
FINAL_P3D_pop40_iter200_2opt_qualitybalanced_relocate,Final CPU configuration selected from pilot: quality-balanced memory-safe 2opt+bounded relocate,A-n54-k7,M-SSA,SSA,2opt_qualitybalanced_relocate,22,305048,40,200,1167.0,1515.0,1515.0,29.82005141388175,29.82005141388175,7,7,99,100,True,True,True,0,0,0,0,0,5.324699399999872,5.29477299999985,200,7961
FINAL_P3D_pop40_iter200_2opt_qualitybalanced_relocate,Final CPU configuration selected from pilot: quality-balanced memory-safe 2opt+bounded relocate,A-n54-k7,M-SSA,SSA,2opt_qualitybalanced_relocate,23,305049,40,200,1167.0,1409.0,1409.0,20.7369323050557,20.7369323050557,7,7,100,100,True,True,True,0,0,0,0,0,5.1552999000000455,4.106693299999961,161,6401
FINAL_P3D_pop40_iter200_2opt_qualitybalanced_relocate,Final CPU configuration selected from pilot: quality-balanced memory-safe 2opt+bounded relocate,A-n54-k7,M-SSA,SSA,2opt_qualitybalanced_relocate,24,305050,40,200,1167.0,1309.0,1309.0,12.167952013710368,12.167952013710368,7,7,100,100,True,True,True,0,0,0,0,0,5.907635900000059,5.696509500000047,196,7802
FINAL_P3D_pop40_iter200_2opt_qualitybalanced_relocate,Final CPU configuration selected from pilot: quality-balanced memory-safe 2opt+bounded relocate,A-n54-k7,M-SSA,SSA,2opt_qualitybalanced_relocate,25,305051,40,200,1167.0,1258.0,1258.0,7.79777206512425,7.79777206512425,7,7,100,100,True,True,True,0,0,0,0,0,6.949405099999922,4.303130300000021,141,5626
FINAL_P3D_pop40_iter200_2opt_qualitybalanced_relocate,Final CPU configuration selected from pilot: quality-balanced memory-safe 2opt+bounded relocate,A-n54-k7,M-SSA,SSA,2opt_qualitybalanced_relocate,26,305052,40,200,1167.0,1343.0,1343.0,15.08140531276778,15.08140531276778,7,7,100,100,True,True,True,0,0,0,0,0,5.854125199999999,5.644344899999851,195,7793
FINAL_P3D_pop40_iter200_2opt_qualitybalanced_relocate,Final CPU configuration selected from pilot: quality-balanced memory-safe 2opt+bounded relocate,A-n54-k7,M-SSA,SSA,2opt_qualitybalanced_relocate,27,305053,40,200,1167.0,1498.0,1498.0,28.36332476435304,28.36332476435304,7,7,100,100,True,True,True,0,0,0,0,0,5.15225989999999,5.076071400000046,198,7881
FINAL_P3D_pop40_iter200_2opt_qualitybalanced_relocate,Final CPU configuration selected from pilot: quality-balanced memory-safe 2opt+bounded relocate,A-n54-k7,M-SSA,SSA,2opt_qualitybalanced_relocate,28,305054,40,200,1167.0,1475.0,1475.0,26.392459297343617,26.392459297343617,7,7,100,100,True,True,True,0,0,0,0,0,5.336885999999822,4.151871399999891,157,6241
FINAL_P3D_pop40_iter200_2opt_qualitybalanced_relocate,Final CPU configuration selected from pilot: quality-balanced memory-safe 2opt+bounded relocate,A-n54-k7,M-SSA,SSA,2opt_qualitybalanced_relocate,29,305055,40,200,1167.0,1452.0,1452.0,24.42159383033419,24.42159383033419,7,7,100,100,True,True,True,0,0,0,0,0,5.120870399999831,5.043375499999911,198,7882
FINAL_P3D_pop40_iter200_2opt_qualitybalanced_relocate,Final CPU configuration selected from pilot: quality-balanced memory-safe 2opt+bounded relocate,A-n54-k7,M-SSA,SSA,2opt_qualitybalanced_relocate,30,305056,40,200,1167.0,1347.0,1347.0,15.424164524421593,15.424164524421593,7,7,99,100,True,True,True,0,0,0,0,0,5.225969500000019,4.716927599999963,182,7241
FINAL_P3D_pop40_iter200_2opt_qualitybalanced_relocate,Final CPU configuration selected from pilot: quality-balanced memory-safe 2opt+bounded relocate,A-n60-k9,WOA,WOA,none,1,402027,40,200,1354.0,2460.0,2460.0,81.68389955686854,81.68389955686854,9,9,100,100,True,True,True,0,0,0,0,0,0.3207956999999624,0.1457977000000028,73,2910
FINAL_P3D_pop40_iter200_2opt_qualitybalanced_relocate,Final CPU configuration selected from pilot: quality-balanced memory-safe 2opt+bounded relocate,A-n60-k9,WOA,WOA,none,2,402028,40,200,1354.0,2442.0,2442.0,80.35450516986707,80.35450516986707,9,9,98,100,True,True,True,0,0,0,0,0,0.3924896999999419,0.31336549999991803,148,5917
FINAL_P3D_pop40_iter200_2opt_qualitybalanced_relocate,Final CPU configuration selected from pilot: quality-balanced memory-safe 2opt+bounded relocate,A-n60-k9,WOA,WOA,none,3,402029,40,200,1354.0,2429.0,2429.0,79.3943870014771,79.3943870014771,9,9,100,100,True,True,True,0,0,0,0,0,0.3740150999999514,0.27761690000011185,127,5061
FINAL_P3D_pop40_iter200_2opt_qualitybalanced_relocate,Final CPU configuration selected from pilot: quality-balanced memory-safe 2opt+bounded relocate,A-n60-k9,WOA,WOA,none,4,402030,40,200,1354.0,2345.0,2345.0,73.19054652880355,73.19054652880355,9,9,99,100,True,True,True,0,0,0,0,0,0.3233374000001277,0.16133540000009816,78,3082
FINAL_P3D_pop40_iter200_2opt_qualitybalanced_relocate,Final CPU configuration selected from pilot: quality-balanced memory-safe 2opt+bounded relocate,A-n60-k9,WOA,WOA,none,5,402031,40,200,1354.0,2092.0,2092.0,54.50516986706056,54.50516986706056,9,9,100,100,True,True,True,0,0,0,0,0,0.32690200000001823,0.162097200000062,78,3084
FINAL_P3D_pop40_iter200_2opt_qualitybalanced_relocate,Final CPU configuration selected from pilot: quality-balanced memory-safe 2opt+bounded relocate,A-n60-k9,WOA,WOA,none,6,402032,40,200,1354.0,2207.0,2207.0,62.998522895125554,62.998522895125554,9,9,99,100,True,True,True,0,0,0,0,0,0.3005611000000954,0.11923969999998008,61,2436
FINAL_P3D_pop40_iter200_2opt_qualitybalanced_relocate,Final CPU configuration selected from pilot: quality-balanced memory-safe 2opt+bounded relocate,A-n60-k9,WOA,WOA,none,7,402033,40,200,1354.0,3080.0,3080.0,127.47415066469719,127.47415066469719,9,9,100,100,True,True,True,0,0,0,0,0,0.33646539999995184,0.016329699999914737,6,225
FINAL_P3D_pop40_iter200_2opt_qualitybalanced_relocate,Final CPU configuration selected from pilot: quality-balanced memory-safe 2opt+bounded relocate,A-n60-k9,WOA,WOA,none,8,402034,40,200,1354.0,2687.0,2687.0,98.44903988183161,98.44903988183161,9,9,99,100,True,True,True,0,0,0,0,0,0.40291879999995217,0.014884400000028108,6,213
FINAL_P3D_pop40_iter200_2opt_qualitybalanced_relocate,Final CPU configuration selected from pilot: quality-balanced memory-safe 2opt+bounded relocate,A-n60-k9,WOA,WOA,none,9,402035,40,200,1354.0,2530.0,2530.0,86.85376661742984,86.85376661742984,9,9,99,100,True,True,True,0,0,0,0,0,0.2951554000001124,0.15842590000011114,94,3755
FINAL_P3D_pop40_iter200_2opt_qualitybalanced_relocate,Final CPU configuration selected from pilot: quality-balanced memory-safe 2opt+bounded relocate,A-n60-k9,WOA,WOA,none,10,402036,40,200,1354.0,2512.0,2512.0,85.52437223042836,85.52437223042836,9,9,100,100,True,True,True,0,0,0,0,0,0.3257869000001392,0.18909240000016325,93,3708
FINAL_P3D_pop40_iter200_2opt_qualitybalanced_relocate,Final CPU configuration selected from pilot: quality-balanced memory-safe 2opt+bounded relocate,A-n60-k9,WOA,WOA,none,11,402037,40,200,1354.0,2682.0,2682.0,98.07976366322009,98.07976366322009,9,9,99,100,True,True,True,0,0,0,0,0,0.336480199999869,0.05239710000000741,23,904
FINAL_P3D_pop40_iter200_2opt_qualitybalanced_relocate,Final CPU configuration selected from pilot: quality-balanced memory-safe 2opt+bounded relocate,A-n60-k9,WOA,WOA,none,12,402038,40,200,1354.0,2477.0,2477.0,82.9394387001477,82.9394387001477,9,9,100,100,True,True,True,0,0,0,0,0,0.41677869999989525,0.22768189999987953,79,3134
FINAL_P3D_pop40_iter200_2opt_qualitybalanced_relocate,Final CPU configuration selected from pilot: quality-balanced memory-safe 2opt+bounded relocate,A-n60-k9,WOA,WOA,none,13,402039,40,200,1354.0,2714.0,2714.0,100.44313146233382,100.44313146233382,9,9,100,100,True,True,True,0,0,0,0,0,0.3284679999999298,0.12857089999988602,55,2197
FINAL_P3D_pop40_iter200_2opt_qualitybalanced_relocate,Final CPU configuration selected from pilot: quality-balanced memory-safe 2opt+bounded relocate,A-n60-k9,WOA,WOA,none,14,402040,40,200,1354.0,2396.0,2396.0,76.95716395864106,76.95716395864106,9,9,100,100,True,True,True,0,0,0,0,0,0.34625400000004447,0.23577460000001338,125,4972
FINAL_P3D_pop40_iter200_2opt_qualitybalanced_relocate,Final CPU configuration selected from pilot: quality-balanced memory-safe 2opt+bounded relocate,A-n60-k9,WOA,WOA,none,15,402041,40,200,1354.0,2695.0,2695.0,99.03988183161005,99.03988183161005,9,9,100,100,True,True,True,0,0,0,0,0,0.4944376999999349,0.12898810000001504,56,2236
FINAL_P3D_pop40_iter200_2opt_qualitybalanced_relocate,Final CPU configuration selected from pilot: quality-balanced memory-safe 2opt+bounded relocate,A-n60-k9,WOA,WOA,none,16,402042,40,200,1354.0,2646.0,2646.0,95.42097488921713,95.42097488921713,9,9,99,100,True,True,True,0,0,0,0,0,0.32155199999988326,0.06884519999994154,29,1155
FINAL_P3D_pop40_iter200_2opt_qualitybalanced_relocate,Final CPU configuration selected from pilot: quality-balanced memory-safe 2opt+bounded relocate,A-n60-k9,WOA,WOA,none,17,402043,40,200,1354.0,2562.0,2562.0,89.21713441654357,89.21713441654357,9,9,98,100,True,True,True,0,0,0,0,0,0.34187710000014704,0.2141662000001361,110,4374
FINAL_P3D_pop40_iter200_2opt_qualitybalanced_relocate,Final CPU configuration selected from pilot: quality-balanced memory-safe 2opt+bounded relocate,A-n60-k9,WOA,WOA,none,18,402044,40,200,1354.0,2419.0,2419.0,78.65583456425406,78.65583456425406,9,9,99,100,True,True,True,0,0,0,0,0,0.3332868999998482,0.2168139999998857,110,4375
FINAL_P3D_pop40_iter200_2opt_qualitybalanced_relocate,Final CPU configuration selected from pilot: quality-balanced memory-safe 2opt+bounded relocate,A-n60-k9,WOA,WOA,none,19,402045,40,200,1354.0,2297.0,2297.0,69.64549483013293,69.64549483013293,9,9,100,100,True,True,True,0,0,0,0,0,0.3516061999998783,0.2633226000000377,136,5405
FINAL_P3D_pop40_iter200_2opt_qualitybalanced_relocate,Final CPU configuration selected from pilot: quality-balanced memory-safe 2opt+bounded relocate,A-n60-k9,WOA,WOA,none,20,402046,40,200,1354.0,2404.0,2404.0,77.5480059084195,77.5480059084195,9,9,99,100,True,True,True,0,0,0,0,0,0.3113172000000759,0.16753930000004402,92,3645
FINAL_P3D_pop40_iter200_2opt_qualitybalanced_relocate,Final CPU configuration selected from pilot: quality-balanced memory-safe 2opt+bounded relocate,A-n60-k9,WOA,WOA,none,21,402047,40,200,1354.0,2153.0,2153.0,59.010339734121125,59.010339734121125,9,9,100,100,True,True,True,0,0,0,0,0,0.3498788000001696,0.2570226000000275,130,5195
FINAL_P3D_pop40_iter200_2opt_qualitybalanced_relocate,Final CPU configuration selected from pilot: quality-balanced memory-safe 2opt+bounded relocate,A-n60-k9,WOA,WOA,none,22,402048,40,200,1354.0,2381.0,2381.0,75.8493353028065,75.8493353028065,9,9,100,100,True,True,True,0,0,0,0,0,0.3435222000000522,0.3179497999999512,181,7235
FINAL_P3D_pop40_iter200_2opt_qualitybalanced_relocate,Final CPU configuration selected from pilot: quality-balanced memory-safe 2opt+bounded relocate,A-n60-k9,WOA,WOA,none,23,402049,40,200,1354.0,2460.0,2460.0,81.68389955686854,81.68389955686854,9,9,100,100,True,True,True,0,0,0,0,0,0.44000819999996565,0.4193537999999535,189,7554
FINAL_P3D_pop40_iter200_2opt_qualitybalanced_relocate,Final CPU configuration selected from pilot: quality-balanced memory-safe 2opt+bounded relocate,A-n60-k9,WOA,WOA,none,24,402050,40,200,1354.0,2426.0,2426.0,79.1728212703102,79.1728212703102,9,9,100,100,True,True,True,0,0,0,0,0,0.4547860000000128,0.38795010000012553,153,6112
FINAL_P3D_pop40_iter200_2opt_qualitybalanced_relocate,Final CPU configuration selected from pilot: quality-balanced memory-safe 2opt+bounded relocate,A-n60-k9,WOA,WOA,none,25,402051,40,200,1354.0,2556.0,2556.0,88.77400295420975,88.77400295420975,9,9,100,100,True,True,True,0,0,0,0,0,0.3485699000000295,0.2263297000001785,104,4131
FINAL_P3D_pop40_iter200_2opt_qualitybalanced_relocate,Final CPU configuration selected from pilot: quality-balanced memory-safe 2opt+bounded relocate,A-n60-k9,WOA,WOA,none,26,402052,40,200,1354.0,2427.0,2427.0,79.2466765140325,79.2466765140325,9,9,97,100,True,True,True,0,0,0,0,0,0.450445899999977,0.3514461999998275,125,4978
FINAL_P3D_pop40_iter200_2opt_qualitybalanced_relocate,Final CPU configuration selected from pilot: quality-balanced memory-safe 2opt+bounded relocate,A-n60-k9,WOA,WOA,none,27,402053,40,200,1354.0,2479.0,2479.0,83.08714918759232,83.08714918759232,9,9,98,100,True,True,True,0,0,0,0,0,0.3452097999997932,0.19412489999990612,96,3816
FINAL_P3D_pop40_iter200_2opt_qualitybalanced_relocate,Final CPU configuration selected from pilot: quality-balanced memory-safe 2opt+bounded relocate,A-n60-k9,WOA,WOA,none,28,402054,40,200,1354.0,2304.0,2304.0,70.16248153618906,70.16248153618906,9,9,99,100,True,True,True,0,0,0,0,0,0.3410002999999051,0.28480100000001585,157,6260
FINAL_P3D_pop40_iter200_2opt_qualitybalanced_relocate,Final CPU configuration selected from pilot: quality-balanced memory-safe 2opt+bounded relocate,A-n60-k9,WOA,WOA,none,29,402055,40,200,1354.0,2187.0,2187.0,61.52141802067947,61.52141802067947,9,9,100,100,True,True,True,0,0,0,0,0,0.3219311000000289,0.16889279999986684,84,3324
FINAL_P3D_pop40_iter200_2opt_qualitybalanced_relocate,Final CPU configuration selected from pilot: quality-balanced memory-safe 2opt+bounded relocate,A-n60-k9,WOA,WOA,none,30,402056,40,200,1354.0,2888.0,2888.0,113.29394387001477,113.29394387001477,9,9,100,100,True,True,True,0,0,0,0,0,0.3368361999998797,0.00433870000006209,2,63
FINAL_P3D_pop40_iter200_2opt_qualitybalanced_relocate,Final CPU configuration selected from pilot: quality-balanced memory-safe 2opt+bounded relocate,A-n60-k9,SSA,SSA,none,1,403027,40,200,1354.0,2815.0,2815.0,107.90251107828657,107.90251107828657,9,9,100,100,True,True,True,0,0,0,0,0,0.4437179000001379,0.36068390000014006,134,5322
FINAL_P3D_pop40_iter200_2opt_qualitybalanced_relocate,Final CPU configuration selected from pilot: quality-balanced memory-safe 2opt+bounded relocate,A-n60-k9,SSA,SSA,none,2,403028,40,200,1354.0,2644.0,2644.0,95.27326440177252,95.27326440177252,9,9,100,100,True,True,True,0,0,0,0,0,0.44779429999994136,0.35256779999986065,131,5203
FINAL_P3D_pop40_iter200_2opt_qualitybalanced_relocate,Final CPU configuration selected from pilot: quality-balanced memory-safe 2opt+bounded relocate,A-n60-k9,SSA,SSA,none,3,403029,40,200,1354.0,2866.0,2866.0,111.66912850812407,111.66912850812407,9,9,100,100,True,True,True,0,0,0,0,0,0.44110969999996996,0.4075026999998954,173,6908
FINAL_P3D_pop40_iter200_2opt_qualitybalanced_relocate,Final CPU configuration selected from pilot: quality-balanced memory-safe 2opt+bounded relocate,A-n60-k9,SSA,SSA,none,4,403030,40,200,1354.0,2666.0,2666.0,96.89807976366322,96.89807976366322,9,9,99,100,True,True,True,0,0,0,0,0,0.4467812000000322,0.3643535000001066,136,5405
FINAL_P3D_pop40_iter200_2opt_qualitybalanced_relocate,Final CPU configuration selected from pilot: quality-balanced memory-safe 2opt+bounded relocate,A-n60-k9,SSA,SSA,none,5,403031,40,200,1354.0,2540.0,2540.0,87.59231905465288,87.59231905465288,9,9,99,100,True,True,True,0,0,0,0,0,0.43459630000006655,0.3448980999999094,133,5283
FINAL_P3D_pop40_iter200_2opt_qualitybalanced_relocate,Final CPU configuration selected from pilot: quality-balanced memory-safe 2opt+bounded relocate,A-n60-k9,SSA,SSA,none,6,403032,40,200,1354.0,2769.0,2769.0,104.50516986706056,104.50516986706056,9,9,100,100,True,True,True,0,0,0,0,0,0.47370169999999234,0.40821090000008553,148,5882
FINAL_P3D_pop40_iter200_2opt_qualitybalanced_relocate,Final CPU configuration selected from pilot: quality-balanced memory-safe 2opt+bounded relocate,A-n60-k9,SSA,SSA,none,7,403033,40,200,1354.0,2657.0,2657.0,96.23338257016248,96.23338257016248,9,9,99,100,True,True,True,0,0,0,0,0,0.4408356999999796,0.37374839999984033,147,5841
FINAL_P3D_pop40_iter200_2opt_qualitybalanced_relocate,Final CPU configuration selected from pilot: quality-balanced memory-safe 2opt+bounded relocate,A-n60-k9,SSA,SSA,none,8,403034,40,200,1354.0,2837.0,2837.0,109.52732644017725,109.52732644017725,9,9,100,100,True,True,True,0,0,0,0,0,0.444972099999859,0.35076970000000074,135,5363
FINAL_P3D_pop40_iter200_2opt_qualitybalanced_relocate,Final CPU configuration selected from pilot: quality-balanced memory-safe 2opt+bounded relocate,A-n60-k9,SSA,SSA,none,9,403035,40,200,1354.0,2457.0,2457.0,81.46233382570162,81.46233382570162,9,9,98,100,True,True,True,0,0,0,0,0,0.46660819999988234,0.4078856999999516,161,6401
FINAL_P3D_pop40_iter200_2opt_qualitybalanced_relocate,Final CPU configuration selected from pilot: quality-balanced memory-safe 2opt+bounded relocate,A-n60-k9,SSA,SSA,none,10,403036,40,200,1354.0,2831.0,2831.0,109.08419497784342,109.08419497784342,9,9,100,100,True,True,True,0,0,0,0,0,0.4305525000002035,0.36645370000019284,154,6121
FINAL_P3D_pop40_iter200_2opt_qualitybalanced_relocate,Final CPU configuration selected from pilot: quality-balanced memory-safe 2opt+bounded relocate,A-n60-k9,SSA,SSA,none,11,403037,40,200,1354.0,2761.0,2761.0,103.91432791728212,103.91432791728212,9,9,100,100,True,True,True,0,0,0,0,0,0.5122303999999076,0.3975216999999702,126,5002
FINAL_P3D_pop40_iter200_2opt_qualitybalanced_relocate,Final CPU configuration selected from pilot: quality-balanced memory-safe 2opt+bounded relocate,A-n60-k9,SSA,SSA,none,12,403038,40,200,1354.0,2832.0,2832.0,109.15805022156573,109.15805022156573,9,9,100,100,True,True,True,0,0,0,0,0,0.4164604000000054,0.3360548000000563,139,5524
FINAL_P3D_pop40_iter200_2opt_qualitybalanced_relocate,Final CPU configuration selected from pilot: quality-balanced memory-safe 2opt+bounded relocate,A-n60-k9,SSA,SSA,none,13,403039,40,200,1354.0,2523.0,2523.0,86.33677991137371,86.33677991137371,9,9,100,100,True,True,True,0,0,0,0,0,0.5487361000000419,0.49081359999991037,158,6282
FINAL_P3D_pop40_iter200_2opt_qualitybalanced_relocate,Final CPU configuration selected from pilot: quality-balanced memory-safe 2opt+bounded relocate,A-n60-k9,SSA,SSA,none,14,403040,40,200,1354.0,2822.0,2822.0,108.41949778434268,108.41949778434268,9,9,100,100,True,True,True,0,0,0,0,0,0.47050500000000284,0.3461672000000817,126,5003
FINAL_P3D_pop40_iter200_2opt_qualitybalanced_relocate,Final CPU configuration selected from pilot: quality-balanced memory-safe 2opt+bounded relocate,A-n60-k9,SSA,SSA,none,15,403041,40,200,1354.0,2736.0,2736.0,102.06794682422452,102.06794682422452,9,9,100,100,True,True,True,0,0,0,0,0,0.4392359999999371,0.38361190000000533,164,6542
FINAL_P3D_pop40_iter200_2opt_qualitybalanced_relocate,Final CPU configuration selected from pilot: quality-balanced memory-safe 2opt+bounded relocate,A-n60-k9,SSA,SSA,none,16,403042,40,200,1354.0,2544.0,2544.0,87.8877400295421,87.8877400295421,9,9,100,100,True,True,True,0,0,0,0,0,0.4584351000000879,0.3641697999998996,136,5403
FINAL_P3D_pop40_iter200_2opt_qualitybalanced_relocate,Final CPU configuration selected from pilot: quality-balanced memory-safe 2opt+bounded relocate,A-n60-k9,SSA,SSA,none,17,403043,40,200,1354.0,2869.0,2869.0,111.890694239291,111.890694239291,9,9,100,100,True,True,True,0,0,0,0,0,0.4573072000000593,0.39028830000006565,147,5841
FINAL_P3D_pop40_iter200_2opt_qualitybalanced_relocate,Final CPU configuration selected from pilot: quality-balanced memory-safe 2opt+bounded relocate,A-n60-k9,SSA,SSA,none,18,403044,40,200,1354.0,2842.0,2842.0,109.89660265878878,109.89660265878878,9,9,99,100,True,True,True,0,0,0,0,0,0.4600817000000461,0.3857097000000067,141,5602
FINAL_P3D_pop40_iter200_2opt_qualitybalanced_relocate,Final CPU configuration selected from pilot: quality-balanced memory-safe 2opt+bounded relocate,A-n60-k9,SSA,SSA,none,19,403045,40,200,1354.0,2658.0,2658.0,96.30723781388478,96.30723781388478,9,9,100,100,True,True,True,0,0,0,0,0,0.5160673000000315,0.4610940000000028,158,6282
FINAL_P3D_pop40_iter200_2opt_qualitybalanced_relocate,Final CPU configuration selected from pilot: quality-balanced memory-safe 2opt+bounded relocate,A-n60-k9,SSA,SSA,none,20,403046,40,200,1354.0,2877.0,2877.0,112.48153618906943,112.48153618906943,9,9,100,100,True,True,True,0,0,0,0,0,0.46741689999998925,0.3576018000001113,130,5163
FINAL_P3D_pop40_iter200_2opt_qualitybalanced_relocate,Final CPU configuration selected from pilot: quality-balanced memory-safe 2opt+bounded relocate,A-n60-k9,SSA,SSA,none,21,403047,40,200,1354.0,2831.0,2831.0,109.08419497784342,109.08419497784342,9,9,100,100,True,True,True,0,0,0,0,0,0.47303290000013476,0.38295270000003256,134,5321
FINAL_P3D_pop40_iter200_2opt_qualitybalanced_relocate,Final CPU configuration selected from pilot: quality-balanced memory-safe 2opt+bounded relocate,A-n60-k9,SSA,SSA,none,22,403048,40,200,1354.0,2735.0,2735.0,101.99409158050221,101.99409158050221,9,9,100,100,True,True,True,0,0,0,0,0,0.46985960000006344,0.44777380000004996,183,7320
FINAL_P3D_pop40_iter200_2opt_qualitybalanced_relocate,Final CPU configuration selected from pilot: quality-balanced memory-safe 2opt+bounded relocate,A-n60-k9,SSA,SSA,none,23,403049,40,200,1354.0,2786.0,2786.0,105.76070901033974,105.76070901033974,9,9,100,100,True,True,True,0,0,0,0,0,0.5202366000000893,0.39972050000005765,138,5482
FINAL_P3D_pop40_iter200_2opt_qualitybalanced_relocate,Final CPU configuration selected from pilot: quality-balanced memory-safe 2opt+bounded relocate,A-n60-k9,SSA,SSA,none,24,403050,40,200,1354.0,2659.0,2659.0,96.38109305760709,96.38109305760709,9,9,100,100,True,True,True,0,0,0,0,0,0.43576729999995223,0.37183299999992414,148,5882
FINAL_P3D_pop40_iter200_2opt_qualitybalanced_relocate,Final CPU configuration selected from pilot: quality-balanced memory-safe 2opt+bounded relocate,A-n60-k9,SSA,SSA,none,25,403051,40,200,1354.0,2795.0,2795.0,106.42540620384047,106.42540620384047,9,9,100,100,True,True,True,0,0,0,0,0,0.42682719999993424,0.3594089000000622,147,5841
FINAL_P3D_pop40_iter200_2opt_qualitybalanced_relocate,Final CPU configuration selected from pilot: quality-balanced memory-safe 2opt+bounded relocate,A-n60-k9,SSA,SSA,none,26,403052,40,200,1354.0,2566.0,2566.0,89.5125553914328,89.5125553914328,9,9,100,100,True,True,True,0,0,0,0,0,0.5296825000000354,0.4487261000001581,162,6445
FINAL_P3D_pop40_iter200_2opt_qualitybalanced_relocate,Final CPU configuration selected from pilot: quality-balanced memory-safe 2opt+bounded relocate,A-n60-k9,SSA,SSA,none,27,403053,40,200,1354.0,2825.0,2825.0,108.6410635155096,108.6410635155096,9,9,100,100,True,True,True,0,0,0,0,0,0.4196779000001243,0.32807720000005247,128,5081
FINAL_P3D_pop40_iter200_2opt_qualitybalanced_relocate,Final CPU configuration selected from pilot: quality-balanced memory-safe 2opt+bounded relocate,A-n60-k9,SSA,SSA,none,28,403054,40,200,1354.0,2870.0,2870.0,111.9645494830133,111.9645494830133,9,9,99,100,True,True,True,0,0,0,0,0,0.43602899999996225,0.4017593000000943,173,6918
FINAL_P3D_pop40_iter200_2opt_qualitybalanced_relocate,Final CPU configuration selected from pilot: quality-balanced memory-safe 2opt+bounded relocate,A-n60-k9,SSA,SSA,none,29,403055,40,200,1354.0,2658.0,2658.0,96.30723781388478,96.30723781388478,9,9,98,100,True,True,True,0,0,0,0,0,0.4175981999999294,0.3770990000000438,167,6674
FINAL_P3D_pop40_iter200_2opt_qualitybalanced_relocate,Final CPU configuration selected from pilot: quality-balanced memory-safe 2opt+bounded relocate,A-n60-k9,SSA,SSA,none,30,403056,40,200,1354.0,2652.0,2652.0,95.86410635155096,95.86410635155096,9,9,100,100,True,True,True,0,0,0,0,0,0.430537700000059,0.34148929999992106,136,5414
FINAL_P3D_pop40_iter200_2opt_qualitybalanced_relocate,Final CPU configuration selected from pilot: quality-balanced memory-safe 2opt+bounded relocate,A-n60-k9,M-WOA,WOA,2opt_qualitybalanced_relocate,1,404027,40,200,1354.0,1570.0,1570.0,15.952732644017726,15.952732644017726,9,9,100,100,True,True,True,0,0,0,0,0,6.907091600000058,2.486928700000135,93,3702
FINAL_P3D_pop40_iter200_2opt_qualitybalanced_relocate,Final CPU configuration selected from pilot: quality-balanced memory-safe 2opt+bounded relocate,A-n60-k9,M-WOA,WOA,2opt_qualitybalanced_relocate,2,404028,40,200,1354.0,1561.0,1561.0,15.288035450516986,15.288035450516986,9,9,100,100,True,True,True,0,0,0,0,0,7.552945200000067,6.211181699999997,170,6797
FINAL_P3D_pop40_iter200_2opt_qualitybalanced_relocate,Final CPU configuration selected from pilot: quality-balanced memory-safe 2opt+bounded relocate,A-n60-k9,M-WOA,WOA,2opt_qualitybalanced_relocate,3,404029,40,200,1354.0,1472.0,1472.0,8.714918759231905,8.714918759231905,9,9,100,100,True,True,True,0,0,0,0,0,9.055080900000121,8.330554800000073,189,7550
FINAL_P3D_pop40_iter200_2opt_qualitybalanced_relocate,Final CPU configuration selected from pilot: quality-balanced memory-safe 2opt+bounded relocate,A-n60-k9,M-WOA,WOA,2opt_qualitybalanced_relocate,4,404030,40,200,1354.0,1580.0,1580.0,16.691285081240768,16.691285081240768,9,9,99,100,True,True,True,0,0,0,0,0,5.694157299999915,3.6037845000000743,132,5263
FINAL_P3D_pop40_iter200_2opt_qualitybalanced_relocate,Final CPU configuration selected from pilot: quality-balanced memory-safe 2opt+bounded relocate,A-n60-k9,M-WOA,WOA,2opt_qualitybalanced_relocate,5,404031,40,200,1354.0,1579.0,1579.0,16.617429837518465,16.617429837518465,9,9,100,100,True,True,True,0,0,0,0,0,6.64139739999996,1.8431892000000971,64,2522
FINAL_P3D_pop40_iter200_2opt_qualitybalanced_relocate,Final CPU configuration selected from pilot: quality-balanced memory-safe 2opt+bounded relocate,A-n60-k9,M-WOA,WOA,2opt_qualitybalanced_relocate,6,404032,40,200,1354.0,1497.0,1497.0,10.561299852289512,10.561299852289512,9,9,99,100,True,True,True,0,0,0,0,0,6.466889199999969,3.4519536999998763,134,5337
FINAL_P3D_pop40_iter200_2opt_qualitybalanced_relocate,Final CPU configuration selected from pilot: quality-balanced memory-safe 2opt+bounded relocate,A-n60-k9,M-WOA,WOA,2opt_qualitybalanced_relocate,7,404033,40,200,1354.0,1502.0,1502.0,10.930576070901035,10.930576070901035,9,9,100,100,True,True,True,0,0,0,0,0,5.6644350999999915,2.6477270000000317,85,3384
FINAL_P3D_pop40_iter200_2opt_qualitybalanced_relocate,Final CPU configuration selected from pilot: quality-balanced memory-safe 2opt+bounded relocate,A-n60-k9,M-WOA,WOA,2opt_qualitybalanced_relocate,8,404034,40,200,1354.0,1522.0,1522.0,12.407680945347119,12.407680945347119,9,9,100,100,True,True,True,0,0,0,0,0,9.601793799999996,3.5447532000000592,80,3164
FINAL_P3D_pop40_iter200_2opt_qualitybalanced_relocate,Final CPU configuration selected from pilot: quality-balanced memory-safe 2opt+bounded relocate,A-n60-k9,M-WOA,WOA,2opt_qualitybalanced_relocate,9,404035,40,200,1354.0,1786.0,1786.0,31.90546528803545,31.90546528803545,9,9,100,100,True,True,True,0,0,0,0,0,4.578870199999983,1.5572528999998667,67,2663
FINAL_P3D_pop40_iter200_2opt_qualitybalanced_relocate,Final CPU configuration selected from pilot: quality-balanced memory-safe 2opt+bounded relocate,A-n60-k9,M-WOA,WOA,2opt_qualitybalanced_relocate,10,404036,40,200,1354.0,1658.0,1658.0,22.451994091580502,22.451994091580502,9,9,100,100,True,True,True,0,0,0,0,0,7.836295500000006,0.9528602999998839,40,1592
FINAL_P3D_pop40_iter200_2opt_qualitybalanced_relocate,Final CPU configuration selected from pilot: quality-balanced memory-safe 2opt+bounded relocate,A-n60-k9,M-WOA,WOA,2opt_qualitybalanced_relocate,11,404037,40,200,1354.0,1703.0,1703.0,25.775480059084195,25.775480059084195,9,9,100,100,True,True,True,0,0,0,0,0,12.365963700000066,0.30532590000007076,8,301
FINAL_P3D_pop40_iter200_2opt_qualitybalanced_relocate,Final CPU configuration selected from pilot: quality-balanced memory-safe 2opt+bounded relocate,A-n60-k9,M-WOA,WOA,2opt_qualitybalanced_relocate,12,404038,40,200,1354.0,1494.0,1494.0,10.3397341211226,10.3397341211226,9,9,100,100,True,True,True,0,0,0,0,0,14.481538300000011,7.0901971000000685,106,4239
FINAL_P3D_pop40_iter200_2opt_qualitybalanced_relocate,Final CPU configuration selected from pilot: quality-balanced memory-safe 2opt+bounded relocate,A-n60-k9,M-WOA,WOA,2opt_qualitybalanced_relocate,13,404039,40,200,1354.0,1435.0,1435.0,5.982274741506647,5.982274741506647,9,9,100,100,True,True,True,0,0,0,0,0,14.631695799999989,12.952773699999852,173,6882
FINAL_P3D_pop40_iter200_2opt_qualitybalanced_relocate,Final CPU configuration selected from pilot: quality-balanced memory-safe 2opt+bounded relocate,A-n60-k9,M-WOA,WOA,2opt_qualitybalanced_relocate,14,404040,40,200,1354.0,1705.0,1705.0,25.923190546528804,25.923190546528804,9,9,100,100,True,True,True,0,0,0,0,0,5.523736299999882,4.241265799999837,148,5894
FINAL_P3D_pop40_iter200_2opt_qualitybalanced_relocate,Final CPU configuration selected from pilot: quality-balanced memory-safe 2opt+bounded relocate,A-n60-k9,M-WOA,WOA,2opt_qualitybalanced_relocate,15,404041,40,200,1354.0,1427.0,1427.0,5.391432791728213,5.391432791728213,9,9,100,100,True,True,True,0,0,0,0,0,9.602790300000152,4.686407000000145,121,4821
FINAL_P3D_pop40_iter200_2opt_qualitybalanced_relocate,Final CPU configuration selected from pilot: quality-balanced memory-safe 2opt+bounded relocate,A-n60-k9,M-WOA,WOA,2opt_qualitybalanced_relocate,16,404042,40,200,1354.0,1534.0,1534.0,13.293943870014772,13.293943870014772,9,9,100,100,True,True,True,0,0,0,0,0,7.267992100000129,5.5035407000000305,162,6459
FINAL_P3D_pop40_iter200_2opt_qualitybalanced_relocate,Final CPU configuration selected from pilot: quality-balanced memory-safe 2opt+bounded relocate,A-n60-k9,M-WOA,WOA,2opt_qualitybalanced_relocate,17,404043,40,200,1354.0,1557.0,1557.0,14.99261447562777,14.99261447562777,9,9,100,100,True,True,True,0,0,0,0,0,5.457201799999893,4.836383000000069,185,7396
FINAL_P3D_pop40_iter200_2opt_qualitybalanced_relocate,Final CPU configuration selected from pilot: quality-balanced memory-safe 2opt+bounded relocate,A-n60-k9,M-WOA,WOA,2opt_qualitybalanced_relocate,18,404044,40,200,1354.0,1575.0,1575.0,16.322008862629247,16.322008862629247,9,9,100,100,True,True,True,0,0,0,0,0,6.888146600000027,6.343150100000003,192,7656
FINAL_P3D_pop40_iter200_2opt_qualitybalanced_relocate,Final CPU configuration selected from pilot: quality-balanced memory-safe 2opt+bounded relocate,A-n60-k9,M-WOA,WOA,2opt_qualitybalanced_relocate,19,404045,40,200,1354.0,1636.0,1636.0,20.82717872968981,20.82717872968981,9,9,100,100,True,True,True,0,0,0,0,0,8.630211299999928,0.33555759999990187,12,448
FINAL_P3D_pop40_iter200_2opt_qualitybalanced_relocate,Final CPU configuration selected from pilot: quality-balanced memory-safe 2opt+bounded relocate,A-n60-k9,M-WOA,WOA,2opt_qualitybalanced_relocate,20,404046,40,200,1354.0,1614.0,1614.0,19.202363367799112,19.202363367799112,9,9,100,100,True,True,True,0,0,0,0,0,5.309162499999957,4.753980899999988,183,7291
FINAL_P3D_pop40_iter200_2opt_qualitybalanced_relocate,Final CPU configuration selected from pilot: quality-balanced memory-safe 2opt+bounded relocate,A-n60-k9,M-WOA,WOA,2opt_qualitybalanced_relocate,21,404047,40,200,1354.0,1516.0,1516.0,11.964549483013293,11.964549483013293,9,9,100,100,True,True,True,0,0,0,0,0,4.87410419999992,3.7146817999998802,160,6367
FINAL_P3D_pop40_iter200_2opt_qualitybalanced_relocate,Final CPU configuration selected from pilot: quality-balanced memory-safe 2opt+bounded relocate,A-n60-k9,M-WOA,WOA,2opt_qualitybalanced_relocate,22,404048,40,200,1354.0,1649.0,1649.0,21.787296898079763,21.787296898079763,9,9,100,100,True,True,True,0,0,0,0,0,5.446347800000012,0.643257100000028,29,1157
FINAL_P3D_pop40_iter200_2opt_qualitybalanced_relocate,Final CPU configuration selected from pilot: quality-balanced memory-safe 2opt+bounded relocate,A-n60-k9,M-WOA,WOA,2opt_qualitybalanced_relocate,23,404049,40,200,1354.0,1460.0,1460.0,7.828655834564254,7.828655834564254,9,9,99,100,True,True,True,0,0,0,0,0,9.353276800000003,6.179499000000078,148,5897
FINAL_P3D_pop40_iter200_2opt_qualitybalanced_relocate,Final CPU configuration selected from pilot: quality-balanced memory-safe 2opt+bounded relocate,A-n60-k9,M-WOA,WOA,2opt_qualitybalanced_relocate,24,404050,40,200,1354.0,1548.0,1548.0,14.32791728212703,14.32791728212703,9,9,100,100,True,True,True,0,0,0,0,0,4.932941300000039,2.8697173000000475,109,4328
FINAL_P3D_pop40_iter200_2opt_qualitybalanced_relocate,Final CPU configuration selected from pilot: quality-balanced memory-safe 2opt+bounded relocate,A-n60-k9,M-WOA,WOA,2opt_qualitybalanced_relocate,25,404051,40,200,1354.0,1633.0,1633.0,20.605612998522894,20.605612998522894,9,9,100,100,True,True,True,0,0,0,0,0,5.510108999999829,0.410241699999915,19,721
FINAL_P3D_pop40_iter200_2opt_qualitybalanced_relocate,Final CPU configuration selected from pilot: quality-balanced memory-safe 2opt+bounded relocate,A-n60-k9,M-WOA,WOA,2opt_qualitybalanced_relocate,26,404052,40,200,1354.0,1855.0,1855.0,37.001477104874446,37.001477104874446,9,9,100,100,True,True,True,0,0,0,0,0,8.318987600000128,0.11222220000013294,6,202
FINAL_P3D_pop40_iter200_2opt_qualitybalanced_relocate,Final CPU configuration selected from pilot: quality-balanced memory-safe 2opt+bounded relocate,A-n60-k9,M-WOA,WOA,2opt_qualitybalanced_relocate,27,404053,40,200,1354.0,1486.0,1486.0,9.748892171344165,9.748892171344165,9,9,100,100,True,True,True,0,0,0,0,0,17.407970299999988,2.2828188000000864,32,1262
FINAL_P3D_pop40_iter200_2opt_qualitybalanced_relocate,Final CPU configuration selected from pilot: quality-balanced memory-safe 2opt+bounded relocate,A-n60-k9,M-WOA,WOA,2opt_qualitybalanced_relocate,28,404054,40,200,1354.0,1502.0,1502.0,10.930576070901035,10.930576070901035,9,9,100,100,True,True,True,0,0,0,0,0,9.725820399999975,9.11310739999999,176,7030
FINAL_P3D_pop40_iter200_2opt_qualitybalanced_relocate,Final CPU configuration selected from pilot: quality-balanced memory-safe 2opt+bounded relocate,A-n60-k9,M-WOA,WOA,2opt_qualitybalanced_relocate,29,404055,40,200,1354.0,1620.0,1620.0,19.64549483013294,19.64549483013294,9,9,100,100,True,True,True,0,0,0,0,0,5.990393599999834,4.806456199999957,161,6432
FINAL_P3D_pop40_iter200_2opt_qualitybalanced_relocate,Final CPU configuration selected from pilot: quality-balanced memory-safe 2opt+bounded relocate,A-n60-k9,M-WOA,WOA,2opt_qualitybalanced_relocate,30,404056,40,200,1354.0,1639.0,1639.0,21.04874446085672,21.04874446085672,9,9,100,100,True,True,True,0,0,0,0,0,3.9945035000000644,2.2607150000001184,104,4129
FINAL_P3D_pop40_iter200_2opt_qualitybalanced_relocate,Final CPU configuration selected from pilot: quality-balanced memory-safe 2opt+bounded relocate,A-n60-k9,M-SSA,SSA,2opt_qualitybalanced_relocate,1,405027,40,200,1354.0,1475.0,1475.0,8.936484490398819,8.936484490398819,9,9,100,100,True,True,True,0,0,0,0,0,7.869369000000006,5.658509299999878,163,6481
FINAL_P3D_pop40_iter200_2opt_qualitybalanced_relocate,Final CPU configuration selected from pilot: quality-balanced memory-safe 2opt+bounded relocate,A-n60-k9,M-SSA,SSA,2opt_qualitybalanced_relocate,2,405028,40,200,1354.0,1607.0,1607.0,18.685376661742986,18.685376661742986,9,9,99,100,True,True,True,0,0,0,0,0,6.749495699999898,3.9971054000000095,134,5328
FINAL_P3D_pop40_iter200_2opt_qualitybalanced_relocate,Final CPU configuration selected from pilot: quality-balanced memory-safe 2opt+bounded relocate,A-n60-k9,M-SSA,SSA,2opt_qualitybalanced_relocate,3,405029,40,200,1354.0,1512.0,1512.0,11.669128508124077,11.669128508124077,9,9,100,100,True,True,True,0,0,0,0,0,7.366332199999988,6.966717000000017,194,7721
FINAL_P3D_pop40_iter200_2opt_qualitybalanced_relocate,Final CPU configuration selected from pilot: quality-balanced memory-safe 2opt+bounded relocate,A-n60-k9,M-SSA,SSA,2opt_qualitybalanced_relocate,4,405030,40,200,1354.0,1458.0,1458.0,7.680945347119645,7.680945347119645,9,9,100,100,True,True,True,0,0,0,0,0,8.305384100000083,6.223775200000091,164,6521
FINAL_P3D_pop40_iter200_2opt_qualitybalanced_relocate,Final CPU configuration selected from pilot: quality-balanced memory-safe 2opt+bounded relocate,A-n60-k9,M-SSA,SSA,2opt_qualitybalanced_relocate,5,405031,40,200,1354.0,1431.0,1431.0,5.68685376661743,5.68685376661743,9,9,99,100,True,True,True,0,0,0,0,0,7.651258000000098,6.1344874999999774,172,6841
FINAL_P3D_pop40_iter200_2opt_qualitybalanced_relocate,Final CPU configuration selected from pilot: quality-balanced memory-safe 2opt+bounded relocate,A-n60-k9,M-SSA,SSA,2opt_qualitybalanced_relocate,6,405032,40,200,1354.0,1513.0,1513.0,11.742983751846381,11.742983751846381,9,9,100,100,True,True,True,0,0,0,0,0,6.689955499999996,4.837435000000141,157,6241
FINAL_P3D_pop40_iter200_2opt_qualitybalanced_relocate,Final CPU configuration selected from pilot: quality-balanced memory-safe 2opt+bounded relocate,A-n60-k9,M-SSA,SSA,2opt_qualitybalanced_relocate,7,405033,40,200,1354.0,1425.0,1425.0,5.2437223042836045,5.2437223042836045,9,9,99,100,True,True,True,0,0,0,0,0,8.918765399999984,8.002882900000031,186,7411
FINAL_P3D_pop40_iter200_2opt_qualitybalanced_relocate,Final CPU configuration selected from pilot: quality-balanced memory-safe 2opt+bounded relocate,A-n60-k9,M-SSA,SSA,2opt_qualitybalanced_relocate,8,405034,40,200,1354.0,1532.0,1532.0,13.146233382570163,13.146233382570163,9,9,100,100,True,True,True,0,0,0,0,0,7.705697099999952,5.841542499999832,166,6602
FINAL_P3D_pop40_iter200_2opt_qualitybalanced_relocate,Final CPU configuration selected from pilot: quality-balanced memory-safe 2opt+bounded relocate,A-n60-k9,M-SSA,SSA,2opt_qualitybalanced_relocate,9,405035,40,200,1354.0,1546.0,1546.0,14.180206794682423,14.180206794682423,9,9,99,100,True,True,True,0,0,0,0,0,7.021161500000062,5.043148200000132,155,6161
FINAL_P3D_pop40_iter200_2opt_qualitybalanced_relocate,Final CPU configuration selected from pilot: quality-balanced memory-safe 2opt+bounded relocate,A-n60-k9,M-SSA,SSA,2opt_qualitybalanced_relocate,10,405036,40,200,1354.0,1516.0,1516.0,11.964549483013293,11.964549483013293,9,9,100,100,True,True,True,0,0,0,0,0,7.576559000000088,5.681722199999967,176,7001
FINAL_P3D_pop40_iter200_2opt_qualitybalanced_relocate,Final CPU configuration selected from pilot: quality-balanced memory-safe 2opt+bounded relocate,A-n60-k9,M-SSA,SSA,2opt_qualitybalanced_relocate,11,405037,40,200,1354.0,1497.0,1497.0,10.561299852289512,10.561299852289512,9,9,100,100,True,True,True,0,0,0,0,0,17.890758900000037,12.32020620000003,164,6521
FINAL_P3D_pop40_iter200_2opt_qualitybalanced_relocate,Final CPU configuration selected from pilot: quality-balanced memory-safe 2opt+bounded relocate,A-n60-k9,M-SSA,SSA,2opt_qualitybalanced_relocate,12,405038,40,200,1354.0,1480.0,1480.0,9.30576070901034,9.30576070901034,9,9,100,100,True,True,True,0,0,0,0,0,17.101879600000075,13.733275800000001,171,6806
FINAL_P3D_pop40_iter200_2opt_qualitybalanced_relocate,Final CPU configuration selected from pilot: quality-balanced memory-safe 2opt+bounded relocate,A-n60-k9,M-SSA,SSA,2opt_qualitybalanced_relocate,13,405039,40,200,1354.0,1459.0,1459.0,7.75480059084195,7.75480059084195,9,9,100,100,True,True,True,0,0,0,0,0,16.229335600000013,11.692349599999943,157,6242
FINAL_P3D_pop40_iter200_2opt_qualitybalanced_relocate,Final CPU configuration selected from pilot: quality-balanced memory-safe 2opt+bounded relocate,A-n60-k9,M-SSA,SSA,2opt_qualitybalanced_relocate,14,405040,40,200,1354.0,1443.0,1443.0,6.573116691285081,6.573116691285081,9,9,99,100,True,True,True,0,0,0,0,0,18.617264800000157,14.95059880000008,175,6963
FINAL_P3D_pop40_iter200_2opt_qualitybalanced_relocate,Final CPU configuration selected from pilot: quality-balanced memory-safe 2opt+bounded relocate,A-n60-k9,M-SSA,SSA,2opt_qualitybalanced_relocate,15,405041,40,200,1354.0,1429.0,1429.0,5.539143279172821,5.539143279172821,9,9,100,100,True,True,True,0,0,0,0,0,17.882892699999957,14.817881699999816,176,7005
FINAL_P3D_pop40_iter200_2opt_qualitybalanced_relocate,Final CPU configuration selected from pilot: quality-balanced memory-safe 2opt+bounded relocate,A-n60-k9,M-SSA,SSA,2opt_qualitybalanced_relocate,16,405042,40,200,1354.0,1539.0,1539.0,13.663220088626293,13.663220088626293,9,9,100,100,True,True,True,0,0,0,0,0,7.8374503,5.640136100000063,156,6201
FINAL_P3D_pop40_iter200_2opt_qualitybalanced_relocate,Final CPU configuration selected from pilot: quality-balanced memory-safe 2opt+bounded relocate,A-n60-k9,M-SSA,SSA,2opt_qualitybalanced_relocate,17,405043,40,200,1354.0,1499.0,1499.0,10.709010339734121,10.709010339734121,9,9,100,100,True,True,True,0,0,0,0,0,8.10004089999984,7.75832279999986,195,7792
FINAL_P3D_pop40_iter200_2opt_qualitybalanced_relocate,Final CPU configuration selected from pilot: quality-balanced memory-safe 2opt+bounded relocate,A-n60-k9,M-SSA,SSA,2opt_qualitybalanced_relocate,18,405044,40,200,1354.0,1537.0,1537.0,13.515509601181684,13.515509601181684,9,9,99,100,True,True,True,0,0,0,0,0,7.5218573000001925,5.640806999999995,170,6761
FINAL_P3D_pop40_iter200_2opt_qualitybalanced_relocate,Final CPU configuration selected from pilot: quality-balanced memory-safe 2opt+bounded relocate,A-n60-k9,M-SSA,SSA,2opt_qualitybalanced_relocate,19,405045,40,200,1354.0,1428.0,1428.0,5.465288035450517,5.465288035450517,9,9,98,100,True,True,True,0,0,0,0,0,8.380767500000047,7.027363200000082,178,7081
FINAL_P3D_pop40_iter200_2opt_qualitybalanced_relocate,Final CPU configuration selected from pilot: quality-balanced memory-safe 2opt+bounded relocate,A-n60-k9,M-SSA,SSA,2opt_qualitybalanced_relocate,20,405046,40,200,1354.0,1536.0,1536.0,13.44165435745938,13.44165435745938,9,9,100,100,True,True,True,0,0,0,0,0,7.530568399999993,5.380078899999944,158,6281
FINAL_P3D_pop40_iter200_2opt_qualitybalanced_relocate,Final CPU configuration selected from pilot: quality-balanced memory-safe 2opt+bounded relocate,A-n60-k9,M-SSA,SSA,2opt_qualitybalanced_relocate,21,405047,40,200,1354.0,1502.0,1502.0,10.930576070901035,10.930576070901035,9,9,99,100,True,True,True,0,0,0,0,0,8.407283400000097,6.431639300000143,170,6761
FINAL_P3D_pop40_iter200_2opt_qualitybalanced_relocate,Final CPU configuration selected from pilot: quality-balanced memory-safe 2opt+bounded relocate,A-n60-k9,M-SSA,SSA,2opt_qualitybalanced_relocate,22,405048,40,200,1354.0,1513.0,1513.0,11.742983751846381,11.742983751846381,9,9,100,100,True,True,True,0,0,0,0,0,7.612373800000114,7.290236499999992,195,7779
FINAL_P3D_pop40_iter200_2opt_qualitybalanced_relocate,Final CPU configuration selected from pilot: quality-balanced memory-safe 2opt+bounded relocate,A-n60-k9,M-SSA,SSA,2opt_qualitybalanced_relocate,23,405049,40,200,1354.0,1521.0,1521.0,12.333825701624816,12.333825701624816,9,9,100,100,True,True,True,0,0,0,0,0,7.691000800000211,7.485622300000159,197,7842
FINAL_P3D_pop40_iter200_2opt_qualitybalanced_relocate,Final CPU configuration selected from pilot: quality-balanced memory-safe 2opt+bounded relocate,A-n60-k9,M-SSA,SSA,2opt_qualitybalanced_relocate,24,405050,40,200,1354.0,1484.0,1484.0,9.601181683899556,9.601181683899556,9,9,100,100,True,True,True,0,0,0,0,0,8.337203900000077,7.611779200000001,188,7512
FINAL_P3D_pop40_iter200_2opt_qualitybalanced_relocate,Final CPU configuration selected from pilot: quality-balanced memory-safe 2opt+bounded relocate,A-n60-k9,M-SSA,SSA,2opt_qualitybalanced_relocate,25,405051,40,200,1354.0,1500.0,1500.0,10.782865583456426,10.782865583456426,9,9,99,100,True,True,True,0,0,0,0,0,6.777578700000049,6.673000900000034,199,7923
FINAL_P3D_pop40_iter200_2opt_qualitybalanced_relocate,Final CPU configuration selected from pilot: quality-balanced memory-safe 2opt+bounded relocate,A-n60-k9,M-SSA,SSA,2opt_qualitybalanced_relocate,26,405052,40,200,1354.0,1497.0,1497.0,10.561299852289512,10.561299852289512,9,9,100,100,True,True,True,0,0,0,0,0,7.237986599999886,5.7529137999999875,173,6888
FINAL_P3D_pop40_iter200_2opt_qualitybalanced_relocate,Final CPU configuration selected from pilot: quality-balanced memory-safe 2opt+bounded relocate,A-n60-k9,M-SSA,SSA,2opt_qualitybalanced_relocate,27,405053,40,200,1354.0,1526.0,1526.0,12.703101920236337,12.703101920236337,9,9,99,100,True,True,True,0,0,0,0,0,7.900681800000029,6.557375400000183,176,7001
FINAL_P3D_pop40_iter200_2opt_qualitybalanced_relocate,Final CPU configuration selected from pilot: quality-balanced memory-safe 2opt+bounded relocate,A-n60-k9,M-SSA,SSA,2opt_qualitybalanced_relocate,28,405054,40,200,1354.0,1455.0,1455.0,7.459379615952733,7.459379615952733,9,9,99,100,True,True,True,0,0,0,0,0,8.27422630000001,6.6530204000000595,174,6925
FINAL_P3D_pop40_iter200_2opt_qualitybalanced_relocate,Final CPU configuration selected from pilot: quality-balanced memory-safe 2opt+bounded relocate,A-n60-k9,M-SSA,SSA,2opt_qualitybalanced_relocate,29,405055,40,200,1354.0,1508.0,1508.0,11.37370753323486,11.37370753323486,9,9,100,100,True,True,True,0,0,0,0,0,7.152323100000103,7.003428199999917,198,7881
FINAL_P3D_pop40_iter200_2opt_qualitybalanced_relocate,Final CPU configuration selected from pilot: quality-balanced memory-safe 2opt+bounded relocate,A-n60-k9,M-SSA,SSA,2opt_qualitybalanced_relocate,30,405056,40,200,1354.0,1482.0,1482.0,9.453471196454949,9.453471196454949,9,9,99,100,True,True,True,0,0,0,0,0,7.805912700000135,6.405626000000211,177,7041
FINAL_P3D_pop40_iter200_2opt_qualitybalanced_relocate,Final CPU configuration selected from pilot: quality-balanced memory-safe 2opt+bounded relocate,A-n80-k10,WOA,WOA,none,1,502027,40,200,1763.0,3326.0,3326.0,88.65570051049347,88.65570051049347,10,10,100,100,True,True,True,0,0,0,0,0,0.5063622000000123,0.3835136000000148,140,5586
FINAL_P3D_pop40_iter200_2opt_qualitybalanced_relocate,Final CPU configuration selected from pilot: quality-balanced memory-safe 2opt+bounded relocate,A-n80-k10,WOA,WOA,none,2,502028,40,200,1763.0,3310.0,3310.0,87.74815655133295,87.74815655133295,10,10,100,100,True,True,True,0,0,0,0,0,0.5029460000000654,0.4339264000000185,159,6324
FINAL_P3D_pop40_iter200_2opt_qualitybalanced_relocate,Final CPU configuration selected from pilot: quality-balanced memory-safe 2opt+bounded relocate,A-n80-k10,WOA,WOA,none,3,502029,40,200,1763.0,3509.0,3509.0,99.03573454339194,99.03573454339194,10,10,100,100,True,True,True,0,0,0,0,0,0.46606020000012904,0.12752980000004754,35,1384
FINAL_P3D_pop40_iter200_2opt_qualitybalanced_relocate,Final CPU configuration selected from pilot: quality-balanced memory-safe 2opt+bounded relocate,A-n80-k10,WOA,WOA,none,4,502030,40,200,1763.0,3320.0,3320.0,88.31537152580829,88.31537152580829,10,10,99,100,True,True,True,0,0,0,0,0,0.4014836999999716,0.31014550000008967,141,5634
FINAL_P3D_pop40_iter200_2opt_qualitybalanced_relocate,Final CPU configuration selected from pilot: quality-balanced memory-safe 2opt+bounded relocate,A-n80-k10,WOA,WOA,none,5,502031,40,200,1763.0,3368.0,3368.0,91.03800340328985,91.03800340328985,10,10,100,100,True,True,True,0,0,0,0,0,0.5980758999999125,0.5255686000000424,160,6389
FINAL_P3D_pop40_iter200_2opt_qualitybalanced_relocate,Final CPU configuration selected from pilot: quality-balanced memory-safe 2opt+bounded relocate,A-n80-k10,WOA,WOA,none,6,502032,40,200,1763.0,3288.0,3288.0,86.50028360748723,86.50028360748723,10,10,100,100,True,True,True,0,0,0,0,0,0.49495379999984834,0.31561379999993733,94,3757
FINAL_P3D_pop40_iter200_2opt_qualitybalanced_relocate,Final CPU configuration selected from pilot: quality-balanced memory-safe 2opt+bounded relocate,A-n80-k10,WOA,WOA,none,7,502033,40,200,1763.0,3776.0,3776.0,114.18037436188315,114.18037436188315,10,10,99,100,True,True,True,0,0,0,0,0,0.40419730000007803,0.2073044999999638,78,3112
FINAL_P3D_pop40_iter200_2opt_qualitybalanced_relocate,Final CPU configuration selected from pilot: quality-balanced memory-safe 2opt+bounded relocate,A-n80-k10,WOA,WOA,none,8,502034,40,200,1763.0,3305.0,3305.0,87.4645490640953,87.4645490640953,10,10,100,100,True,True,True,0,0,0,0,0,0.4623298999999861,0.26779069999997773,83,3281
FINAL_P3D_pop40_iter200_2opt_qualitybalanced_relocate,Final CPU configuration selected from pilot: quality-balanced memory-safe 2opt+bounded relocate,A-n80-k10,WOA,WOA,none,9,502035,40,200,1763.0,3520.0,3520.0,99.6596710153148,99.6596710153148,10,10,100,100,True,True,True,0,0,0,0,0,0.5641338999998879,0.4772043999998914,144,5754
FINAL_P3D_pop40_iter200_2opt_qualitybalanced_relocate,Final CPU configuration selected from pilot: quality-balanced memory-safe 2opt+bounded relocate,A-n80-k10,WOA,WOA,none,10,502036,40,200,1763.0,3434.0,3434.0,94.781622234827,94.781622234827,10,10,100,100,True,True,True,0,0,0,0,0,0.5486836000000039,0.39508630000000267,106,4240
FINAL_P3D_pop40_iter200_2opt_qualitybalanced_relocate,Final CPU configuration selected from pilot: quality-balanced memory-safe 2opt+bounded relocate,A-n80-k10,WOA,WOA,none,11,502037,40,200,1763.0,3412.0,3412.0,93.53374929098128,93.53374929098128,10,10,100,100,True,True,True,0,0,0,0,0,0.6603402999999162,0.6241085999999996,178,7106
FINAL_P3D_pop40_iter200_2opt_qualitybalanced_relocate,Final CPU configuration selected from pilot: quality-balanced memory-safe 2opt+bounded relocate,A-n80-k10,WOA,WOA,none,12,502038,40,200,1763.0,3286.0,3286.0,86.38684061259217,86.38684061259217,10,10,100,100,True,True,True,0,0,0,0,0,0.42029969999998684,0.3070278000000144,128,5098
FINAL_P3D_pop40_iter200_2opt_qualitybalanced_relocate,Final CPU configuration selected from pilot: quality-balanced memory-safe 2opt+bounded relocate,A-n80-k10,WOA,WOA,none,13,502039,40,200,1763.0,3673.0,3673.0,108.33806012478729,108.33806012478729,10,10,100,100,True,True,True,0,0,0,0,0,0.44621540000002824,0.0566118000001552,13,502
FINAL_P3D_pop40_iter200_2opt_qualitybalanced_relocate,Final CPU configuration selected from pilot: quality-balanced memory-safe 2opt+bounded relocate,A-n80-k10,WOA,WOA,none,14,502040,40,200,1763.0,3512.0,3512.0,99.20589903573455,99.20589903573455,10,10,100,100,True,True,True,0,0,0,0,0,0.5576088000000254,0.5069378000000597,169,6740
FINAL_P3D_pop40_iter200_2opt_qualitybalanced_relocate,Final CPU configuration selected from pilot: quality-balanced memory-safe 2opt+bounded relocate,A-n80-k10,WOA,WOA,none,15,502041,40,200,1763.0,3755.0,3755.0,112.98922291548497,112.98922291548497,10,10,99,100,True,True,True,0,0,0,0,0,0.8239243000000442,0.5150365000001784,136,5405
FINAL_P3D_pop40_iter200_2opt_qualitybalanced_relocate,Final CPU configuration selected from pilot: quality-balanced memory-safe 2opt+bounded relocate,A-n80-k10,WOA,WOA,none,16,502042,40,200,1763.0,3352.0,3352.0,90.13045944412933,90.13045944412933,10,10,100,100,True,True,True,0,0,0,0,0,0.6001283000000512,0.5251839000000018,154,6133
FINAL_P3D_pop40_iter200_2opt_qualitybalanced_relocate,Final CPU configuration selected from pilot: quality-balanced memory-safe 2opt+bounded relocate,A-n80-k10,WOA,WOA,none,17,502043,40,200,1763.0,3441.0,3441.0,95.17867271695972,95.17867271695972,10,10,99,100,True,True,True,0,0,0,0,0,0.46213459999989936,0.32893029999991086,119,4735
FINAL_P3D_pop40_iter200_2opt_qualitybalanced_relocate,Final CPU configuration selected from pilot: quality-balanced memory-safe 2opt+bounded relocate,A-n80-k10,WOA,WOA,none,18,502044,40,200,1763.0,3256.0,3256.0,84.68519568916619,84.68519568916619,10,10,100,100,True,True,True,0,0,0,0,0,0.4491927999999916,0.3019427000001542,111,4410
FINAL_P3D_pop40_iter200_2opt_qualitybalanced_relocate,Final CPU configuration selected from pilot: quality-balanced memory-safe 2opt+bounded relocate,A-n80-k10,WOA,WOA,none,19,502045,40,200,1763.0,3906.0,3906.0,121.5541690300624,121.5541690300624,10,10,100,100,True,True,True,0,0,0,0,0,0.42766870000014023,0.06155280000007224,15,590
FINAL_P3D_pop40_iter200_2opt_qualitybalanced_relocate,Final CPU configuration selected from pilot: quality-balanced memory-safe 2opt+bounded relocate,A-n80-k10,WOA,WOA,none,20,502046,40,200,1763.0,3516.0,3516.0,99.43278502552468,99.43278502552468,10,10,100,100,True,True,True,0,0,0,0,0,0.49155450000012024,0.3976806000000579,140,5581
FINAL_P3D_pop40_iter200_2opt_qualitybalanced_relocate,Final CPU configuration selected from pilot: quality-balanced memory-safe 2opt+bounded relocate,A-n80-k10,WOA,WOA,none,21,502047,40,200,1763.0,3130.0,3130.0,77.53828701077708,77.53828701077708,10,10,100,100,True,True,True,0,0,0,0,0,0.46893039999986286,0.2540945999999167,71,2834
FINAL_P3D_pop40_iter200_2opt_qualitybalanced_relocate,Final CPU configuration selected from pilot: quality-balanced memory-safe 2opt+bounded relocate,A-n80-k10,WOA,WOA,none,22,502048,40,200,1763.0,3605.0,3605.0,104.48099829835508,104.48099829835508,10,10,100,100,True,True,True,0,0,0,0,0,0.4673958999999286,0.39853900000002795,156,6222
FINAL_P3D_pop40_iter200_2opt_qualitybalanced_relocate,Final CPU configuration selected from pilot: quality-balanced memory-safe 2opt+bounded relocate,A-n80-k10,WOA,WOA,none,23,502049,40,200,1763.0,3180.0,3180.0,80.37436188315371,80.37436188315371,10,10,99,100,True,True,True,0,0,0,0,0,0.5347799999999552,0.3138593999999557,87,3479
FINAL_P3D_pop40_iter200_2opt_qualitybalanced_relocate,Final CPU configuration selected from pilot: quality-balanced memory-safe 2opt+bounded relocate,A-n80-k10,WOA,WOA,none,24,502050,40,200,1763.0,3619.0,3619.0,105.27509926262053,105.27509926262053,10,10,100,100,True,True,True,0,0,0,0,0,0.5892326999999113,0.5155604999999923,157,6248
FINAL_P3D_pop40_iter200_2opt_qualitybalanced_relocate,Final CPU configuration selected from pilot: quality-balanced memory-safe 2opt+bounded relocate,A-n80-k10,WOA,WOA,none,25,502051,40,200,1763.0,3182.0,3182.0,80.48780487804878,80.48780487804878,10,10,98,100,True,True,True,0,0,0,0,0,0.49718090000010307,0.38994270000011966,141,5618
FINAL_P3D_pop40_iter200_2opt_qualitybalanced_relocate,Final CPU configuration selected from pilot: quality-balanced memory-safe 2opt+bounded relocate,A-n80-k10,WOA,WOA,none,26,502052,40,200,1763.0,3559.0,3559.0,101.87180941576858,101.87180941576858,10,10,100,100,True,True,True,0,0,0,0,0,0.4439506999999594,0.36564290000001165,150,5981
FINAL_P3D_pop40_iter200_2opt_qualitybalanced_relocate,Final CPU configuration selected from pilot: quality-balanced memory-safe 2opt+bounded relocate,A-n80-k10,WOA,WOA,none,27,502053,40,200,1763.0,3318.0,3318.0,88.20192853091322,88.20192853091322,10,10,100,100,True,True,True,0,0,0,0,0,0.5190542000000278,0.4127666000001682,135,5388
FINAL_P3D_pop40_iter200_2opt_qualitybalanced_relocate,Final CPU configuration selected from pilot: quality-balanced memory-safe 2opt+bounded relocate,A-n80-k10,WOA,WOA,none,28,502054,40,200,1763.0,3399.0,3399.0,92.79636982416336,92.79636982416336,10,10,100,100,True,True,True,0,0,0,0,0,0.4748607000001357,0.331312300000036,114,4547
FINAL_P3D_pop40_iter200_2opt_qualitybalanced_relocate,Final CPU configuration selected from pilot: quality-balanced memory-safe 2opt+bounded relocate,A-n80-k10,WOA,WOA,none,29,502055,40,200,1763.0,3460.0,3460.0,96.25638116846285,96.25638116846285,10,10,100,100,True,True,True,0,0,0,0,0,0.5265053000000535,0.43716040000003886,151,6014
FINAL_P3D_pop40_iter200_2opt_qualitybalanced_relocate,Final CPU configuration selected from pilot: quality-balanced memory-safe 2opt+bounded relocate,A-n80-k10,WOA,WOA,none,30,502056,40,200,1763.0,3436.0,3436.0,94.89506522972206,94.89506522972206,10,10,100,100,True,True,True,0,0,0,0,0,0.5400340000001052,0.33512420000010934,123,4920
FINAL_P3D_pop40_iter200_2opt_qualitybalanced_relocate,Final CPU configuration selected from pilot: quality-balanced memory-safe 2opt+bounded relocate,A-n80-k10,SSA,SSA,none,1,503027,40,200,1763.0,4007.0,4007.0,127.2830402722632,127.2830402722632,10,10,100,100,True,True,True,0,0,0,0,0,0.6966617000000497,0.6119378000000779,145,5765
FINAL_P3D_pop40_iter200_2opt_qualitybalanced_relocate,Final CPU configuration selected from pilot: quality-balanced memory-safe 2opt+bounded relocate,A-n80-k10,SSA,SSA,none,2,503028,40,200,1763.0,3641.0,3641.0,106.52297220646625,106.52297220646625,10,10,100,100,True,True,True,0,0,0,0,0,0.604716499999995,0.5404699999999139,160,6362
FINAL_P3D_pop40_iter200_2opt_qualitybalanced_relocate,Final CPU configuration selected from pilot: quality-balanced memory-safe 2opt+bounded relocate,A-n80-k10,SSA,SSA,none,3,503029,40,200,1763.0,3521.0,3521.0,99.71639251276234,99.71639251276234,10,10,100,100,True,True,True,0,0,0,0,0,0.7510443999999552,0.6191951999999219,137,5441
FINAL_P3D_pop40_iter200_2opt_qualitybalanced_relocate,Final CPU configuration selected from pilot: quality-balanced memory-safe 2opt+bounded relocate,A-n80-k10,SSA,SSA,none,4,503030,40,200,1763.0,3779.0,3779.0,114.35053885422575,114.35053885422575,10,10,100,100,True,True,True,0,0,0,0,0,0.7601113000000623,0.7289301000000705,181,7206
FINAL_P3D_pop40_iter200_2opt_qualitybalanced_relocate,Final CPU configuration selected from pilot: quality-balanced memory-safe 2opt+bounded relocate,A-n80-k10,SSA,SSA,none,5,503031,40,200,1763.0,3536.0,3536.0,100.56721497447532,100.56721497447532,10,10,100,100,True,True,True,0,0,0,0,0,0.73585879999996,0.6196081000000504,153,6081
FINAL_P3D_pop40_iter200_2opt_qualitybalanced_relocate,Final CPU configuration selected from pilot: quality-balanced memory-safe 2opt+bounded relocate,A-n80-k10,SSA,SSA,none,6,503032,40,200,1763.0,3617.0,3617.0,105.16165626772546,105.16165626772546,10,10,100,100,True,True,True,0,0,0,0,0,0.6561987999998564,0.5874939000000268,155,6166
FINAL_P3D_pop40_iter200_2opt_qualitybalanced_relocate,Final CPU configuration selected from pilot: quality-balanced memory-safe 2opt+bounded relocate,A-n80-k10,SSA,SSA,none,7,503033,40,200,1763.0,3732.0,3732.0,111.68462847419171,111.68462847419171,10,10,99,100,True,True,True,0,0,0,0,0,0.6665229999998701,0.5989713999999822,160,6376
FINAL_P3D_pop40_iter200_2opt_qualitybalanced_relocate,Final CPU configuration selected from pilot: quality-balanced memory-safe 2opt+bounded relocate,A-n80-k10,SSA,SSA,none,8,503034,40,200,1763.0,3379.0,3379.0,91.66193987521271,91.66193987521271,10,10,100,100,True,True,True,0,0,0,0,0,0.8106599000000188,0.6771364999999605,150,5999
FINAL_P3D_pop40_iter200_2opt_qualitybalanced_relocate,Final CPU configuration selected from pilot: quality-balanced memory-safe 2opt+bounded relocate,A-n80-k10,SSA,SSA,none,9,503035,40,200,1763.0,3909.0,3909.0,121.72433352240499,121.72433352240499,10,10,100,100,True,True,True,0,0,0,0,0,0.844449700000041,0.6774414999999863,154,6123
FINAL_P3D_pop40_iter200_2opt_qualitybalanced_relocate,Final CPU configuration selected from pilot: quality-balanced memory-safe 2opt+bounded relocate,A-n80-k10,SSA,SSA,none,10,503036,40,200,1763.0,3833.0,3833.0,117.41349971639251,117.41349971639251,10,10,100,100,True,True,True,0,0,0,0,0,0.6104679000000033,0.5066563999998834,136,5402
FINAL_P3D_pop40_iter200_2opt_qualitybalanced_relocate,Final CPU configuration selected from pilot: quality-balanced memory-safe 2opt+bounded relocate,A-n80-k10,SSA,SSA,none,11,503037,40,200,1763.0,4001.0,4001.0,126.94271128757799,126.94271128757799,10,10,100,100,True,True,True,0,0,0,0,0,0.7549415999999383,0.6969080000001213,167,6659
FINAL_P3D_pop40_iter200_2opt_qualitybalanced_relocate,Final CPU configuration selected from pilot: quality-balanced memory-safe 2opt+bounded relocate,A-n80-k10,SSA,SSA,none,12,503038,40,200,1763.0,3920.0,3920.0,122.34826999432785,122.34826999432785,10,10,99,100,True,True,True,0,0,0,0,0,0.7315198999999666,0.6025425999998788,130,5166
FINAL_P3D_pop40_iter200_2opt_qualitybalanced_relocate,Final CPU configuration selected from pilot: quality-balanced memory-safe 2opt+bounded relocate,A-n80-k10,SSA,SSA,none,13,503039,40,200,1763.0,3926.0,3926.0,122.68859897901305,122.68859897901305,10,10,100,100,True,True,True,0,0,0,0,0,0.6901955000000726,0.6048326000000088,145,5762
FINAL_P3D_pop40_iter200_2opt_qualitybalanced_relocate,Final CPU configuration selected from pilot: quality-balanced memory-safe 2opt+bounded relocate,A-n80-k10,SSA,SSA,none,14,503040,40,200,1763.0,3591.0,3591.0,103.68689733408962,103.68689733408962,10,10,100,100,True,True,True,0,0,0,0,0,0.7287917000001016,0.6131621000001815,144,5721
FINAL_P3D_pop40_iter200_2opt_qualitybalanced_relocate,Final CPU configuration selected from pilot: quality-balanced memory-safe 2opt+bounded relocate,A-n80-k10,SSA,SSA,none,15,503041,40,200,1763.0,3739.0,3739.0,112.08167895632445,112.08167895632445,10,10,99,100,True,True,True,0,0,0,0,0,0.726058299999977,0.7156307000000197,195,7774
FINAL_P3D_pop40_iter200_2opt_qualitybalanced_relocate,Final CPU configuration selected from pilot: quality-balanced memory-safe 2opt+bounded relocate,A-n80-k10,SSA,SSA,none,16,503042,40,200,1763.0,3592.0,3592.0,103.74361883153715,103.74361883153715,10,10,100,100,True,True,True,0,0,0,0,0,0.792563599999994,0.6846358000000237,155,6176
FINAL_P3D_pop40_iter200_2opt_qualitybalanced_relocate,Final CPU configuration selected from pilot: quality-balanced memory-safe 2opt+bounded relocate,A-n80-k10,SSA,SSA,none,17,503043,40,200,1763.0,3934.0,3934.0,123.1423709585933,123.1423709585933,10,10,100,100,True,True,True,0,0,0,0,0,0.6908774000000903,0.5895457999999962,141,5602
FINAL_P3D_pop40_iter200_2opt_qualitybalanced_relocate,Final CPU configuration selected from pilot: quality-balanced memory-safe 2opt+bounded relocate,A-n80-k10,SSA,SSA,none,18,503044,40,200,1763.0,3908.0,3908.0,121.66761202495746,121.66761202495746,10,10,100,100,True,True,True,0,0,0,0,0,0.7150879000000714,0.620257600000059,161,6401
FINAL_P3D_pop40_iter200_2opt_qualitybalanced_relocate,Final CPU configuration selected from pilot: quality-balanced memory-safe 2opt+bounded relocate,A-n80-k10,SSA,SSA,none,19,503045,40,200,1763.0,3739.0,3739.0,112.08167895632445,112.08167895632445,10,10,100,100,True,True,True,0,0,0,0,0,0.6775046000000202,0.5820294000000104,158,6303
FINAL_P3D_pop40_iter200_2opt_qualitybalanced_relocate,Final CPU configuration selected from pilot: quality-balanced memory-safe 2opt+bounded relocate,A-n80-k10,SSA,SSA,none,20,503046,40,200,1763.0,3896.0,3896.0,120.98695405558706,120.98695405558706,10,10,100,100,True,True,True,0,0,0,0,0,0.5937835999998242,0.5185959000000366,150,5982
FINAL_P3D_pop40_iter200_2opt_qualitybalanced_relocate,Final CPU configuration selected from pilot: quality-balanced memory-safe 2opt+bounded relocate,A-n80-k10,SSA,SSA,none,21,503047,40,200,1763.0,3718.0,3718.0,110.89052750992626,110.89052750992626,10,10,100,100,True,True,True,0,0,0,0,0,0.8026723000000402,0.6802893000001404,155,6161
FINAL_P3D_pop40_iter200_2opt_qualitybalanced_relocate,Final CPU configuration selected from pilot: quality-balanced memory-safe 2opt+bounded relocate,A-n80-k10,SSA,SSA,none,22,503048,40,200,1763.0,3769.0,3769.0,113.78332387975043,113.78332387975043,10,10,100,100,True,True,True,0,0,0,0,0,0.6437659999999141,0.554970400000002,160,6361
FINAL_P3D_pop40_iter200_2opt_qualitybalanced_relocate,Final CPU configuration selected from pilot: quality-balanced memory-safe 2opt+bounded relocate,A-n80-k10,SSA,SSA,none,23,503049,40,200,1763.0,3870.0,3870.0,119.51219512195122,119.51219512195122,10,10,100,100,True,True,True,0,0,0,0,0,0.747645700000021,0.7315888999999061,193,7711
FINAL_P3D_pop40_iter200_2opt_qualitybalanced_relocate,Final CPU configuration selected from pilot: quality-balanced memory-safe 2opt+bounded relocate,A-n80-k10,SSA,SSA,none,24,503050,40,200,1763.0,3627.0,3627.0,105.7288712422008,105.7288712422008,10,10,100,100,True,True,True,0,0,0,0,0,0.7007120000000668,0.6204124000000775,150,5961
FINAL_P3D_pop40_iter200_2opt_qualitybalanced_relocate,Final CPU configuration selected from pilot: quality-balanced memory-safe 2opt+bounded relocate,A-n80-k10,SSA,SSA,none,25,503051,40,200,1763.0,3816.0,3816.0,116.44923425978446,116.44923425978446,10,10,100,100,True,True,True,0,0,0,0,0,0.8384662000000844,0.5070580999999947,117,4647
FINAL_P3D_pop40_iter200_2opt_qualitybalanced_relocate,Final CPU configuration selected from pilot: quality-balanced memory-safe 2opt+bounded relocate,A-n80-k10,SSA,SSA,none,26,503052,40,200,1763.0,3731.0,3731.0,111.62790697674419,111.62790697674419,10,10,100,100,True,True,True,0,0,0,0,0,0.7911120999999639,0.6970850999998675,160,6361
FINAL_P3D_pop40_iter200_2opt_qualitybalanced_relocate,Final CPU configuration selected from pilot: quality-balanced memory-safe 2opt+bounded relocate,A-n80-k10,SSA,SSA,none,27,503053,40,200,1763.0,3846.0,3846.0,118.15087918321044,118.15087918321044,10,10,100,100,True,True,True,0,0,0,0,0,0.9389446000000135,0.8666120999998839,181,7204
FINAL_P3D_pop40_iter200_2opt_qualitybalanced_relocate,Final CPU configuration selected from pilot: quality-balanced memory-safe 2opt+bounded relocate,A-n80-k10,SSA,SSA,none,28,503054,40,200,1763.0,3675.0,3675.0,108.45150311968236,108.45150311968236,10,10,98,100,True,True,True,0,0,0,0,0,0.7126175000000785,0.6750293000000056,177,7075
FINAL_P3D_pop40_iter200_2opt_qualitybalanced_relocate,Final CPU configuration selected from pilot: quality-balanced memory-safe 2opt+bounded relocate,A-n80-k10,SSA,SSA,none,29,503055,40,200,1763.0,3684.0,3684.0,108.96199659671015,108.96199659671015,10,10,100,100,True,True,True,0,0,0,0,0,0.7869468000001234,0.7814043999999285,198,7902
FINAL_P3D_pop40_iter200_2opt_qualitybalanced_relocate,Final CPU configuration selected from pilot: quality-balanced memory-safe 2opt+bounded relocate,A-n80-k10,SSA,SSA,none,30,503056,40,200,1763.0,3911.0,3911.0,121.83777651730006,121.83777651730006,10,10,100,100,True,True,True,0,0,0,0,0,0.6882622999999057,0.5977525999999216,143,5682
FINAL_P3D_pop40_iter200_2opt_qualitybalanced_relocate,Final CPU configuration selected from pilot: quality-balanced memory-safe 2opt+bounded relocate,A-n80-k10,M-WOA,WOA,2opt_qualitybalanced_relocate,1,504027,40,200,1763.0,2043.0,2043.0,15.882019285309132,15.882019285309132,10,10,100,100,True,True,True,0,0,0,0,0,8.782914199999823,8.725782799999934,200,7963
FINAL_P3D_pop40_iter200_2opt_qualitybalanced_relocate,Final CPU configuration selected from pilot: quality-balanced memory-safe 2opt+bounded relocate,A-n80-k10,M-WOA,WOA,2opt_qualitybalanced_relocate,2,504028,40,200,1763.0,2037.0,2037.0,15.541690300623937,15.541690300623937,10,10,100,100,True,True,True,0,0,0,0,0,10.17516650000016,7.678024600000299,169,6733
FINAL_P3D_pop40_iter200_2opt_qualitybalanced_relocate,Final CPU configuration selected from pilot: quality-balanced memory-safe 2opt+bounded relocate,A-n80-k10,M-WOA,WOA,2opt_qualitybalanced_relocate,3,504029,40,200,1763.0,2075.0,2075.0,17.697107203630175,17.697107203630175,10,10,100,100,True,True,True,0,0,0,0,0,6.897119499999917,6.809308399999736,200,7964
FINAL_P3D_pop40_iter200_2opt_qualitybalanced_relocate,Final CPU configuration selected from pilot: quality-balanced memory-safe 2opt+bounded relocate,A-n80-k10,M-WOA,WOA,2opt_qualitybalanced_relocate,4,504030,40,200,1763.0,2073.0,2073.0,17.58366420873511,17.58366420873511,10,10,100,100,True,True,True,0,0,0,0,0,9.575978699999723,8.041853700000047,180,7169
FINAL_P3D_pop40_iter200_2opt_qualitybalanced_relocate,Final CPU configuration selected from pilot: quality-balanced memory-safe 2opt+bounded relocate,A-n80-k10,M-WOA,WOA,2opt_qualitybalanced_relocate,5,504031,40,200,1763.0,2057.0,2057.0,16.676120249574588,16.676120249574588,10,10,100,100,True,True,True,0,0,0,0,0,7.578435300000365,7.559100700000272,200,7985
FINAL_P3D_pop40_iter200_2opt_qualitybalanced_relocate,Final CPU configuration selected from pilot: quality-balanced memory-safe 2opt+bounded relocate,A-n80-k10,M-WOA,WOA,2opt_qualitybalanced_relocate,6,504032,40,200,1763.0,2172.0,2172.0,23.19909245604084,23.19909245604084,10,10,100,100,True,True,True,0,0,0,0,0,11.288015300000097,4.020688300000074,83,3288
FINAL_P3D_pop40_iter200_2opt_qualitybalanced_relocate,Final CPU configuration selected from pilot: quality-balanced memory-safe 2opt+bounded relocate,A-n80-k10,M-WOA,WOA,2opt_qualitybalanced_relocate,7,504033,40,200,1763.0,2080.0,2080.0,17.98071469086784,17.98071469086784,10,10,100,100,True,True,True,0,0,0,0,0,6.726080699999784,4.961704199999986,148,5914
FINAL_P3D_pop40_iter200_2opt_qualitybalanced_relocate,Final CPU configuration selected from pilot: quality-balanced memory-safe 2opt+bounded relocate,A-n80-k10,M-WOA,WOA,2opt_qualitybalanced_relocate,8,504034,40,200,1763.0,1938.0,1938.0,9.926262053318208,9.926262053318208,10,10,100,100,True,True,True,0,0,0,0,0,10.56823489999988,7.32042199999978,158,6293
FINAL_P3D_pop40_iter200_2opt_qualitybalanced_relocate,Final CPU configuration selected from pilot: quality-balanced memory-safe 2opt+bounded relocate,A-n80-k10,M-WOA,WOA,2opt_qualitybalanced_relocate,9,504035,40,200,1763.0,2146.0,2146.0,21.72433352240499,21.72433352240499,10,10,100,100,True,True,True,0,0,0,0,0,9.605275800000072,6.792863699999998,144,5731
FINAL_P3D_pop40_iter200_2opt_qualitybalanced_relocate,Final CPU configuration selected from pilot: quality-balanced memory-safe 2opt+bounded relocate,A-n80-k10,M-WOA,WOA,2opt_qualitybalanced_relocate,10,504036,40,200,1763.0,2066.0,2066.0,17.18661372660238,17.18661372660238,10,10,100,100,True,True,True,0,0,0,0,0,8.656713200000013,8.636277099999916,200,7981
FINAL_P3D_pop40_iter200_2opt_qualitybalanced_relocate,Final CPU configuration selected from pilot: quality-balanced memory-safe 2opt+bounded relocate,A-n80-k10,M-WOA,WOA,2opt_qualitybalanced_relocate,11,504037,40,200,1763.0,2190.0,2190.0,24.220079410096428,24.220079410096428,10,10,100,100,True,True,True,0,0,0,0,0,8.94289230000004,2.266765200000009,62,2461
FINAL_P3D_pop40_iter200_2opt_qualitybalanced_relocate,Final CPU configuration selected from pilot: quality-balanced memory-safe 2opt+bounded relocate,A-n80-k10,M-WOA,WOA,2opt_qualitybalanced_relocate,12,504038,40,200,1763.0,2019.0,2019.0,14.52070334656835,14.52070334656835,10,10,100,100,True,True,True,0,0,0,0,0,8.508325400000103,5.863280900000063,147,5846
FINAL_P3D_pop40_iter200_2opt_qualitybalanced_relocate,Final CPU configuration selected from pilot: quality-balanced memory-safe 2opt+bounded relocate,A-n80-k10,M-WOA,WOA,2opt_qualitybalanced_relocate,13,504039,40,200,1763.0,2326.0,2326.0,31.93420306296086,31.93420306296086,10,10,100,100,True,True,True,0,0,0,0,0,7.278823800000282,5.816224900000179,165,6568
FINAL_P3D_pop40_iter200_2opt_qualitybalanced_relocate,Final CPU configuration selected from pilot: quality-balanced memory-safe 2opt+bounded relocate,A-n80-k10,M-WOA,WOA,2opt_qualitybalanced_relocate,14,504040,40,200,1763.0,1997.0,1997.0,13.272830402722631,13.272830402722631,10,10,100,100,True,True,True,0,0,0,0,0,15.805730099999892,7.387544700000035,120,4799
FINAL_P3D_pop40_iter200_2opt_qualitybalanced_relocate,Final CPU configuration selected from pilot: quality-balanced memory-safe 2opt+bounded relocate,A-n80-k10,M-WOA,WOA,2opt_qualitybalanced_relocate,15,504041,40,200,1763.0,2135.0,2135.0,21.100397050482133,21.100397050482133,10,10,100,100,True,True,True,0,0,0,0,0,7.590281700000105,3.6275477000003775,104,4144
FINAL_P3D_pop40_iter200_2opt_qualitybalanced_relocate,Final CPU configuration selected from pilot: quality-balanced memory-safe 2opt+bounded relocate,A-n80-k10,M-WOA,WOA,2opt_qualitybalanced_relocate,16,504042,40,200,1763.0,2031.0,2031.0,15.20136131593874,15.20136131593874,10,10,100,100,True,True,True,0,0,0,0,0,12.462300700000014,11.74494279999999,192,7679
FINAL_P3D_pop40_iter200_2opt_qualitybalanced_relocate,Final CPU configuration selected from pilot: quality-balanced memory-safe 2opt+bounded relocate,A-n80-k10,M-WOA,WOA,2opt_qualitybalanced_relocate,17,504043,40,200,1763.0,2243.0,2243.0,27.226318774815656,27.226318774815656,10,10,99,100,True,True,True,0,0,0,0,0,6.264802800000325,2.2377172000001337,65,2583
FINAL_P3D_pop40_iter200_2opt_qualitybalanced_relocate,Final CPU configuration selected from pilot: quality-balanced memory-safe 2opt+bounded relocate,A-n80-k10,M-WOA,WOA,2opt_qualitybalanced_relocate,18,504044,40,200,1763.0,2006.0,2006.0,13.783323879750425,13.783323879750425,10,10,98,100,True,True,True,0,0,0,0,0,7.687146000000212,6.5827893999999105,180,7183
FINAL_P3D_pop40_iter200_2opt_qualitybalanced_relocate,Final CPU configuration selected from pilot: quality-balanced memory-safe 2opt+bounded relocate,A-n80-k10,M-WOA,WOA,2opt_qualitybalanced_relocate,19,504045,40,200,1763.0,2085.0,2085.0,18.264322178105502,18.264322178105502,10,10,100,100,True,True,True,0,0,0,0,0,6.52212899999995,5.80817849999994,175,6984
FINAL_P3D_pop40_iter200_2opt_qualitybalanced_relocate,Final CPU configuration selected from pilot: quality-balanced memory-safe 2opt+bounded relocate,A-n80-k10,M-WOA,WOA,2opt_qualitybalanced_relocate,20,504046,40,200,1763.0,1888.0,1888.0,7.090187180941577,7.090187180941577,10,10,99,100,True,True,True,0,0,0,0,0,9.416317199999867,6.81736920000003,146,5811
FINAL_P3D_pop40_iter200_2opt_qualitybalanced_relocate,Final CPU configuration selected from pilot: quality-balanced memory-safe 2opt+bounded relocate,A-n80-k10,M-WOA,WOA,2opt_qualitybalanced_relocate,21,504047,40,200,1763.0,1935.0,1935.0,9.75609756097561,9.75609756097561,10,10,99,100,True,True,True,0,0,0,0,0,8.139647800000148,7.730549700000211,193,7695
FINAL_P3D_pop40_iter200_2opt_qualitybalanced_relocate,Final CPU configuration selected from pilot: quality-balanced memory-safe 2opt+bounded relocate,A-n80-k10,M-WOA,WOA,2opt_qualitybalanced_relocate,22,504048,40,200,1763.0,2073.0,2073.0,17.58366420873511,17.58366420873511,10,10,100,100,True,True,True,0,0,0,0,0,7.836590100000194,7.721458900000016,198,7917
FINAL_P3D_pop40_iter200_2opt_qualitybalanced_relocate,Final CPU configuration selected from pilot: quality-balanced memory-safe 2opt+bounded relocate,A-n80-k10,M-WOA,WOA,2opt_qualitybalanced_relocate,23,504049,40,200,1763.0,2145.0,2145.0,21.66761202495746,21.66761202495746,10,10,100,100,True,True,True,0,0,0,0,0,7.463661199999933,1.4431445000000167,41,1622
FINAL_P3D_pop40_iter200_2opt_qualitybalanced_relocate,Final CPU configuration selected from pilot: quality-balanced memory-safe 2opt+bounded relocate,A-n80-k10,M-WOA,WOA,2opt_qualitybalanced_relocate,24,504050,40,200,1763.0,2114.0,2114.0,19.90924560408395,19.90924560408395,10,10,100,100,True,True,True,0,0,0,0,0,8.937738600000102,6.340004200000294,150,5991
FINAL_P3D_pop40_iter200_2opt_qualitybalanced_relocate,Final CPU configuration selected from pilot: quality-balanced memory-safe 2opt+bounded relocate,A-n80-k10,M-WOA,WOA,2opt_qualitybalanced_relocate,25,504051,40,200,1763.0,1967.0,1967.0,11.571185479296654,11.571185479296654,10,10,100,100,True,True,True,0,0,0,0,0,8.827199600000313,7.469784100000197,181,7238
FINAL_P3D_pop40_iter200_2opt_qualitybalanced_relocate,Final CPU configuration selected from pilot: quality-balanced memory-safe 2opt+bounded relocate,A-n80-k10,M-WOA,WOA,2opt_qualitybalanced_relocate,26,504052,40,200,1763.0,2018.0,2018.0,14.463981849120817,14.463981849120817,10,10,99,100,True,True,True,0,0,0,0,0,7.734756099999686,7.45390419999967,197,7877
FINAL_P3D_pop40_iter200_2opt_qualitybalanced_relocate,Final CPU configuration selected from pilot: quality-balanced memory-safe 2opt+bounded relocate,A-n80-k10,M-WOA,WOA,2opt_qualitybalanced_relocate,27,504053,40,200,1763.0,2068.0,2068.0,17.300056721497448,17.300056721497448,10,10,100,100,True,True,True,0,0,0,0,0,9.72652220000009,4.823714800000289,109,4335
FINAL_P3D_pop40_iter200_2opt_qualitybalanced_relocate,Final CPU configuration selected from pilot: quality-balanced memory-safe 2opt+bounded relocate,A-n80-k10,M-WOA,WOA,2opt_qualitybalanced_relocate,28,504054,40,200,1763.0,2229.0,2229.0,26.4322178105502,26.4322178105502,10,10,100,100,True,True,True,0,0,0,0,0,6.909195899999759,1.509642999999869,40,1593
FINAL_P3D_pop40_iter200_2opt_qualitybalanced_relocate,Final CPU configuration selected from pilot: quality-balanced memory-safe 2opt+bounded relocate,A-n80-k10,M-WOA,WOA,2opt_qualitybalanced_relocate,29,504055,40,200,1763.0,1921.0,1921.0,8.961996596710152,8.961996596710152,10,10,100,100,True,True,True,0,0,0,0,0,12.790009800000007,10.91250590000027,183,7309
FINAL_P3D_pop40_iter200_2opt_qualitybalanced_relocate,Final CPU configuration selected from pilot: quality-balanced memory-safe 2opt+bounded relocate,A-n80-k10,M-WOA,WOA,2opt_qualitybalanced_relocate,30,504056,40,200,1763.0,1994.0,1994.0,13.102665910380034,13.102665910380034,10,10,100,100,True,True,True,0,0,0,0,0,9.831531700000141,7.868721199999982,171,6802
FINAL_P3D_pop40_iter200_2opt_qualitybalanced_relocate,Final CPU configuration selected from pilot: quality-balanced memory-safe 2opt+bounded relocate,A-n80-k10,M-SSA,SSA,2opt_qualitybalanced_relocate,1,505027,40,200,1763.0,2111.0,2111.0,19.73908111174135,19.73908111174135,10,10,100,100,True,True,True,0,0,0,0,0,13.527568399999836,10.80793420000009,169,6721
FINAL_P3D_pop40_iter200_2opt_qualitybalanced_relocate,Final CPU configuration selected from pilot: quality-balanced memory-safe 2opt+bounded relocate,A-n80-k10,M-SSA,SSA,2opt_qualitybalanced_relocate,2,505028,40,200,1763.0,2257.0,2257.0,28.020419739081113,28.020419739081113,10,10,100,100,True,True,True,0,0,0,0,0,12.864278600000034,9.746756099999857,165,6561
FINAL_P3D_pop40_iter200_2opt_qualitybalanced_relocate,Final CPU configuration selected from pilot: quality-balanced memory-safe 2opt+bounded relocate,A-n80-k10,M-SSA,SSA,2opt_qualitybalanced_relocate,3,505029,40,200,1763.0,2263.0,2263.0,28.360748723766307,28.360748723766307,10,10,99,100,True,True,True,0,0,0,0,0,13.740008599999783,8.488870399999996,140,5561
FINAL_P3D_pop40_iter200_2opt_qualitybalanced_relocate,Final CPU configuration selected from pilot: quality-balanced memory-safe 2opt+bounded relocate,A-n80-k10,M-SSA,SSA,2opt_qualitybalanced_relocate,4,505030,40,200,1763.0,2303.0,2303.0,30.62960862166761,30.62960862166761,10,10,100,100,True,True,True,0,0,0,0,0,12.680066500000066,11.237259399999857,182,7244
FINAL_P3D_pop40_iter200_2opt_qualitybalanced_relocate,Final CPU configuration selected from pilot: quality-balanced memory-safe 2opt+bounded relocate,A-n80-k10,M-SSA,SSA,2opt_qualitybalanced_relocate,5,505031,40,200,1763.0,2163.0,2163.0,22.688598979013047,22.688598979013047,10,10,100,100,True,True,True,0,0,0,0,0,13.41195259999995,10.309479999999894,164,6521
FINAL_P3D_pop40_iter200_2opt_qualitybalanced_relocate,Final CPU configuration selected from pilot: quality-balanced memory-safe 2opt+bounded relocate,A-n80-k10,M-SSA,SSA,2opt_qualitybalanced_relocate,6,505032,40,200,1763.0,2275.0,2275.0,29.0414066931367,29.0414066931367,10,10,100,100,True,True,True,0,0,0,0,0,12.226836800000001,8.285761399999956,151,6001
FINAL_P3D_pop40_iter200_2opt_qualitybalanced_relocate,Final CPU configuration selected from pilot: quality-balanced memory-safe 2opt+bounded relocate,A-n80-k10,M-SSA,SSA,2opt_qualitybalanced_relocate,7,505033,40,200,1763.0,2173.0,2173.0,23.25581395348837,23.25581395348837,10,10,100,100,True,True,True,0,0,0,0,0,12.969809400000031,11.971475100000134,189,7522
FINAL_P3D_pop40_iter200_2opt_qualitybalanced_relocate,Final CPU configuration selected from pilot: quality-balanced memory-safe 2opt+bounded relocate,A-n80-k10,M-SSA,SSA,2opt_qualitybalanced_relocate,8,505034,40,200,1763.0,2081.0,2081.0,18.03743618831537,18.03743618831537,10,10,100,100,True,True,True,0,0,0,0,0,13.368744700000207,9.913249799999903,159,6321
FINAL_P3D_pop40_iter200_2opt_qualitybalanced_relocate,Final CPU configuration selected from pilot: quality-balanced memory-safe 2opt+bounded relocate,A-n80-k10,M-SSA,SSA,2opt_qualitybalanced_relocate,9,505035,40,200,1763.0,2099.0,2099.0,19.05842314237096,19.05842314237096,10,10,100,100,True,True,True,0,0,0,0,0,12.429568700000345,9.450909500000307,164,6521
FINAL_P3D_pop40_iter200_2opt_qualitybalanced_relocate,Final CPU configuration selected from pilot: quality-balanced memory-safe 2opt+bounded relocate,A-n80-k10,M-SSA,SSA,2opt_qualitybalanced_relocate,10,505036,40,200,1763.0,2115.0,2115.0,19.96596710153148,19.96596710153148,10,10,99,100,True,True,True,0,0,0,0,0,12.523928099999921,10.957183299999997,181,7202
FINAL_P3D_pop40_iter200_2opt_qualitybalanced_relocate,Final CPU configuration selected from pilot: quality-balanced memory-safe 2opt+bounded relocate,A-n80-k10,M-SSA,SSA,2opt_qualitybalanced_relocate,11,505037,40,200,1763.0,2169.0,2169.0,23.02892796369824,23.02892796369824,10,10,100,100,True,True,True,0,0,0,0,0,13.07183999999961,10.884262999999919,177,7042
FINAL_P3D_pop40_iter200_2opt_qualitybalanced_relocate,Final CPU configuration selected from pilot: quality-balanced memory-safe 2opt+bounded relocate,A-n80-k10,M-SSA,SSA,2opt_qualitybalanced_relocate,12,505038,40,200,1763.0,2288.0,2288.0,29.778786159954624,29.778786159954624,10,10,100,100,True,True,True,0,0,0,0,0,12.455500100000336,10.417924200000016,175,6961
FINAL_P3D_pop40_iter200_2opt_qualitybalanced_relocate,Final CPU configuration selected from pilot: quality-balanced memory-safe 2opt+bounded relocate,A-n80-k10,M-SSA,SSA,2opt_qualitybalanced_relocate,13,505039,40,200,1763.0,2288.0,2288.0,29.778786159954624,29.778786159954624,10,10,100,100,True,True,True,0,0,0,0,0,11.827398800000083,8.934641800000009,158,6281
FINAL_P3D_pop40_iter200_2opt_qualitybalanced_relocate,Final CPU configuration selected from pilot: quality-balanced memory-safe 2opt+bounded relocate,A-n80-k10,M-SSA,SSA,2opt_qualitybalanced_relocate,14,505040,40,200,1763.0,2326.0,2326.0,31.93420306296086,31.93420306296086,10,10,100,100,True,True,True,0,0,0,0,0,10.23902169999974,8.329477199999928,167,6641
FINAL_P3D_pop40_iter200_2opt_qualitybalanced_relocate,Final CPU configuration selected from pilot: quality-balanced memory-safe 2opt+bounded relocate,A-n80-k10,M-SSA,SSA,2opt_qualitybalanced_relocate,15,505041,40,200,1763.0,2240.0,2240.0,27.056154282473056,27.056154282473056,10,10,100,100,True,True,True,0,0,0,0,0,14.386214200000268,10.842850700000326,163,6482
FINAL_P3D_pop40_iter200_2opt_qualitybalanced_relocate,Final CPU configuration selected from pilot: quality-balanced memory-safe 2opt+bounded relocate,A-n80-k10,M-SSA,SSA,2opt_qualitybalanced_relocate,16,505042,40,200,1763.0,2361.0,2361.0,33.9194554736245,33.9194554736245,10,10,100,100,True,True,True,0,0,0,0,0,11.549782600000071,8.3113014999999,154,6121
FINAL_P3D_pop40_iter200_2opt_qualitybalanced_relocate,Final CPU configuration selected from pilot: quality-balanced memory-safe 2opt+bounded relocate,A-n80-k10,M-SSA,SSA,2opt_qualitybalanced_relocate,17,505043,40,200,1763.0,2381.0,2381.0,35.053885422575156,35.053885422575156,10,10,99,100,True,True,True,0,0,0,0,0,11.374750200000108,7.8244675000000825,147,5841
FINAL_P3D_pop40_iter200_2opt_qualitybalanced_relocate,Final CPU configuration selected from pilot: quality-balanced memory-safe 2opt+bounded relocate,A-n80-k10,M-SSA,SSA,2opt_qualitybalanced_relocate,18,505044,40,200,1763.0,2083.0,2083.0,18.150879183210435,18.150879183210435,10,10,100,100,True,True,True,0,0,0,0,0,12.59591760000012,9.369194899999911,162,6441
FINAL_P3D_pop40_iter200_2opt_qualitybalanced_relocate,Final CPU configuration selected from pilot: quality-balanced memory-safe 2opt+bounded relocate,A-n80-k10,M-SSA,SSA,2opt_qualitybalanced_relocate,19,505045,40,200,1763.0,2324.0,2324.0,31.8207600680658,31.8207600680658,10,10,100,100,True,True,True,0,0,0,0,0,11.506452600000102,8.145186700000068,152,6041
FINAL_P3D_pop40_iter200_2opt_qualitybalanced_relocate,Final CPU configuration selected from pilot: quality-balanced memory-safe 2opt+bounded relocate,A-n80-k10,M-SSA,SSA,2opt_qualitybalanced_relocate,20,505046,40,200,1763.0,2336.0,2336.0,32.50141803743619,32.50141803743619,10,10,100,100,True,True,True,0,0,0,0,0,17.520941199999925,15.73336190000009,188,7483
FINAL_P3D_pop40_iter200_2opt_qualitybalanced_relocate,Final CPU configuration selected from pilot: quality-balanced memory-safe 2opt+bounded relocate,A-n80-k10,M-SSA,SSA,2opt_qualitybalanced_relocate,21,505047,40,200,1763.0,2155.0,2155.0,22.234826999432784,22.234826999432784,10,10,100,100,True,True,True,0,0,0,0,0,18.440891799999918,16.68438079999987,179,7122
FINAL_P3D_pop40_iter200_2opt_qualitybalanced_relocate,Final CPU configuration selected from pilot: quality-balanced memory-safe 2opt+bounded relocate,A-n80-k10,M-SSA,SSA,2opt_qualitybalanced_relocate,22,505048,40,200,1763.0,2195.0,2195.0,24.503686897334088,24.503686897334088,10,10,100,100,True,True,True,0,0,0,0,0,11.992407000000185,10.31157949999988,179,7121
FINAL_P3D_pop40_iter200_2opt_qualitybalanced_relocate,Final CPU configuration selected from pilot: quality-balanced memory-safe 2opt+bounded relocate,A-n80-k10,M-SSA,SSA,2opt_qualitybalanced_relocate,23,505049,40,200,1763.0,2055.0,2055.0,16.562677254679524,16.562677254679524,10,10,100,100,True,True,True,0,0,0,0,0,12.558340000000044,11.035286499999984,183,7281
FINAL_P3D_pop40_iter200_2opt_qualitybalanced_relocate,Final CPU configuration selected from pilot: quality-balanced memory-safe 2opt+bounded relocate,A-n80-k10,M-SSA,SSA,2opt_qualitybalanced_relocate,24,505050,40,200,1763.0,2205.0,2205.0,25.070901871809415,25.070901871809415,10,10,100,100,True,True,True,0,0,0,0,0,11.919702199999847,8.675633299999845,156,6201
FINAL_P3D_pop40_iter200_2opt_qualitybalanced_relocate,Final CPU configuration selected from pilot: quality-balanced memory-safe 2opt+bounded relocate,A-n80-k10,M-SSA,SSA,2opt_qualitybalanced_relocate,25,505051,40,200,1763.0,2153.0,2153.0,22.12138400453772,22.12138400453772,10,10,100,100,True,True,True,0,0,0,0,0,13.33257949999961,10.23204349999969,165,6561
FINAL_P3D_pop40_iter200_2opt_qualitybalanced_relocate,Final CPU configuration selected from pilot: quality-balanced memory-safe 2opt+bounded relocate,A-n80-k10,M-SSA,SSA,2opt_qualitybalanced_relocate,26,505052,40,200,1763.0,2239.0,2239.0,26.999432785025526,26.999432785025526,10,10,100,100,True,True,True,0,0,0,0,0,13.316205099999934,10.4359958,167,6641
FINAL_P3D_pop40_iter200_2opt_qualitybalanced_relocate,Final CPU configuration selected from pilot: quality-balanced memory-safe 2opt+bounded relocate,A-n80-k10,M-SSA,SSA,2opt_qualitybalanced_relocate,27,505053,40,200,1763.0,2219.0,2219.0,25.865002836074872,25.865002836074872,10,10,100,100,True,True,True,0,0,0,0,0,12.120416600000226,9.672512600000118,169,6721
FINAL_P3D_pop40_iter200_2opt_qualitybalanced_relocate,Final CPU configuration selected from pilot: quality-balanced memory-safe 2opt+bounded relocate,A-n80-k10,M-SSA,SSA,2opt_qualitybalanced_relocate,28,505054,40,200,1763.0,2104.0,2104.0,19.342030629608622,19.342030629608622,10,10,100,100,True,True,True,0,0,0,0,0,12.745478900000307,10.646074500000395,177,7041
FINAL_P3D_pop40_iter200_2opt_qualitybalanced_relocate,Final CPU configuration selected from pilot: quality-balanced memory-safe 2opt+bounded relocate,A-n80-k10,M-SSA,SSA,2opt_qualitybalanced_relocate,29,505055,40,200,1763.0,2015.0,2015.0,14.293817356778218,14.293817356778218,10,10,100,100,True,True,True,0,0,0,0,0,12.170006899999862,10.34030729999995,178,7081
FINAL_P3D_pop40_iter200_2opt_qualitybalanced_relocate,Final CPU configuration selected from pilot: quality-balanced memory-safe 2opt+bounded relocate,A-n80-k10,M-SSA,SSA,2opt_qualitybalanced_relocate,30,505056,40,200,1763.0,2227.0,2227.0,26.318774815655132,26.318774815655132,10,10,100,100,True,True,True,0,0,0,0,0,11.553954700000304,9.825195599999915,177,7041
FINAL_P3D_pop40_iter200_2opt_qualitybalanced_relocate,Final CPU configuration selected from pilot: quality-balanced memory-safe 2opt+bounded relocate,B-n50-k7,WOA,WOA,none,1,602027,40,200,741.0,1699.0,1699.0,129.28475033738192,129.28475033738192,7,7,99,100,True,True,True,0,0,0,0,0,0.25189769999997225,0.13284820000035324,101,4002
FINAL_P3D_pop40_iter200_2opt_qualitybalanced_relocate,Final CPU configuration selected from pilot: quality-balanced memory-safe 2opt+bounded relocate,B-n50-k7,WOA,WOA,none,2,602028,40,200,741.0,1566.0,1566.0,111.33603238866397,111.33603238866397,7,7,99,100,True,True,True,0,0,0,0,0,0.2721030999996401,0.15497329999971043,106,4218
FINAL_P3D_pop40_iter200_2opt_qualitybalanced_relocate,Final CPU configuration selected from pilot: quality-balanced memory-safe 2opt+bounded relocate,B-n50-k7,WOA,WOA,none,3,602029,40,200,741.0,1822.0,1822.0,145.88394062078274,145.88394062078274,7,7,100,100,True,True,True,0,0,0,0,0,0.23446699999976772,0.041093499999988126,31,1228
FINAL_P3D_pop40_iter200_2opt_qualitybalanced_relocate,Final CPU configuration selected from pilot: quality-balanced memory-safe 2opt+bounded relocate,B-n50-k7,WOA,WOA,none,4,602030,40,200,741.0,1751.0,1751.0,136.30229419703105,136.30229419703105,7,7,98,100,True,True,True,0,0,0,0,0,0.2378580999998121,0.09709269999984826,77,3042
FINAL_P3D_pop40_iter200_2opt_qualitybalanced_relocate,Final CPU configuration selected from pilot: quality-balanced memory-safe 2opt+bounded relocate,B-n50-k7,WOA,WOA,none,5,602031,40,200,741.0,1529.0,1529.0,106.34278002699055,106.34278002699055,7,7,98,100,True,True,True,0,0,0,0,0,0.24130000000013752,0.1176343000001907,92,3641
FINAL_P3D_pop40_iter200_2opt_qualitybalanced_relocate,Final CPU configuration selected from pilot: quality-balanced memory-safe 2opt+bounded relocate,B-n50-k7,WOA,WOA,none,6,602032,40,200,741.0,1824.0,1824.0,146.15384615384616,146.15384615384616,7,7,99,100,True,True,True,0,0,0,0,0,0.24256519999971715,0.04920559999982288,36,1404
FINAL_P3D_pop40_iter200_2opt_qualitybalanced_relocate,Final CPU configuration selected from pilot: quality-balanced memory-safe 2opt+bounded relocate,B-n50-k7,WOA,WOA,none,7,602033,40,200,741.0,1776.0,1776.0,139.67611336032388,139.67611336032388,7,7,99,100,True,True,True,0,0,0,0,0,0.24590160000025207,0.07146790000024339,54,2136
FINAL_P3D_pop40_iter200_2opt_qualitybalanced_relocate,Final CPU configuration selected from pilot: quality-balanced memory-safe 2opt+bounded relocate,B-n50-k7,WOA,WOA,none,8,602034,40,200,741.0,1591.0,1591.0,114.70985155195682,114.70985155195682,7,7,99,100,True,True,True,0,0,0,0,0,0.2412306000001081,0.09883089999993899,77,3049
FINAL_P3D_pop40_iter200_2opt_qualitybalanced_relocate,Final CPU configuration selected from pilot: quality-balanced memory-safe 2opt+bounded relocate,B-n50-k7,WOA,WOA,none,9,602035,40,200,741.0,1537.0,1537.0,107.42240215924427,107.42240215924427,7,7,96,100,True,True,True,0,0,0,0,0,0.23977210000020932,0.1397399000002224,112,4473
FINAL_P3D_pop40_iter200_2opt_qualitybalanced_relocate,Final CPU configuration selected from pilot: quality-balanced memory-safe 2opt+bounded relocate,B-n50-k7,WOA,WOA,none,10,602036,40,200,741.0,1649.0,1649.0,122.53711201079622,122.53711201079622,7,7,100,100,True,True,True,0,0,0,0,0,0.2365380000001096,0.0883097999999336,70,2777
FINAL_P3D_pop40_iter200_2opt_qualitybalanced_relocate,Final CPU configuration selected from pilot: quality-balanced memory-safe 2opt+bounded relocate,B-n50-k7,WOA,WOA,none,11,602037,40,200,741.0,1507.0,1507.0,103.37381916329285,103.37381916329285,7,7,100,100,True,True,True,0,0,0,0,0,0.24403799999981857,0.116654799999651,88,3493
FINAL_P3D_pop40_iter200_2opt_qualitybalanced_relocate,Final CPU configuration selected from pilot: quality-balanced memory-safe 2opt+bounded relocate,B-n50-k7,WOA,WOA,none,12,602038,40,200,741.0,1598.0,1598.0,115.65452091767881,115.65452091767881,7,7,99,100,True,True,True,0,0,0,0,0,0.24396920000026512,0.09907139999995707,77,3056
FINAL_P3D_pop40_iter200_2opt_qualitybalanced_relocate,Final CPU configuration selected from pilot: quality-balanced memory-safe 2opt+bounded relocate,B-n50-k7,WOA,WOA,none,13,602039,40,200,741.0,1747.0,1747.0,135.76248313090417,135.76248313090417,7,7,99,100,True,True,True,0,0,0,0,0,0.25875870000027135,0.1130142000001797,78,3119
FINAL_P3D_pop40_iter200_2opt_qualitybalanced_relocate,Final CPU configuration selected from pilot: quality-balanced memory-safe 2opt+bounded relocate,B-n50-k7,WOA,WOA,none,14,602040,40,200,741.0,1681.0,1681.0,126.85560053981106,126.85560053981106,7,7,100,100,True,True,True,0,0,0,0,0,0.24607739999964906,0.11488759999974718,87,3465
FINAL_P3D_pop40_iter200_2opt_qualitybalanced_relocate,Final CPU configuration selected from pilot: quality-balanced memory-safe 2opt+bounded relocate,B-n50-k7,WOA,WOA,none,15,602041,40,200,741.0,1799.0,1799.0,142.7800269905533,142.7800269905533,7,7,100,100,True,True,True,0,0,0,0,0,0.2777108000000226,0.12538820000008855,80,3174
FINAL_P3D_pop40_iter200_2opt_qualitybalanced_relocate,Final CPU configuration selected from pilot: quality-balanced memory-safe 2opt+bounded relocate,B-n50-k7,WOA,WOA,none,16,602042,40,200,741.0,2160.0,2160.0,191.49797570850203,191.49797570850203,7,7,98,100,True,True,True,0,0,0,0,0,0.2604000999999698,0.017625500000121974,12,472
FINAL_P3D_pop40_iter200_2opt_qualitybalanced_relocate,Final CPU configuration selected from pilot: quality-balanced memory-safe 2opt+bounded relocate,B-n50-k7,WOA,WOA,none,17,602043,40,200,741.0,1717.0,1717.0,131.71390013495278,131.71390013495278,7,7,99,100,True,True,True,0,0,0,0,0,0.2802925000000869,0.11005830000021888,79,3159
FINAL_P3D_pop40_iter200_2opt_qualitybalanced_relocate,Final CPU configuration selected from pilot: quality-balanced memory-safe 2opt+bounded relocate,B-n50-k7,WOA,WOA,none,18,602044,40,200,741.0,1653.0,1653.0,123.07692307692308,123.07692307692308,7,7,98,100,True,True,True,0,0,0,0,0,0.2877754000001005,0.17576869999993505,112,4447
FINAL_P3D_pop40_iter200_2opt_qualitybalanced_relocate,Final CPU configuration selected from pilot: quality-balanced memory-safe 2opt+bounded relocate,B-n50-k7,WOA,WOA,none,19,602045,40,200,741.0,1654.0,1654.0,123.21187584345479,123.21187584345479,7,7,91,100,True,True,True,0,0,0,0,0,0.2728606000000582,0.13305110000010245,96,3808
FINAL_P3D_pop40_iter200_2opt_qualitybalanced_relocate,Final CPU configuration selected from pilot: quality-balanced memory-safe 2opt+bounded relocate,B-n50-k7,WOA,WOA,none,20,602046,40,200,741.0,1870.0,1870.0,152.361673414305,152.361673414305,7,7,98,100,True,True,True,0,0,0,0,0,0.2422738999998728,0.0933098999998947,71,2809
FINAL_P3D_pop40_iter200_2opt_qualitybalanced_relocate,Final CPU configuration selected from pilot: quality-balanced memory-safe 2opt+bounded relocate,B-n50-k7,WOA,WOA,none,21,602047,40,200,741.0,1957.0,1957.0,164.10256410256412,164.10256410256412,7,7,100,100,True,True,True,0,0,0,0,0,0.24534360000006927,0.06739710000010746,54,2124
FINAL_P3D_pop40_iter200_2opt_qualitybalanced_relocate,Final CPU configuration selected from pilot: quality-balanced memory-safe 2opt+bounded relocate,B-n50-k7,WOA,WOA,none,22,602048,40,200,741.0,1873.0,1873.0,152.76653171390012,152.76653171390012,7,7,99,100,True,True,True,0,0,0,0,0,0.30525500000021566,0.10008160000006683,66,2611
FINAL_P3D_pop40_iter200_2opt_qualitybalanced_relocate,Final CPU configuration selected from pilot: quality-balanced memory-safe 2opt+bounded relocate,B-n50-k7,WOA,WOA,none,23,602049,40,200,741.0,1673.0,1673.0,125.77597840755736,125.77597840755736,7,7,95,100,True,True,True,0,0,0,0,0,0.24502690000008442,0.07416060000014113,53,2089
FINAL_P3D_pop40_iter200_2opt_qualitybalanced_relocate,Final CPU configuration selected from pilot: quality-balanced memory-safe 2opt+bounded relocate,B-n50-k7,WOA,WOA,none,24,602050,40,200,741.0,1749.0,1749.0,136.03238866396762,136.03238866396762,7,7,99,100,True,True,True,0,0,0,0,0,0.2412623000000167,0.03207190000011906,21,826
FINAL_P3D_pop40_iter200_2opt_qualitybalanced_relocate,Final CPU configuration selected from pilot: quality-balanced memory-safe 2opt+bounded relocate,B-n50-k7,WOA,WOA,none,25,602051,40,200,741.0,1668.0,1668.0,125.10121457489879,125.10121457489879,7,7,100,100,True,True,True,0,0,0,0,0,0.24366300000019692,0.13419280000016443,105,4192
FINAL_P3D_pop40_iter200_2opt_qualitybalanced_relocate,Final CPU configuration selected from pilot: quality-balanced memory-safe 2opt+bounded relocate,B-n50-k7,WOA,WOA,none,26,602052,40,200,741.0,1631.0,1631.0,120.10796221322538,120.10796221322538,7,7,97,100,True,True,True,0,0,0,0,0,0.23916579999968235,0.06157329999996364,45,1764
FINAL_P3D_pop40_iter200_2opt_qualitybalanced_relocate,Final CPU configuration selected from pilot: quality-balanced memory-safe 2opt+bounded relocate,B-n50-k7,WOA,WOA,none,27,602053,40,200,741.0,1715.0,1715.0,131.44399460188933,131.44399460188933,7,7,97,100,True,True,True,0,0,0,0,0,0.24584909999975935,0.15838020000001052,124,4941
FINAL_P3D_pop40_iter200_2opt_qualitybalanced_relocate,Final CPU configuration selected from pilot: quality-balanced memory-safe 2opt+bounded relocate,B-n50-k7,WOA,WOA,none,28,602054,40,200,741.0,1405.0,1405.0,89.60863697705803,89.60863697705803,7,7,100,100,True,True,True,0,0,0,0,0,0.24697729999979856,0.09921249999979409,72,2845
FINAL_P3D_pop40_iter200_2opt_qualitybalanced_relocate,Final CPU configuration selected from pilot: quality-balanced memory-safe 2opt+bounded relocate,B-n50-k7,WOA,WOA,none,29,602055,40,200,741.0,1627.0,1627.0,119.56815114709852,119.56815114709852,7,7,98,100,True,True,True,0,0,0,0,0,0.23887359999980617,0.12362930000017514,99,3939
FINAL_P3D_pop40_iter200_2opt_qualitybalanced_relocate,Final CPU configuration selected from pilot: quality-balanced memory-safe 2opt+bounded relocate,B-n50-k7,WOA,WOA,none,30,602056,40,200,741.0,1690.0,1690.0,128.0701754385965,128.0701754385965,7,7,100,100,True,True,True,0,0,0,0,0,0.24476460000005318,0.0959952000002886,72,2849
FINAL_P3D_pop40_iter200_2opt_qualitybalanced_relocate,Final CPU configuration selected from pilot: quality-balanced memory-safe 2opt+bounded relocate,B-n50-k7,SSA,SSA,none,1,603027,40,200,741.0,1917.0,1917.0,158.70445344129556,158.70445344129556,7,7,98,100,True,True,True,0,0,0,0,0,0.25907310000002326,0.18349180000041088,130,5161
FINAL_P3D_pop40_iter200_2opt_qualitybalanced_relocate,Final CPU configuration selected from pilot: quality-balanced memory-safe 2opt+bounded relocate,B-n50-k7,SSA,SSA,none,2,603028,40,200,741.0,1986.0,1986.0,168.0161943319838,168.0161943319838,7,7,97,100,True,True,True,0,0,0,0,0,0.25293080000028567,0.16335330000038084,119,4753
FINAL_P3D_pop40_iter200_2opt_qualitybalanced_relocate,Final CPU configuration selected from pilot: quality-balanced memory-safe 2opt+bounded relocate,B-n50-k7,SSA,SSA,none,3,603029,40,200,741.0,1815.0,1815.0,144.93927125506073,144.93927125506073,7,7,100,100,True,True,True,0,0,0,0,0,0.26798650000000634,0.18323199999986173,126,5014
FINAL_P3D_pop40_iter200_2opt_qualitybalanced_relocate,Final CPU configuration selected from pilot: quality-balanced memory-safe 2opt+bounded relocate,B-n50-k7,SSA,SSA,none,4,603030,40,200,741.0,1964.0,1964.0,165.0472334682861,165.0472334682861,7,7,99,100,True,True,True,0,0,0,0,0,0.2659699000000728,0.19848469999988083,139,5521
FINAL_P3D_pop40_iter200_2opt_qualitybalanced_relocate,Final CPU configuration selected from pilot: quality-balanced memory-safe 2opt+bounded relocate,B-n50-k7,SSA,SSA,none,5,603031,40,200,741.0,1851.0,1851.0,149.79757085020242,149.79757085020242,7,7,98,100,True,True,True,0,0,0,0,0,0.26124179999987973,0.18053239999971993,128,5082
FINAL_P3D_pop40_iter200_2opt_qualitybalanced_relocate,Final CPU configuration selected from pilot: quality-balanced memory-safe 2opt+bounded relocate,B-n50-k7,SSA,SSA,none,6,603032,40,200,741.0,2043.0,2043.0,175.7085020242915,175.7085020242915,7,7,96,100,True,True,True,0,0,0,0,0,0.24241540000002715,0.15761609999981374,121,4812
FINAL_P3D_pop40_iter200_2opt_qualitybalanced_relocate,Final CPU configuration selected from pilot: quality-balanced memory-safe 2opt+bounded relocate,B-n50-k7,SSA,SSA,none,7,603033,40,200,741.0,1959.0,1959.0,164.37246963562754,164.37246963562754,7,7,98,100,True,True,True,0,0,0,0,0,0.24864359999992303,0.16999260000011418,128,5094
FINAL_P3D_pop40_iter200_2opt_qualitybalanced_relocate,Final CPU configuration selected from pilot: quality-balanced memory-safe 2opt+bounded relocate,B-n50-k7,SSA,SSA,none,8,603034,40,200,741.0,2005.0,2005.0,170.58029689608637,170.58029689608637,7,7,99,100,True,True,True,0,0,0,0,0,0.318382400000246,0.2093869000000268,140,5561
FINAL_P3D_pop40_iter200_2opt_qualitybalanced_relocate,Final CPU configuration selected from pilot: quality-balanced memory-safe 2opt+bounded relocate,B-n50-k7,SSA,SSA,none,9,603035,40,200,741.0,1998.0,1998.0,169.63562753036436,169.63562753036436,7,7,99,100,True,True,True,0,0,0,0,0,0.2566677999998319,0.1735196999998152,123,4885
FINAL_P3D_pop40_iter200_2opt_qualitybalanced_relocate,Final CPU configuration selected from pilot: quality-balanced memory-safe 2opt+bounded relocate,B-n50-k7,SSA,SSA,none,10,603036,40,200,741.0,2096.0,2096.0,182.86099865047234,182.86099865047234,7,7,98,100,True,True,True,0,0,0,0,0,0.2753333000000566,0.19445770000038465,130,5162
FINAL_P3D_pop40_iter200_2opt_qualitybalanced_relocate,Final CPU configuration selected from pilot: quality-balanced memory-safe 2opt+bounded relocate,B-n50-k7,SSA,SSA,none,11,603037,40,200,741.0,2122.0,2122.0,186.3697705802969,186.3697705802969,7,7,100,100,True,True,True,0,0,0,0,0,0.2564115000000129,0.1087798999997176,72,2855
FINAL_P3D_pop40_iter200_2opt_qualitybalanced_relocate,Final CPU configuration selected from pilot: quality-balanced memory-safe 2opt+bounded relocate,B-n50-k7,SSA,SSA,none,12,603038,40,200,741.0,2122.0,2122.0,186.3697705802969,186.3697705802969,7,7,100,100,True,True,True,0,0,0,0,0,0.25786740000012287,0.1748566999999639,125,4961
FINAL_P3D_pop40_iter200_2opt_qualitybalanced_relocate,Final CPU configuration selected from pilot: quality-balanced memory-safe 2opt+bounded relocate,B-n50-k7,SSA,SSA,none,13,603039,40,200,741.0,1975.0,1975.0,166.53171390013495,166.53171390013495,7,7,99,100,True,True,True,0,0,0,0,0,0.24776810000003024,0.1774344000000383,136,5404
FINAL_P3D_pop40_iter200_2opt_qualitybalanced_relocate,Final CPU configuration selected from pilot: quality-balanced memory-safe 2opt+bounded relocate,B-n50-k7,SSA,SSA,none,14,603040,40,200,741.0,2068.0,2068.0,179.08232118758434,179.08232118758434,7,7,97,100,True,True,True,0,0,0,0,0,0.2614130000001751,0.19619959999999992,140,5580
FINAL_P3D_pop40_iter200_2opt_qualitybalanced_relocate,Final CPU configuration selected from pilot: quality-balanced memory-safe 2opt+bounded relocate,B-n50-k7,SSA,SSA,none,15,603041,40,200,741.0,1957.0,1957.0,164.10256410256412,164.10256410256412,7,7,97,100,True,True,True,0,0,0,0,0,0.2676947999998447,0.18722619999971357,127,5042
FINAL_P3D_pop40_iter200_2opt_qualitybalanced_relocate,Final CPU configuration selected from pilot: quality-balanced memory-safe 2opt+bounded relocate,B-n50-k7,SSA,SSA,none,16,603042,40,200,741.0,1910.0,1910.0,157.75978407557355,157.75978407557355,7,7,100,100,True,True,True,0,0,0,0,0,0.2574623000000429,0.17095719999997527,123,4881
FINAL_P3D_pop40_iter200_2opt_qualitybalanced_relocate,Final CPU configuration selected from pilot: quality-balanced memory-safe 2opt+bounded relocate,B-n50-k7,SSA,SSA,none,17,603043,40,200,741.0,1859.0,1859.0,150.87719298245614,150.87719298245614,7,7,100,100,True,True,True,0,0,0,0,0,0.24743209999996907,0.17868640000006053,137,5443
FINAL_P3D_pop40_iter200_2opt_qualitybalanced_relocate,Final CPU configuration selected from pilot: quality-balanced memory-safe 2opt+bounded relocate,B-n50-k7,SSA,SSA,none,18,603044,40,200,741.0,2111.0,2111.0,184.88529014844804,184.88529014844804,7,7,100,100,True,True,True,0,0,0,0,0,0.24107809999986785,0.13892380000015692,109,4323
FINAL_P3D_pop40_iter200_2opt_qualitybalanced_relocate,Final CPU configuration selected from pilot: quality-balanced memory-safe 2opt+bounded relocate,B-n50-k7,SSA,SSA,none,19,603045,40,200,741.0,1940.0,1940.0,161.80836707152497,161.80836707152497,7,7,97,100,True,True,True,0,0,0,0,0,0.2730894999999691,0.18131050000010873,123,4887
FINAL_P3D_pop40_iter200_2opt_qualitybalanced_relocate,Final CPU configuration selected from pilot: quality-balanced memory-safe 2opt+bounded relocate,B-n50-k7,SSA,SSA,none,20,603046,40,200,741.0,2047.0,2047.0,176.24831309041835,176.24831309041835,7,7,97,100,True,True,True,0,0,0,0,0,0.2573526999999558,0.18303770000011355,133,5282
FINAL_P3D_pop40_iter200_2opt_qualitybalanced_relocate,Final CPU configuration selected from pilot: quality-balanced memory-safe 2opt+bounded relocate,B-n50-k7,SSA,SSA,none,21,603047,40,200,741.0,2018.0,2018.0,172.33468286099864,172.33468286099864,7,7,99,100,True,True,True,0,0,0,0,0,0.2609244000000217,0.17585159999998723,126,5001
FINAL_P3D_pop40_iter200_2opt_qualitybalanced_relocate,Final CPU configuration selected from pilot: quality-balanced memory-safe 2opt+bounded relocate,B-n50-k7,SSA,SSA,none,22,603048,40,200,741.0,1986.0,1986.0,168.0161943319838,168.0161943319838,7,7,99,100,True,True,True,0,0,0,0,0,0.2685591999997996,0.15343970000003537,102,4058
FINAL_P3D_pop40_iter200_2opt_qualitybalanced_relocate,Final CPU configuration selected from pilot: quality-balanced memory-safe 2opt+bounded relocate,B-n50-k7,SSA,SSA,none,23,603049,40,200,741.0,1959.0,1959.0,164.37246963562754,164.37246963562754,7,7,98,100,True,True,True,0,0,0,0,0,0.25651330000027883,0.17416730000013558,126,5001
FINAL_P3D_pop40_iter200_2opt_qualitybalanced_relocate,Final CPU configuration selected from pilot: quality-balanced memory-safe 2opt+bounded relocate,B-n50-k7,SSA,SSA,none,24,603050,40,200,741.0,2007.0,2007.0,170.8502024291498,170.8502024291498,7,7,100,100,True,True,True,0,0,0,0,0,0.25182760000006965,0.19187730000021475,145,5761
FINAL_P3D_pop40_iter200_2opt_qualitybalanced_relocate,Final CPU configuration selected from pilot: quality-balanced memory-safe 2opt+bounded relocate,B-n50-k7,SSA,SSA,none,25,603051,40,200,741.0,2042.0,2042.0,175.5735492577598,175.5735492577598,7,7,96,100,True,True,True,0,0,0,0,0,0.2564002999997683,0.18275479999965683,132,5250
FINAL_P3D_pop40_iter200_2opt_qualitybalanced_relocate,Final CPU configuration selected from pilot: quality-balanced memory-safe 2opt+bounded relocate,B-n50-k7,SSA,SSA,none,26,603052,40,200,741.0,1909.0,1909.0,157.62483130904184,157.62483130904184,7,7,99,100,True,True,True,0,0,0,0,0,0.25205129999994824,0.17612229999986084,131,5201
FINAL_P3D_pop40_iter200_2opt_qualitybalanced_relocate,Final CPU configuration selected from pilot: quality-balanced memory-safe 2opt+bounded relocate,B-n50-k7,SSA,SSA,none,27,603053,40,200,741.0,2076.0,2076.0,180.16194331983806,180.16194331983806,7,7,99,100,True,True,True,0,0,0,0,0,0.24690140000029714,0.1533911999999873,114,4523
FINAL_P3D_pop40_iter200_2opt_qualitybalanced_relocate,Final CPU configuration selected from pilot: quality-balanced memory-safe 2opt+bounded relocate,B-n50-k7,SSA,SSA,none,28,603054,40,200,741.0,1847.0,1847.0,149.25775978407557,149.25775978407557,7,7,100,100,True,True,True,0,0,0,0,0,0.2670195999999123,0.17701690000012604,119,4722
FINAL_P3D_pop40_iter200_2opt_qualitybalanced_relocate,Final CPU configuration selected from pilot: quality-balanced memory-safe 2opt+bounded relocate,B-n50-k7,SSA,SSA,none,29,603055,40,200,741.0,2043.0,2043.0,175.7085020242915,175.7085020242915,7,7,99,100,True,True,True,0,0,0,0,0,0.2596266000000469,0.1717846000001373,123,4882
FINAL_P3D_pop40_iter200_2opt_qualitybalanced_relocate,Final CPU configuration selected from pilot: quality-balanced memory-safe 2opt+bounded relocate,B-n50-k7,SSA,SSA,none,30,603056,40,200,741.0,2011.0,2011.0,171.39001349527666,171.39001349527666,7,7,100,100,True,True,True,0,0,0,0,0,0.24984360000007655,0.1751616000001377,132,5241
FINAL_P3D_pop40_iter200_2opt_qualitybalanced_relocate,Final CPU configuration selected from pilot: quality-balanced memory-safe 2opt+bounded relocate,B-n50-k7,M-WOA,WOA,2opt_qualitybalanced_relocate,1,604027,40,200,741.0,871.0,871.0,17.54385964912281,17.54385964912281,7,7,97,100,True,True,True,0,0,0,0,0,6.4650893000002725,1.6123345000000882,60,2390
FINAL_P3D_pop40_iter200_2opt_qualitybalanced_relocate,Final CPU configuration selected from pilot: quality-balanced memory-safe 2opt+bounded relocate,B-n50-k7,M-WOA,WOA,2opt_qualitybalanced_relocate,2,604028,40,200,741.0,744.0,744.0,0.4048582995951417,0.4048582995951417,7,7,100,100,True,True,True,0,0,0,0,0,12.64181890000009,8.109594500000185,148,5881
FINAL_P3D_pop40_iter200_2opt_qualitybalanced_relocate,Final CPU configuration selected from pilot: quality-balanced memory-safe 2opt+bounded relocate,B-n50-k7,M-WOA,WOA,2opt_qualitybalanced_relocate,3,604029,40,200,741.0,876.0,876.0,18.218623481781375,18.218623481781375,7,7,99,100,True,True,True,0,0,0,0,0,4.679037600000356,1.4863147999999455,64,2523
FINAL_P3D_pop40_iter200_2opt_qualitybalanced_relocate,Final CPU configuration selected from pilot: quality-balanced memory-safe 2opt+bounded relocate,B-n50-k7,M-WOA,WOA,2opt_qualitybalanced_relocate,4,604030,40,200,741.0,856.0,856.0,15.519568151147098,15.519568151147098,7,7,100,100,True,True,True,0,0,0,0,0,7.483857100000023,4.843572199999926,141,5603
FINAL_P3D_pop40_iter200_2opt_qualitybalanced_relocate,Final CPU configuration selected from pilot: quality-balanced memory-safe 2opt+bounded relocate,B-n50-k7,M-WOA,WOA,2opt_qualitybalanced_relocate,5,604031,40,200,741.0,816.0,816.0,10.121457489878543,10.121457489878543,7,7,100,100,True,True,True,0,0,0,0,0,8.252070800000183,4.186258600000201,129,5146
FINAL_P3D_pop40_iter200_2opt_qualitybalanced_relocate,Final CPU configuration selected from pilot: quality-balanced memory-safe 2opt+bounded relocate,B-n50-k7,M-WOA,WOA,2opt_qualitybalanced_relocate,6,604032,40,200,741.0,808.0,808.0,9.041835357624832,9.041835357624832,7,7,100,100,True,True,True,0,0,0,0,0,11.7142087000002,2.240628200000174,46,1801
FINAL_P3D_pop40_iter200_2opt_qualitybalanced_relocate,Final CPU configuration selected from pilot: quality-balanced memory-safe 2opt+bounded relocate,B-n50-k7,M-WOA,WOA,2opt_qualitybalanced_relocate,7,604033,40,200,741.0,744.0,744.0,0.4048582995951417,0.4048582995951417,7,7,100,100,True,True,True,0,0,0,0,0,6.8302293000001555,5.149187500000153,149,5940
FINAL_P3D_pop40_iter200_2opt_qualitybalanced_relocate,Final CPU configuration selected from pilot: quality-balanced memory-safe 2opt+bounded relocate,B-n50-k7,M-WOA,WOA,2opt_qualitybalanced_relocate,8,604034,40,200,741.0,989.0,989.0,33.46828609986505,33.46828609986505,7,7,100,100,True,True,True,0,0,0,0,0,5.808054699999957,0.5027199999999539,17,680
FINAL_P3D_pop40_iter200_2opt_qualitybalanced_relocate,Final CPU configuration selected from pilot: quality-balanced memory-safe 2opt+bounded relocate,B-n50-k7,M-WOA,WOA,2opt_qualitybalanced_relocate,9,604035,40,200,741.0,773.0,773.0,4.318488529014845,4.318488529014845,7,7,99,100,True,True,True,0,0,0,0,0,8.271942000000308,5.435977300000104,145,5776
FINAL_P3D_pop40_iter200_2opt_qualitybalanced_relocate,Final CPU configuration selected from pilot: quality-balanced memory-safe 2opt+bounded relocate,B-n50-k7,M-WOA,WOA,2opt_qualitybalanced_relocate,10,604036,40,200,741.0,745.0,745.0,0.5398110661268556,0.5398110661268556,7,7,100,100,True,True,True,0,0,0,0,0,14.306953400000111,3.6384546000003866,73,2916
FINAL_P3D_pop40_iter200_2opt_qualitybalanced_relocate,Final CPU configuration selected from pilot: quality-balanced memory-safe 2opt+bounded relocate,B-n50-k7,M-WOA,WOA,2opt_qualitybalanced_relocate,11,604037,40,200,741.0,757.0,757.0,2.1592442645074224,2.1592442645074224,7,7,98,100,True,True,True,0,0,0,0,0,12.462978699999894,0.7852124999999432,22,862
FINAL_P3D_pop40_iter200_2opt_qualitybalanced_relocate,Final CPU configuration selected from pilot: quality-balanced memory-safe 2opt+bounded relocate,B-n50-k7,M-WOA,WOA,2opt_qualitybalanced_relocate,12,604038,40,200,741.0,764.0,764.0,3.1039136302294197,3.1039136302294197,7,7,100,100,True,True,True,0,0,0,0,0,9.964271299999837,9.171289800000068,187,7479
FINAL_P3D_pop40_iter200_2opt_qualitybalanced_relocate,Final CPU configuration selected from pilot: quality-balanced memory-safe 2opt+bounded relocate,B-n50-k7,M-WOA,WOA,2opt_qualitybalanced_relocate,13,604039,40,200,741.0,778.0,778.0,4.993252361673414,4.993252361673414,7,7,99,100,True,True,True,0,0,0,0,0,7.067351300000155,5.87243989999979,174,6926
FINAL_P3D_pop40_iter200_2opt_qualitybalanced_relocate,Final CPU configuration selected from pilot: quality-balanced memory-safe 2opt+bounded relocate,B-n50-k7,M-WOA,WOA,2opt_qualitybalanced_relocate,14,604040,40,200,741.0,775.0,775.0,4.588394062078272,4.588394062078272,7,7,98,100,True,True,True,0,0,0,0,0,11.838330499999756,4.876647799999773,108,4303
FINAL_P3D_pop40_iter200_2opt_qualitybalanced_relocate,Final CPU configuration selected from pilot: quality-balanced memory-safe 2opt+bounded relocate,B-n50-k7,M-WOA,WOA,2opt_qualitybalanced_relocate,15,604041,40,200,741.0,871.0,871.0,17.54385964912281,17.54385964912281,7,7,99,100,True,True,True,0,0,0,0,0,5.944968699999663,1.9000154999998813,70,2768
FINAL_P3D_pop40_iter200_2opt_qualitybalanced_relocate,Final CPU configuration selected from pilot: quality-balanced memory-safe 2opt+bounded relocate,B-n50-k7,M-WOA,WOA,2opt_qualitybalanced_relocate,16,604042,40,200,741.0,751.0,751.0,1.349527665317139,1.349527665317139,7,7,99,100,True,True,True,0,0,0,0,0,11.316587300000265,6.501265800000056,118,4690
FINAL_P3D_pop40_iter200_2opt_qualitybalanced_relocate,Final CPU configuration selected from pilot: quality-balanced memory-safe 2opt+bounded relocate,B-n50-k7,M-WOA,WOA,2opt_qualitybalanced_relocate,17,604043,40,200,741.0,800.0,800.0,7.96221322537112,7.96221322537112,7,7,100,100,True,True,True,0,0,0,0,0,7.618981599999643,2.604784699999982,65,2565
FINAL_P3D_pop40_iter200_2opt_qualitybalanced_relocate,Final CPU configuration selected from pilot: quality-balanced memory-safe 2opt+bounded relocate,B-n50-k7,M-WOA,WOA,2opt_qualitybalanced_relocate,18,604044,40,200,741.0,743.0,743.0,0.2699055330634278,0.2699055330634278,7,7,98,100,True,True,True,0,0,0,0,0,9.849568299999646,1.4386977999997725,36,1408
FINAL_P3D_pop40_iter200_2opt_qualitybalanced_relocate,Final CPU configuration selected from pilot: quality-balanced memory-safe 2opt+bounded relocate,B-n50-k7,M-WOA,WOA,2opt_qualitybalanced_relocate,19,604045,40,200,741.0,771.0,771.0,4.048582995951417,4.048582995951417,7,7,99,100,True,True,True,0,0,0,0,0,12.336876800000027,10.80626620000021,174,6942
FINAL_P3D_pop40_iter200_2opt_qualitybalanced_relocate,Final CPU configuration selected from pilot: quality-balanced memory-safe 2opt+bounded relocate,B-n50-k7,M-WOA,WOA,2opt_qualitybalanced_relocate,20,604046,40,200,741.0,765.0,765.0,3.2388663967611335,3.2388663967611335,7,7,100,100,True,True,True,0,0,0,0,0,9.825170499999786,7.727728099999695,163,6517
FINAL_P3D_pop40_iter200_2opt_qualitybalanced_relocate,Final CPU configuration selected from pilot: quality-balanced memory-safe 2opt+bounded relocate,B-n50-k7,M-WOA,WOA,2opt_qualitybalanced_relocate,21,604047,40,200,741.0,814.0,814.0,9.851551956815115,9.851551956815115,7,7,100,100,True,True,True,0,0,0,0,0,9.735338500000125,2.529708600000049,56,2220
FINAL_P3D_pop40_iter200_2opt_qualitybalanced_relocate,Final CPU configuration selected from pilot: quality-balanced memory-safe 2opt+bounded relocate,B-n50-k7,M-WOA,WOA,2opt_qualitybalanced_relocate,22,604048,40,200,741.0,839.0,839.0,13.225371120107962,13.225371120107962,7,7,100,100,True,True,True,0,0,0,0,0,9.392757600000095,0.6247704000002159,21,815
FINAL_P3D_pop40_iter200_2opt_qualitybalanced_relocate,Final CPU configuration selected from pilot: quality-balanced memory-safe 2opt+bounded relocate,B-n50-k7,M-WOA,WOA,2opt_qualitybalanced_relocate,23,604049,40,200,741.0,781.0,781.0,5.398110661268556,5.398110661268556,7,7,100,100,True,True,True,0,0,0,0,0,5.816317199999958,3.8135003999996115,144,5758
FINAL_P3D_pop40_iter200_2opt_qualitybalanced_relocate,Final CPU configuration selected from pilot: quality-balanced memory-safe 2opt+bounded relocate,B-n50-k7,M-WOA,WOA,2opt_qualitybalanced_relocate,24,604050,40,200,741.0,778.0,778.0,4.993252361673414,4.993252361673414,7,7,100,100,True,True,True,0,0,0,0,0,6.444581000000198,2.791848200000004,98,3902
FINAL_P3D_pop40_iter200_2opt_qualitybalanced_relocate,Final CPU configuration selected from pilot: quality-balanced memory-safe 2opt+bounded relocate,B-n50-k7,M-WOA,WOA,2opt_qualitybalanced_relocate,25,604051,40,200,741.0,851.0,851.0,14.84480431848853,14.84480431848853,7,7,99,100,True,True,True,0,0,0,0,0,7.201186199999938,1.6334931999999753,69,2738
FINAL_P3D_pop40_iter200_2opt_qualitybalanced_relocate,Final CPU configuration selected from pilot: quality-balanced memory-safe 2opt+bounded relocate,B-n50-k7,M-WOA,WOA,2opt_qualitybalanced_relocate,26,604052,40,200,741.0,766.0,766.0,3.3738191632928474,3.3738191632928474,7,7,100,100,True,True,True,0,0,0,0,0,11.151553199999853,5.0348479999997835,100,3987
FINAL_P3D_pop40_iter200_2opt_qualitybalanced_relocate,Final CPU configuration selected from pilot: quality-balanced memory-safe 2opt+bounded relocate,B-n50-k7,M-WOA,WOA,2opt_qualitybalanced_relocate,27,604053,40,200,741.0,867.0,867.0,17.004048582995953,17.004048582995953,7,7,100,100,True,True,True,0,0,0,0,0,6.957166799999868,3.3522351000001436,101,4015
FINAL_P3D_pop40_iter200_2opt_qualitybalanced_relocate,Final CPU configuration selected from pilot: quality-balanced memory-safe 2opt+bounded relocate,B-n50-k7,M-WOA,WOA,2opt_qualitybalanced_relocate,28,604054,40,200,741.0,877.0,877.0,18.35357624831309,18.35357624831309,7,7,99,100,True,True,True,0,0,0,0,0,9.0666812999998,1.4717890999995689,39,1550
FINAL_P3D_pop40_iter200_2opt_qualitybalanced_relocate,Final CPU configuration selected from pilot: quality-balanced memory-safe 2opt+bounded relocate,B-n50-k7,M-WOA,WOA,2opt_qualitybalanced_relocate,29,604055,40,200,741.0,849.0,849.0,14.574898785425102,14.574898785425102,7,7,100,100,True,True,True,0,0,0,0,0,5.911852100000033,3.171809900000426,116,4602
FINAL_P3D_pop40_iter200_2opt_qualitybalanced_relocate,Final CPU configuration selected from pilot: quality-balanced memory-safe 2opt+bounded relocate,B-n50-k7,M-WOA,WOA,2opt_qualitybalanced_relocate,30,604056,40,200,741.0,856.0,856.0,15.519568151147098,15.519568151147098,7,7,97,100,True,True,True,0,0,0,0,0,5.797634499999731,2.3407710999999836,84,3350
FINAL_P3D_pop40_iter200_2opt_qualitybalanced_relocate,Final CPU configuration selected from pilot: quality-balanced memory-safe 2opt+bounded relocate,B-n50-k7,M-SSA,SSA,2opt_qualitybalanced_relocate,1,605027,40,200,741.0,752.0,752.0,1.484480431848853,1.484480431848853,7,7,98,100,True,True,True,0,0,0,0,0,11.851791800000228,10.105407200000172,183,7281
FINAL_P3D_pop40_iter200_2opt_qualitybalanced_relocate,Final CPU configuration selected from pilot: quality-balanced memory-safe 2opt+bounded relocate,B-n50-k7,M-SSA,SSA,2opt_qualitybalanced_relocate,2,605028,40,200,741.0,746.0,746.0,0.6747638326585695,0.6747638326585695,7,7,98,100,True,True,True,0,0,0,0,0,11.0130036999999,7.681631400000242,158,6281
FINAL_P3D_pop40_iter200_2opt_qualitybalanced_relocate,Final CPU configuration selected from pilot: quality-balanced memory-safe 2opt+bounded relocate,B-n50-k7,M-SSA,SSA,2opt_qualitybalanced_relocate,3,605029,40,200,741.0,741.0,741.0,0.0,0.0,7,7,100,100,True,True,True,0,0,0,0,0,10.875701800000115,8.270744500000092,161,6401
FINAL_P3D_pop40_iter200_2opt_qualitybalanced_relocate,Final CPU configuration selected from pilot: quality-balanced memory-safe 2opt+bounded relocate,B-n50-k7,M-SSA,SSA,2opt_qualitybalanced_relocate,4,605030,40,200,741.0,743.0,743.0,0.2699055330634278,0.2699055330634278,7,7,98,100,True,True,True,0,0,0,0,0,10.59836600000017,6.588273200000003,136,5402
FINAL_P3D_pop40_iter200_2opt_qualitybalanced_relocate,Final CPU configuration selected from pilot: quality-balanced memory-safe 2opt+bounded relocate,B-n50-k7,M-SSA,SSA,2opt_qualitybalanced_relocate,5,605031,40,200,741.0,746.0,746.0,0.6747638326585695,0.6747638326585695,7,7,98,100,True,True,True,0,0,0,0,0,12.213945500000136,7.883484800000133,141,5602
FINAL_P3D_pop40_iter200_2opt_qualitybalanced_relocate,Final CPU configuration selected from pilot: quality-balanced memory-safe 2opt+bounded relocate,B-n50-k7,M-SSA,SSA,2opt_qualitybalanced_relocate,6,605032,40,200,741.0,743.0,743.0,0.2699055330634278,0.2699055330634278,7,7,100,100,True,True,True,0,0,0,0,0,9.11329169999999,8.191016799999943,185,7363
FINAL_P3D_pop40_iter200_2opt_qualitybalanced_relocate,Final CPU configuration selected from pilot: quality-balanced memory-safe 2opt+bounded relocate,B-n50-k7,M-SSA,SSA,2opt_qualitybalanced_relocate,7,605033,40,200,741.0,743.0,743.0,0.2699055330634278,0.2699055330634278,7,7,98,100,True,True,True,0,0,0,0,0,10.969530700000178,5.638332699999864,122,4867
FINAL_P3D_pop40_iter200_2opt_qualitybalanced_relocate,Final CPU configuration selected from pilot: quality-balanced memory-safe 2opt+bounded relocate,B-n50-k7,M-SSA,SSA,2opt_qualitybalanced_relocate,8,605034,40,200,741.0,749.0,749.0,1.0796221322537112,1.0796221322537112,7,7,100,100,True,True,True,0,0,0,0,0,10.497168200000033,8.672028200000113,163,6508
FINAL_P3D_pop40_iter200_2opt_qualitybalanced_relocate,Final CPU configuration selected from pilot: quality-balanced memory-safe 2opt+bounded relocate,B-n50-k7,M-SSA,SSA,2opt_qualitybalanced_relocate,9,605035,40,200,741.0,754.0,754.0,1.7543859649122806,1.7543859649122806,7,7,100,100,True,True,True,0,0,0,0,0,11.970780000000104,11.198377300000175,190,7572
FINAL_P3D_pop40_iter200_2opt_qualitybalanced_relocate,Final CPU configuration selected from pilot: quality-balanced memory-safe 2opt+bounded relocate,B-n50-k7,M-SSA,SSA,2opt_qualitybalanced_relocate,10,605036,40,200,741.0,747.0,747.0,0.8097165991902834,0.8097165991902834,7,7,100,100,True,True,True,0,0,0,0,0,8.868258800000149,6.626965700000255,156,6202
FINAL_P3D_pop40_iter200_2opt_qualitybalanced_relocate,Final CPU configuration selected from pilot: quality-balanced memory-safe 2opt+bounded relocate,B-n50-k7,M-SSA,SSA,2opt_qualitybalanced_relocate,11,605037,40,200,741.0,741.0,741.0,0.0,0.0,7,7,100,100,True,True,True,0,0,0,0,0,9.93649430000005,8.501428699999906,171,6802
FINAL_P3D_pop40_iter200_2opt_qualitybalanced_relocate,Final CPU configuration selected from pilot: quality-balanced memory-safe 2opt+bounded relocate,B-n50-k7,M-SSA,SSA,2opt_qualitybalanced_relocate,12,605038,40,200,741.0,741.0,741.0,0.0,0.0,7,7,100,100,True,True,True,0,0,0,0,0,9.827097400000184,5.540202000000136,137,5443
FINAL_P3D_pop40_iter200_2opt_qualitybalanced_relocate,Final CPU configuration selected from pilot: quality-balanced memory-safe 2opt+bounded relocate,B-n50-k7,M-SSA,SSA,2opt_qualitybalanced_relocate,13,605039,40,200,741.0,745.0,745.0,0.5398110661268556,0.5398110661268556,7,7,100,100,True,True,True,0,0,0,0,0,12.738202699999874,7.801236700000118,153,6107
FINAL_P3D_pop40_iter200_2opt_qualitybalanced_relocate,Final CPU configuration selected from pilot: quality-balanced memory-safe 2opt+bounded relocate,B-n50-k7,M-SSA,SSA,2opt_qualitybalanced_relocate,14,605040,40,200,741.0,745.0,745.0,0.5398110661268556,0.5398110661268556,7,7,100,100,True,True,True,0,0,0,0,0,13.394908400000077,8.544385199999851,153,6105
FINAL_P3D_pop40_iter200_2opt_qualitybalanced_relocate,Final CPU configuration selected from pilot: quality-balanced memory-safe 2opt+bounded relocate,B-n50-k7,M-SSA,SSA,2opt_qualitybalanced_relocate,15,605041,40,200,741.0,743.0,743.0,0.2699055330634278,0.2699055330634278,7,7,100,100,True,True,True,0,0,0,0,0,11.380309099999977,6.02287750000005,134,5329
FINAL_P3D_pop40_iter200_2opt_qualitybalanced_relocate,Final CPU configuration selected from pilot: quality-balanced memory-safe 2opt+bounded relocate,B-n50-k7,M-SSA,SSA,2opt_qualitybalanced_relocate,16,605042,40,200,741.0,744.0,744.0,0.4048582995951417,0.4048582995951417,7,7,100,100,True,True,True,0,0,0,0,0,9.874505999999656,6.730489900000066,159,6331
FINAL_P3D_pop40_iter200_2opt_qualitybalanced_relocate,Final CPU configuration selected from pilot: quality-balanced memory-safe 2opt+bounded relocate,B-n50-k7,M-SSA,SSA,2opt_qualitybalanced_relocate,17,605043,40,200,741.0,755.0,755.0,1.8893387314439947,1.8893387314439947,7,7,100,100,True,True,True,0,0,0,0,0,10.845195099999728,9.049938699999984,176,7026
FINAL_P3D_pop40_iter200_2opt_qualitybalanced_relocate,Final CPU configuration selected from pilot: quality-balanced memory-safe 2opt+bounded relocate,B-n50-k7,M-SSA,SSA,2opt_qualitybalanced_relocate,18,605044,40,200,741.0,741.0,741.0,0.0,0.0,7,7,100,100,True,True,True,0,0,0,0,0,10.000434000000041,7.397635700000137,160,6361
FINAL_P3D_pop40_iter200_2opt_qualitybalanced_relocate,Final CPU configuration selected from pilot: quality-balanced memory-safe 2opt+bounded relocate,B-n50-k7,M-SSA,SSA,2opt_qualitybalanced_relocate,19,605045,40,200,741.0,747.0,747.0,0.8097165991902834,0.8097165991902834,7,7,100,100,True,True,True,0,0,0,0,0,10.312024100000144,4.4728595000001405,103,4113
FINAL_P3D_pop40_iter200_2opt_qualitybalanced_relocate,Final CPU configuration selected from pilot: quality-balanced memory-safe 2opt+bounded relocate,B-n50-k7,M-SSA,SSA,2opt_qualitybalanced_relocate,20,605046,40,200,741.0,744.0,744.0,0.4048582995951417,0.4048582995951417,7,7,98,100,True,True,True,0,0,0,0,0,10.738701499999934,6.729914500000177,136,5403
FINAL_P3D_pop40_iter200_2opt_qualitybalanced_relocate,Final CPU configuration selected from pilot: quality-balanced memory-safe 2opt+bounded relocate,B-n50-k7,M-SSA,SSA,2opt_qualitybalanced_relocate,21,605047,40,200,741.0,783.0,783.0,5.668016194331984,5.668016194331984,7,7,100,100,True,True,True,0,0,0,0,0,11.03796310000007,9.315765400000146,175,6972
FINAL_P3D_pop40_iter200_2opt_qualitybalanced_relocate,Final CPU configuration selected from pilot: quality-balanced memory-safe 2opt+bounded relocate,B-n50-k7,M-SSA,SSA,2opt_qualitybalanced_relocate,22,605048,40,200,741.0,745.0,745.0,0.5398110661268556,0.5398110661268556,7,7,100,100,True,True,True,0,0,0,0,0,11.269542900000033,7.8457580999997845,138,5484
FINAL_P3D_pop40_iter200_2opt_qualitybalanced_relocate,Final CPU configuration selected from pilot: quality-balanced memory-safe 2opt+bounded relocate,B-n50-k7,M-SSA,SSA,2opt_qualitybalanced_relocate,23,605049,40,200,741.0,741.0,741.0,0.0,0.0,7,7,100,100,True,True,True,0,0,0,0,0,9.571222600000056,6.519231199999922,148,5898
FINAL_P3D_pop40_iter200_2opt_qualitybalanced_relocate,Final CPU configuration selected from pilot: quality-balanced memory-safe 2opt+bounded relocate,B-n50-k7,M-SSA,SSA,2opt_qualitybalanced_relocate,24,605050,40,200,741.0,758.0,758.0,2.294197031039136,2.294197031039136,7,7,100,100,True,True,True,0,0,0,0,0,11.340008000000125,8.7867597999998,163,6481
FINAL_P3D_pop40_iter200_2opt_qualitybalanced_relocate,Final CPU configuration selected from pilot: quality-balanced memory-safe 2opt+bounded relocate,B-n50-k7,M-SSA,SSA,2opt_qualitybalanced_relocate,25,605051,40,200,741.0,745.0,745.0,0.5398110661268556,0.5398110661268556,7,7,100,100,True,True,True,0,0,0,0,0,10.962001200000032,8.520992600000227,163,6482
FINAL_P3D_pop40_iter200_2opt_qualitybalanced_relocate,Final CPU configuration selected from pilot: quality-balanced memory-safe 2opt+bounded relocate,B-n50-k7,M-SSA,SSA,2opt_qualitybalanced_relocate,26,605052,40,200,741.0,741.0,741.0,0.0,0.0,7,7,98,100,True,True,True,0,0,0,0,0,10.826743299999634,3.9210817999996834,96,3840
FINAL_P3D_pop40_iter200_2opt_qualitybalanced_relocate,Final CPU configuration selected from pilot: quality-balanced memory-safe 2opt+bounded relocate,B-n50-k7,M-SSA,SSA,2opt_qualitybalanced_relocate,27,605053,40,200,741.0,757.0,757.0,2.1592442645074224,2.1592442645074224,7,7,98,100,True,True,True,0,0,0,0,0,10.572594000000208,6.904042300000128,150,5994
FINAL_P3D_pop40_iter200_2opt_qualitybalanced_relocate,Final CPU configuration selected from pilot: quality-balanced memory-safe 2opt+bounded relocate,B-n50-k7,M-SSA,SSA,2opt_qualitybalanced_relocate,28,605054,40,200,741.0,746.0,746.0,0.6747638326585695,0.6747638326585695,7,7,100,100,True,True,True,0,0,0,0,0,11.126448600000003,8.90782020000006,171,6801
FINAL_P3D_pop40_iter200_2opt_qualitybalanced_relocate,Final CPU configuration selected from pilot: quality-balanced memory-safe 2opt+bounded relocate,B-n50-k7,M-SSA,SSA,2opt_qualitybalanced_relocate,29,605055,40,200,741.0,745.0,745.0,0.5398110661268556,0.5398110661268556,7,7,98,100,True,True,True,0,0,0,0,0,11.405711000000338,6.5221362000002046,136,5405
FINAL_P3D_pop40_iter200_2opt_qualitybalanced_relocate,Final CPU configuration selected from pilot: quality-balanced memory-safe 2opt+bounded relocate,B-n50-k7,M-SSA,SSA,2opt_qualitybalanced_relocate,30,605056,40,200,741.0,755.0,755.0,1.8893387314439947,1.8893387314439947,7,7,100,100,True,True,True,0,0,0,0,0,9.606081599999925,9.55335500000001,200,7964
FINAL_P3D_pop40_iter200_2opt_qualitybalanced_relocate,Final CPU configuration selected from pilot: quality-balanced memory-safe 2opt+bounded relocate,P-n76-k4,WOA,WOA,none,1,702027,40,200,593.0,1808.0,1808.0,204.8903878583474,204.8903878583474,4,4,350,350,True,True,True,0,0,0,0,0,1.4710221999998794,0.01178810000010344,5,169
FINAL_P3D_pop40_iter200_2opt_qualitybalanced_relocate,Final CPU configuration selected from pilot: quality-balanced memory-safe 2opt+bounded relocate,P-n76-k4,WOA,WOA,none,2,702028,40,200,593.0,1803.0,1803.0,204.04721753794266,204.04721753794266,4,4,350,350,True,True,True,0,0,0,0,0,0.6123217999997905,0.04614189999983864,15,567
FINAL_P3D_pop40_iter200_2opt_qualitybalanced_relocate,Final CPU configuration selected from pilot: quality-balanced memory-safe 2opt+bounded relocate,P-n76-k4,WOA,WOA,none,3,702029,40,200,593.0,1803.0,1803.0,204.04721753794266,204.04721753794266,4,4,350,350,True,True,True,0,0,0,0,0,0.340571700000055,0.007627099999808706,3,104
FINAL_P3D_pop40_iter200_2opt_qualitybalanced_relocate,Final CPU configuration selected from pilot: quality-balanced memory-safe 2opt+bounded relocate,P-n76-k4,WOA,WOA,none,4,702030,40,200,593.0,1771.0,1771.0,198.65092748735245,198.65092748735245,4,4,349,350,True,True,True,0,0,0,0,0,0.3236095000002024,0.04356929999994463,22,869
FINAL_P3D_pop40_iter200_2opt_qualitybalanced_relocate,Final CPU configuration selected from pilot: quality-balanced memory-safe 2opt+bounded relocate,P-n76-k4,WOA,WOA,none,5,702031,40,200,593.0,1808.0,1808.0,204.8903878583474,204.8903878583474,4,4,350,350,True,True,True,0,0,0,0,0,1.467260399999759,0.008007899999938672,4,124
FINAL_P3D_pop40_iter200_2opt_qualitybalanced_relocate,Final CPU configuration selected from pilot: quality-balanced memory-safe 2opt+bounded relocate,P-n76-k4,WOA,WOA,none,6,702032,40,200,593.0,1808.0,1808.0,204.8903878583474,204.8903878583474,4,4,350,350,True,True,True,0,0,0,0,0,1.462167700000009,0.010714500000176486,5,167
FINAL_P3D_pop40_iter200_2opt_qualitybalanced_relocate,Final CPU configuration selected from pilot: quality-balanced memory-safe 2opt+bounded relocate,P-n76-k4,WOA,WOA,none,7,702033,40,200,593.0,1808.0,1808.0,204.8903878583474,204.8903878583474,4,4,350,350,True,True,True,0,0,0,0,0,1.4472498000000087,0.02135309999994206,9,354
FINAL_P3D_pop40_iter200_2opt_qualitybalanced_relocate,Final CPU configuration selected from pilot: quality-balanced memory-safe 2opt+bounded relocate,P-n76-k4,WOA,WOA,none,8,702034,40,200,593.0,1808.0,1808.0,204.8903878583474,204.8903878583474,4,4,350,350,True,True,True,0,0,0,0,0,1.4786715000000186,0.009125699999913195,4,134
FINAL_P3D_pop40_iter200_2opt_qualitybalanced_relocate,Final CPU configuration selected from pilot: quality-balanced memory-safe 2opt+bounded relocate,P-n76-k4,WOA,WOA,none,9,702035,40,200,593.0,1808.0,1808.0,204.8903878583474,204.8903878583474,4,4,350,350,True,True,True,0,0,0,0,0,1.4944106000002648,0.007582100000036007,3,109
FINAL_P3D_pop40_iter200_2opt_qualitybalanced_relocate,Final CPU configuration selected from pilot: quality-balanced memory-safe 2opt+bounded relocate,P-n76-k4,WOA,WOA,none,10,702036,40,200,593.0,1808.0,1808.0,204.8903878583474,204.8903878583474,4,4,350,350,True,True,True,0,0,0,0,0,1.4705862000000707,0.018360399999892252,8,303
FINAL_P3D_pop40_iter200_2opt_qualitybalanced_relocate,Final CPU configuration selected from pilot: quality-balanced memory-safe 2opt+bounded relocate,P-n76-k4,WOA,WOA,none,11,702037,40,200,593.0,1808.0,1808.0,204.8903878583474,204.8903878583474,4,4,350,350,True,True,True,0,0,0,0,0,1.4912316999998438,0.009256100000129663,4,139
FINAL_P3D_pop40_iter200_2opt_qualitybalanced_relocate,Final CPU configuration selected from pilot: quality-balanced memory-safe 2opt+bounded relocate,P-n76-k4,WOA,WOA,none,12,702038,40,200,593.0,1808.0,1808.0,204.8903878583474,204.8903878583474,4,4,350,350,True,True,True,0,0,0,0,0,1.4700182000001405,0.015505800000028103,6,220
FINAL_P3D_pop40_iter200_2opt_qualitybalanced_relocate,Final CPU configuration selected from pilot: quality-balanced memory-safe 2opt+bounded relocate,P-n76-k4,WOA,WOA,none,13,702039,40,200,593.0,1418.0,1418.0,139.12310286677908,139.12310286677908,4,4,347,350,True,True,True,0,0,0,0,0,0.3641551000000618,0.2768767000002299,141,5614
FINAL_P3D_pop40_iter200_2opt_qualitybalanced_relocate,Final CPU configuration selected from pilot: quality-balanced memory-safe 2opt+bounded relocate,P-n76-k4,WOA,WOA,none,14,702040,40,200,593.0,1808.0,1808.0,204.8903878583474,204.8903878583474,4,4,350,350,True,True,True,0,0,0,0,0,1.5011131999999634,0.012798499999917112,5,183
FINAL_P3D_pop40_iter200_2opt_qualitybalanced_relocate,Final CPU configuration selected from pilot: quality-balanced memory-safe 2opt+bounded relocate,P-n76-k4,WOA,WOA,none,15,702041,40,200,593.0,1779.0,1779.0,200.0,200.0,4,4,350,350,True,True,True,0,0,0,0,0,0.3268115000000762,0.009733900000355789,4,144
FINAL_P3D_pop40_iter200_2opt_qualitybalanced_relocate,Final CPU configuration selected from pilot: quality-balanced memory-safe 2opt+bounded relocate,P-n76-k4,WOA,WOA,none,16,702042,40,200,593.0,1808.0,1808.0,204.8903878583474,204.8903878583474,4,4,350,350,True,True,True,0,0,0,0,0,1.4759789999998247,0.007533899999998539,3,110
FINAL_P3D_pop40_iter200_2opt_qualitybalanced_relocate,Final CPU configuration selected from pilot: quality-balanced memory-safe 2opt+bounded relocate,P-n76-k4,WOA,WOA,none,17,702043,40,200,593.0,1808.0,1808.0,204.8903878583474,204.8903878583474,4,4,350,350,True,True,True,0,0,0,0,0,1.4628179999999702,0.006913400000030379,3,119
FINAL_P3D_pop40_iter200_2opt_qualitybalanced_relocate,Final CPU configuration selected from pilot: quality-balanced memory-safe 2opt+bounded relocate,P-n76-k4,WOA,WOA,none,18,702044,40,200,593.0,1808.0,1808.0,204.8903878583474,204.8903878583474,4,4,350,350,True,True,True,0,0,0,0,0,1.4544670000000224,0.017894900000101188,8,295
FINAL_P3D_pop40_iter200_2opt_qualitybalanced_relocate,Final CPU configuration selected from pilot: quality-balanced memory-safe 2opt+bounded relocate,P-n76-k4,WOA,WOA,none,19,702045,40,200,593.0,1808.0,1808.0,204.8903878583474,204.8903878583474,4,4,350,350,True,True,True,0,0,0,0,0,1.4626281999999264,0.015157900000303925,7,249
FINAL_P3D_pop40_iter200_2opt_qualitybalanced_relocate,Final CPU configuration selected from pilot: quality-balanced memory-safe 2opt+bounded relocate,P-n76-k4,WOA,WOA,none,20,702046,40,200,593.0,1808.0,1808.0,204.8903878583474,204.8903878583474,4,4,350,350,True,True,True,0,0,0,0,0,1.4690059999998084,0.012246799999957148,5,197
FINAL_P3D_pop40_iter200_2opt_qualitybalanced_relocate,Final CPU configuration selected from pilot: quality-balanced memory-safe 2opt+bounded relocate,P-n76-k4,WOA,WOA,none,21,702047,40,200,593.0,1803.0,1803.0,204.04721753794266,204.04721753794266,4,4,350,350,True,True,True,0,0,0,0,0,1.0042358999999124,0.01205789999994522,5,162
FINAL_P3D_pop40_iter200_2opt_qualitybalanced_relocate,Final CPU configuration selected from pilot: quality-balanced memory-safe 2opt+bounded relocate,P-n76-k4,WOA,WOA,none,22,702048,40,200,593.0,1391.0,1391.0,134.56998313659358,134.56998313659358,4,4,348,350,True,True,True,0,0,0,0,0,0.37028900000041176,0.20528970000032132,86,3411
FINAL_P3D_pop40_iter200_2opt_qualitybalanced_relocate,Final CPU configuration selected from pilot: quality-balanced memory-safe 2opt+bounded relocate,P-n76-k4,WOA,WOA,none,23,702049,40,200,593.0,1808.0,1808.0,204.8903878583474,204.8903878583474,4,4,350,350,True,True,True,0,0,0,0,0,1.4565371000003324,0.020675600000231498,9,324
FINAL_P3D_pop40_iter200_2opt_qualitybalanced_relocate,Final CPU configuration selected from pilot: quality-balanced memory-safe 2opt+bounded relocate,P-n76-k4,WOA,WOA,none,24,702050,40,200,593.0,1798.0,1798.0,203.20404721753795,203.20404721753795,4,4,350,350,True,True,True,0,0,0,0,0,0.4599425000001247,0.014303899999958958,5,198
FINAL_P3D_pop40_iter200_2opt_qualitybalanced_relocate,Final CPU configuration selected from pilot: quality-balanced memory-safe 2opt+bounded relocate,P-n76-k4,WOA,WOA,none,25,702051,40,200,593.0,1410.0,1410.0,137.77403035413153,137.77403035413153,4,4,350,350,True,True,True,0,0,0,0,0,0.4164792999999918,0.317750199999864,132,5268
FINAL_P3D_pop40_iter200_2opt_qualitybalanced_relocate,Final CPU configuration selected from pilot: quality-balanced memory-safe 2opt+bounded relocate,P-n76-k4,WOA,WOA,none,26,702052,40,200,593.0,1808.0,1808.0,204.8903878583474,204.8903878583474,4,4,350,350,True,True,True,0,0,0,0,0,1.481051099999604,0.008975599999757833,3,117
FINAL_P3D_pop40_iter200_2opt_qualitybalanced_relocate,Final CPU configuration selected from pilot: quality-balanced memory-safe 2opt+bounded relocate,P-n76-k4,WOA,WOA,none,27,702053,40,200,593.0,1803.0,1803.0,204.04721753794266,204.04721753794266,4,4,350,350,True,True,True,0,0,0,0,0,0.9861515000002328,0.012451000000055501,5,168
FINAL_P3D_pop40_iter200_2opt_qualitybalanced_relocate,Final CPU configuration selected from pilot: quality-balanced memory-safe 2opt+bounded relocate,P-n76-k4,WOA,WOA,none,28,702054,40,200,593.0,1808.0,1808.0,204.8903878583474,204.8903878583474,4,4,350,350,True,True,True,0,0,0,0,0,1.464417400000002,0.015435799999977462,6,204
FINAL_P3D_pop40_iter200_2opt_qualitybalanced_relocate,Final CPU configuration selected from pilot: quality-balanced memory-safe 2opt+bounded relocate,P-n76-k4,WOA,WOA,none,29,702055,40,200,593.0,1803.0,1803.0,204.04721753794266,204.04721753794266,4,4,350,350,True,True,True,0,0,0,0,0,0.9574036999997588,0.009324199999809935,4,121
FINAL_P3D_pop40_iter200_2opt_qualitybalanced_relocate,Final CPU configuration selected from pilot: quality-balanced memory-safe 2opt+bounded relocate,P-n76-k4,WOA,WOA,none,30,702056,40,200,593.0,1808.0,1808.0,204.8903878583474,204.8903878583474,4,4,350,350,True,True,True,0,0,0,0,0,1.4600751000002674,0.014187000000219996,6,229
FINAL_P3D_pop40_iter200_2opt_qualitybalanced_relocate,Final CPU configuration selected from pilot: quality-balanced memory-safe 2opt+bounded relocate,P-n76-k4,SSA,SSA,none,1,703027,40,200,593.0,1821.0,1821.0,207.08263069139966,207.08263069139966,4,4,350,350,True,True,True,0,0,0,0,0,0.45522570000002816,0.36952030000020386,140,5563
FINAL_P3D_pop40_iter200_2opt_qualitybalanced_relocate,Final CPU configuration selected from pilot: quality-balanced memory-safe 2opt+bounded relocate,P-n76-k4,SSA,SSA,none,2,703028,40,200,593.0,1814.0,1814.0,205.90219224283305,205.90219224283305,4,4,350,350,True,True,True,0,0,0,0,0,0.4956341000001885,0.3428103999999621,120,4761
FINAL_P3D_pop40_iter200_2opt_qualitybalanced_relocate,Final CPU configuration selected from pilot: quality-balanced memory-safe 2opt+bounded relocate,P-n76-k4,SSA,SSA,none,3,703029,40,200,593.0,1707.0,1707.0,187.858347386172,187.858347386172,4,4,350,350,True,True,True,0,0,0,0,0,0.40415729999995165,0.3131515000000036,136,5401
FINAL_P3D_pop40_iter200_2opt_qualitybalanced_relocate,Final CPU configuration selected from pilot: quality-balanced memory-safe 2opt+bounded relocate,P-n76-k4,SSA,SSA,none,4,703030,40,200,593.0,1716.0,1716.0,189.3760539629005,189.3760539629005,4,4,350,350,True,True,True,0,0,0,0,0,0.484989399999904,0.4089890000000196,151,6002
FINAL_P3D_pop40_iter200_2opt_qualitybalanced_relocate,Final CPU configuration selected from pilot: quality-balanced memory-safe 2opt+bounded relocate,P-n76-k4,SSA,SSA,none,5,703031,40,200,593.0,1764.0,1764.0,197.47048903878584,197.47048903878584,4,4,347,350,True,True,True,0,0,0,0,0,0.4274424000000181,0.33073449999983495,130,5163
FINAL_P3D_pop40_iter200_2opt_qualitybalanced_relocate,Final CPU configuration selected from pilot: quality-balanced memory-safe 2opt+bounded relocate,P-n76-k4,SSA,SSA,none,6,703032,40,200,593.0,1798.0,1798.0,203.20404721753795,203.20404721753795,4,4,350,350,True,True,True,0,0,0,0,0,0.4752384999997048,0.40243839999993725,149,5921
FINAL_P3D_pop40_iter200_2opt_qualitybalanced_relocate,Final CPU configuration selected from pilot: quality-balanced memory-safe 2opt+bounded relocate,P-n76-k4,SSA,SSA,none,7,703033,40,200,593.0,1671.0,1671.0,181.787521079258,181.787521079258,4,4,349,350,True,True,True,0,0,0,0,0,0.46411170000010316,0.3727628999999979,141,5611
FINAL_P3D_pop40_iter200_2opt_qualitybalanced_relocate,Final CPU configuration selected from pilot: quality-balanced memory-safe 2opt+bounded relocate,P-n76-k4,SSA,SSA,none,8,703034,40,200,593.0,1817.0,1817.0,206.4080944350759,206.4080944350759,4,4,350,350,True,True,True,0,0,0,0,0,0.4324420999996619,0.3605494999997063,148,5882
FINAL_P3D_pop40_iter200_2opt_qualitybalanced_relocate,Final CPU configuration selected from pilot: quality-balanced memory-safe 2opt+bounded relocate,P-n76-k4,SSA,SSA,none,9,703035,40,200,593.0,1710.0,1710.0,188.36424957841484,188.36424957841484,4,4,349,350,True,True,True,0,0,0,0,0,0.5103053999996519,0.46413289999964036,168,6720
FINAL_P3D_pop40_iter200_2opt_qualitybalanced_relocate,Final CPU configuration selected from pilot: quality-balanced memory-safe 2opt+bounded relocate,P-n76-k4,SSA,SSA,none,10,703036,40,200,593.0,1808.0,1808.0,204.8903878583474,204.8903878583474,4,4,349,350,True,True,True,0,0,0,0,0,0.4632814999999937,0.39054570000007516,150,5961
FINAL_P3D_pop40_iter200_2opt_qualitybalanced_relocate,Final CPU configuration selected from pilot: quality-balanced memory-safe 2opt+bounded relocate,P-n76-k4,SSA,SSA,none,11,703037,40,200,593.0,1763.0,1763.0,197.3018549747049,197.3018549747049,4,4,346,350,True,True,True,0,0,0,0,0,0.4611872000000403,0.36835019999989527,139,5522
FINAL_P3D_pop40_iter200_2opt_qualitybalanced_relocate,Final CPU configuration selected from pilot: quality-balanced memory-safe 2opt+bounded relocate,P-n76-k4,SSA,SSA,none,12,703038,40,200,593.0,1862.0,1862.0,213.99662731871837,213.99662731871837,4,4,349,350,True,True,True,0,0,0,0,0,0.4629834999996092,0.3148988999996618,110,4385
FINAL_P3D_pop40_iter200_2opt_qualitybalanced_relocate,Final CPU configuration selected from pilot: quality-balanced memory-safe 2opt+bounded relocate,P-n76-k4,SSA,SSA,none,13,703039,40,200,593.0,1804.0,1804.0,204.2158516020236,204.2158516020236,4,4,349,350,True,True,True,0,0,0,0,0,0.4416558000002624,0.314608600000156,114,4525
FINAL_P3D_pop40_iter200_2opt_qualitybalanced_relocate,Final CPU configuration selected from pilot: quality-balanced memory-safe 2opt+bounded relocate,P-n76-k4,SSA,SSA,none,14,703040,40,200,593.0,1947.0,1947.0,228.33052276559866,228.33052276559866,4,4,349,350,True,True,True,0,0,0,0,0,0.4288338000001204,0.3360960999998497,135,5377
FINAL_P3D_pop40_iter200_2opt_qualitybalanced_relocate,Final CPU configuration selected from pilot: quality-balanced memory-safe 2opt+bounded relocate,P-n76-k4,SSA,SSA,none,15,703041,40,200,593.0,1700.0,1700.0,186.6779089376054,186.6779089376054,4,4,349,350,True,True,True,0,0,0,0,0,0.46289200000001074,0.37491640000007465,140,5562
FINAL_P3D_pop40_iter200_2opt_qualitybalanced_relocate,Final CPU configuration selected from pilot: quality-balanced memory-safe 2opt+bounded relocate,P-n76-k4,SSA,SSA,none,16,703042,40,200,593.0,1810.0,1810.0,205.22765598650926,205.22765598650926,4,4,350,350,True,True,True,0,0,0,0,0,0.45592630000010104,0.37703129999999874,145,5761
FINAL_P3D_pop40_iter200_2opt_qualitybalanced_relocate,Final CPU configuration selected from pilot: quality-balanced memory-safe 2opt+bounded relocate,P-n76-k4,SSA,SSA,none,17,703043,40,200,593.0,1771.0,1771.0,198.65092748735245,198.65092748735245,4,4,349,350,True,True,True,0,0,0,0,0,0.48855870000033974,0.41987180000023727,152,6042
FINAL_P3D_pop40_iter200_2opt_qualitybalanced_relocate,Final CPU configuration selected from pilot: quality-balanced memory-safe 2opt+bounded relocate,P-n76-k4,SSA,SSA,none,18,703044,40,200,593.0,1778.0,1778.0,199.83136593591905,199.83136593591905,4,4,348,350,True,True,True,0,0,0,0,0,0.48448529999996026,0.42525979999982155,159,6321
FINAL_P3D_pop40_iter200_2opt_qualitybalanced_relocate,Final CPU configuration selected from pilot: quality-balanced memory-safe 2opt+bounded relocate,P-n76-k4,SSA,SSA,none,19,703045,40,200,593.0,1775.0,1775.0,199.3254637436762,199.3254637436762,4,4,350,350,True,True,True,0,0,0,0,0,0.47048979999999574,0.39099549999991723,150,5962
FINAL_P3D_pop40_iter200_2opt_qualitybalanced_relocate,Final CPU configuration selected from pilot: quality-balanced memory-safe 2opt+bounded relocate,P-n76-k4,SSA,SSA,none,20,703046,40,200,593.0,1815.0,1815.0,206.070826306914,206.070826306914,4,4,350,350,True,True,True,0,0,0,0,0,0.4641679999999724,0.38051990000030855,143,5686
FINAL_P3D_pop40_iter200_2opt_qualitybalanced_relocate,Final CPU configuration selected from pilot: quality-balanced memory-safe 2opt+bounded relocate,P-n76-k4,SSA,SSA,none,21,703047,40,200,593.0,1738.0,1738.0,193.0860033726813,193.0860033726813,4,4,350,350,True,True,True,0,0,0,0,0,0.4455136000001403,0.3800336000003881,154,6121
FINAL_P3D_pop40_iter200_2opt_qualitybalanced_relocate,Final CPU configuration selected from pilot: quality-balanced memory-safe 2opt+bounded relocate,P-n76-k4,SSA,SSA,none,22,703048,40,200,593.0,1766.0,1766.0,197.8077571669477,197.8077571669477,4,4,350,350,True,True,True,0,0,0,0,0,0.4198994999997012,0.3166345999998157,130,5182
FINAL_P3D_pop40_iter200_2opt_qualitybalanced_relocate,Final CPU configuration selected from pilot: quality-balanced memory-safe 2opt+bounded relocate,P-n76-k4,SSA,SSA,none,23,703049,40,200,593.0,1733.0,1733.0,192.24283305227655,192.24283305227655,4,4,350,350,True,True,True,0,0,0,0,0,0.4615229000000909,0.37183219999997164,136,5423
FINAL_P3D_pop40_iter200_2opt_qualitybalanced_relocate,Final CPU configuration selected from pilot: quality-balanced memory-safe 2opt+bounded relocate,P-n76-k4,SSA,SSA,none,24,703050,40,200,593.0,1832.0,1832.0,208.93760539629005,208.93760539629005,4,4,349,350,True,True,True,0,0,0,0,0,0.4590849999999591,0.2732200999998895,93,3697
FINAL_P3D_pop40_iter200_2opt_qualitybalanced_relocate,Final CPU configuration selected from pilot: quality-balanced memory-safe 2opt+bounded relocate,P-n76-k4,SSA,SSA,none,25,703051,40,200,593.0,1858.0,1858.0,213.3220910623946,213.3220910623946,4,4,346,350,True,True,True,0,0,0,0,0,0.4631079000000682,0.37851999999975305,141,5603
FINAL_P3D_pop40_iter200_2opt_qualitybalanced_relocate,Final CPU configuration selected from pilot: quality-balanced memory-safe 2opt+bounded relocate,P-n76-k4,SSA,SSA,none,26,703052,40,200,593.0,1816.0,1816.0,206.23946037099495,206.23946037099495,4,4,350,350,True,True,True,0,0,0,0,0,0.4751166999999441,0.3941561999999976,144,5721
FINAL_P3D_pop40_iter200_2opt_qualitybalanced_relocate,Final CPU configuration selected from pilot: quality-balanced memory-safe 2opt+bounded relocate,P-n76-k4,SSA,SSA,none,27,703053,40,200,593.0,1850.0,1850.0,211.97301854974705,211.97301854974705,4,4,350,350,True,True,True,0,0,0,0,0,0.4678294000000278,0.3876199999999699,144,5721
FINAL_P3D_pop40_iter200_2opt_qualitybalanced_relocate,Final CPU configuration selected from pilot: quality-balanced memory-safe 2opt+bounded relocate,P-n76-k4,SSA,SSA,none,28,703054,40,200,593.0,1574.0,1574.0,165.43001686340642,165.43001686340642,4,4,348,350,True,True,True,0,0,0,0,0,0.55337819999977,0.5491917999997895,199,7925
FINAL_P3D_pop40_iter200_2opt_qualitybalanced_relocate,Final CPU configuration selected from pilot: quality-balanced memory-safe 2opt+bounded relocate,P-n76-k4,SSA,SSA,none,29,703055,40,200,593.0,1764.0,1764.0,197.47048903878584,197.47048903878584,4,4,350,350,True,True,True,0,0,0,0,0,0.45822320000024774,0.37815820000014355,146,5802
FINAL_P3D_pop40_iter200_2opt_qualitybalanced_relocate,Final CPU configuration selected from pilot: quality-balanced memory-safe 2opt+bounded relocate,P-n76-k4,SSA,SSA,none,30,703056,40,200,593.0,1657.0,1657.0,179.4266441821248,179.4266441821248,4,4,350,350,True,True,True,0,0,0,0,0,0.4650575000000572,0.3992640000001302,153,6081
FINAL_P3D_pop40_iter200_2opt_qualitybalanced_relocate,Final CPU configuration selected from pilot: quality-balanced memory-safe 2opt+bounded relocate,P-n76-k4,M-WOA,WOA,2opt_qualitybalanced_relocate,1,704027,40,200,593.0,625.0,625.0,5.39629005059022,5.39629005059022,4,4,350,350,True,True,True,0,0,0,0,0,13.766029399999752,4.89242749999994,50,1974
FINAL_P3D_pop40_iter200_2opt_qualitybalanced_relocate,Final CPU configuration selected from pilot: quality-balanced memory-safe 2opt+bounded relocate,P-n76-k4,M-WOA,WOA,2opt_qualitybalanced_relocate,2,704028,40,200,593.0,648.0,648.0,9.27487352445194,9.27487352445194,4,4,347,350,True,True,True,0,0,0,0,0,13.58365619999995,4.983114500000283,51,2009
FINAL_P3D_pop40_iter200_2opt_qualitybalanced_relocate,Final CPU configuration selected from pilot: quality-balanced memory-safe 2opt+bounded relocate,P-n76-k4,M-WOA,WOA,2opt_qualitybalanced_relocate,3,704029,40,200,593.0,685.0,685.0,15.51433389544688,15.51433389544688,4,4,350,350,True,True,True,0,0,0,0,0,18.348386200000277,4.903364600000259,48,1884
FINAL_P3D_pop40_iter200_2opt_qualitybalanced_relocate,Final CPU configuration selected from pilot: quality-balanced memory-safe 2opt+bounded relocate,P-n76-k4,M-WOA,WOA,2opt_qualitybalanced_relocate,4,704030,40,200,593.0,699.0,699.0,17.875210792580102,17.875210792580102,4,4,350,350,True,True,True,0,0,0,0,0,12.303991199999928,7.848552200000086,82,3276
FINAL_P3D_pop40_iter200_2opt_qualitybalanced_relocate,Final CPU configuration selected from pilot: quality-balanced memory-safe 2opt+bounded relocate,P-n76-k4,M-WOA,WOA,2opt_qualitybalanced_relocate,5,704031,40,200,593.0,646.0,646.0,8.937605396290051,8.937605396290051,4,4,349,350,True,True,True,0,0,0,0,0,23.11110039999994,18.99092610000025,165,6569
FINAL_P3D_pop40_iter200_2opt_qualitybalanced_relocate,Final CPU configuration selected from pilot: quality-balanced memory-safe 2opt+bounded relocate,P-n76-k4,M-WOA,WOA,2opt_qualitybalanced_relocate,6,704032,40,200,593.0,651.0,651.0,9.780775716694773,9.780775716694773,4,4,349,350,True,True,True,0,0,0,0,0,19.45060730000023,3.9131658000001153,38,1503
FINAL_P3D_pop40_iter200_2opt_qualitybalanced_relocate,Final CPU configuration selected from pilot: quality-balanced memory-safe 2opt+bounded relocate,P-n76-k4,M-WOA,WOA,2opt_qualitybalanced_relocate,7,704033,40,200,593.0,640.0,640.0,7.925801011804385,7.925801011804385,4,4,348,350,True,True,True,0,0,0,0,0,14.509588500000064,12.020774900000106,139,5557
FINAL_P3D_pop40_iter200_2opt_qualitybalanced_relocate,Final CPU configuration selected from pilot: quality-balanced memory-safe 2opt+bounded relocate,P-n76-k4,M-WOA,WOA,2opt_qualitybalanced_relocate,8,704034,40,200,593.0,671.0,671.0,13.15345699831366,13.15345699831366,4,4,350,350,True,True,True,0,0,0,0,0,17.106031499999972,5.985794299999725,59,2333
FINAL_P3D_pop40_iter200_2opt_qualitybalanced_relocate,Final CPU configuration selected from pilot: quality-balanced memory-safe 2opt+bounded relocate,P-n76-k4,M-WOA,WOA,2opt_qualitybalanced_relocate,9,704035,40,200,593.0,622.0,622.0,4.8903878583473865,4.8903878583473865,4,4,350,350,True,True,True,0,0,0,0,0,16.90751679999994,8.774422699999832,89,3525
FINAL_P3D_pop40_iter200_2opt_qualitybalanced_relocate,Final CPU configuration selected from pilot: quality-balanced memory-safe 2opt+bounded relocate,P-n76-k4,M-WOA,WOA,2opt_qualitybalanced_relocate,10,704036,40,200,593.0,627.0,627.0,5.733558178752108,5.733558178752108,4,4,350,350,True,True,True,0,0,0,0,0,17.257727200000318,7.721156600000086,78,3081
FINAL_P3D_pop40_iter200_2opt_qualitybalanced_relocate,Final CPU configuration selected from pilot: quality-balanced memory-safe 2opt+bounded relocate,P-n76-k4,M-WOA,WOA,2opt_qualitybalanced_relocate,11,704037,40,200,593.0,652.0,652.0,9.949409780775717,9.949409780775717,4,4,347,350,True,True,True,0,0,0,0,0,14.189560100000108,7.793111599999975,88,3502
FINAL_P3D_pop40_iter200_2opt_qualitybalanced_relocate,Final CPU configuration selected from pilot: quality-balanced memory-safe 2opt+bounded relocate,P-n76-k4,M-WOA,WOA,2opt_qualitybalanced_relocate,12,704038,40,200,593.0,655.0,655.0,10.45531197301855,10.45531197301855,4,4,348,350,True,True,True,0,0,0,0,0,14.122480800000176,11.295634300000074,116,4625
FINAL_P3D_pop40_iter200_2opt_qualitybalanced_relocate,Final CPU configuration selected from pilot: quality-balanced memory-safe 2opt+bounded relocate,P-n76-k4,M-WOA,WOA,2opt_qualitybalanced_relocate,13,704039,40,200,593.0,650.0,650.0,9.612141652613827,9.612141652613827,4,4,349,350,True,True,True,0,0,0,0,0,19.54848129999982,8.67472379999981,89,3531
FINAL_P3D_pop40_iter200_2opt_qualitybalanced_relocate,Final CPU configuration selected from pilot: quality-balanced memory-safe 2opt+bounded relocate,P-n76-k4,M-WOA,WOA,2opt_qualitybalanced_relocate,14,704040,40,200,593.0,664.0,664.0,11.97301854974705,11.97301854974705,4,4,345,350,True,True,True,0,0,0,0,0,11.75239449999981,6.546884299999874,69,2742
FINAL_P3D_pop40_iter200_2opt_qualitybalanced_relocate,Final CPU configuration selected from pilot: quality-balanced memory-safe 2opt+bounded relocate,P-n76-k4,M-WOA,WOA,2opt_qualitybalanced_relocate,15,704041,40,200,593.0,646.0,646.0,8.937605396290051,8.937605396290051,4,4,348,350,True,True,True,0,0,0,0,0,16.190855999999712,10.30751250000003,101,4007
FINAL_P3D_pop40_iter200_2opt_qualitybalanced_relocate,Final CPU configuration selected from pilot: quality-balanced memory-safe 2opt+bounded relocate,P-n76-k4,M-WOA,WOA,2opt_qualitybalanced_relocate,16,704042,40,200,593.0,640.0,640.0,7.925801011804385,7.925801011804385,4,4,349,350,True,True,True,0,0,0,0,0,19.449778900000183,8.039967799999886,78,3087
FINAL_P3D_pop40_iter200_2opt_qualitybalanced_relocate,Final CPU configuration selected from pilot: quality-balanced memory-safe 2opt+bounded relocate,P-n76-k4,M-WOA,WOA,2opt_qualitybalanced_relocate,17,704043,40,200,593.0,656.0,656.0,10.623946037099493,10.623946037099493,4,4,347,350,True,True,True,0,0,0,0,0,16.067689099999825,4.028502599999683,39,1542
FINAL_P3D_pop40_iter200_2opt_qualitybalanced_relocate,Final CPU configuration selected from pilot: quality-balanced memory-safe 2opt+bounded relocate,P-n76-k4,M-WOA,WOA,2opt_qualitybalanced_relocate,18,704044,40,200,593.0,667.0,667.0,12.478920741989882,12.478920741989882,4,4,345,350,True,True,True,0,0,0,0,0,17.49880559999974,15.38389129999996,151,6033
FINAL_P3D_pop40_iter200_2opt_qualitybalanced_relocate,Final CPU configuration selected from pilot: quality-balanced memory-safe 2opt+bounded relocate,P-n76-k4,M-WOA,WOA,2opt_qualitybalanced_relocate,19,704045,40,200,593.0,641.0,641.0,8.094435075885329,8.094435075885329,4,4,348,350,True,True,True,0,0,0,0,0,17.889413300000342,5.539279100000385,51,2037
FINAL_P3D_pop40_iter200_2opt_qualitybalanced_relocate,Final CPU configuration selected from pilot: quality-balanced memory-safe 2opt+bounded relocate,P-n76-k4,M-WOA,WOA,2opt_qualitybalanced_relocate,20,704046,40,200,593.0,660.0,660.0,11.298482293423271,11.298482293423271,4,4,349,350,True,True,True,0,0,0,0,0,12.942457400000421,7.736089100000299,72,2866
FINAL_P3D_pop40_iter200_2opt_qualitybalanced_relocate,Final CPU configuration selected from pilot: quality-balanced memory-safe 2opt+bounded relocate,P-n76-k4,M-WOA,WOA,2opt_qualitybalanced_relocate,21,704047,40,200,593.0,608.0,608.0,2.5295109612141653,2.5295109612141653,4,4,349,350,True,True,True,0,0,0,0,0,17.63003069999968,10.956172499999866,107,4247
FINAL_P3D_pop40_iter200_2opt_qualitybalanced_relocate,Final CPU configuration selected from pilot: quality-balanced memory-safe 2opt+bounded relocate,P-n76-k4,M-WOA,WOA,2opt_qualitybalanced_relocate,22,704048,40,200,593.0,623.0,623.0,5.059021922428331,5.059021922428331,4,4,345,350,True,True,True,0,0,0,0,0,12.192239099999824,7.917682499999955,91,3613
FINAL_P3D_pop40_iter200_2opt_qualitybalanced_relocate,Final CPU configuration selected from pilot: quality-balanced memory-safe 2opt+bounded relocate,P-n76-k4,M-WOA,WOA,2opt_qualitybalanced_relocate,23,704049,40,200,593.0,666.0,666.0,12.310286677908937,12.310286677908937,4,4,349,350,True,True,True,0,0,0,0,0,11.853271500000119,4.3720367999999326,42,1659
FINAL_P3D_pop40_iter200_2opt_qualitybalanced_relocate,Final CPU configuration selected from pilot: quality-balanced memory-safe 2opt+bounded relocate,P-n76-k4,M-WOA,WOA,2opt_qualitybalanced_relocate,24,704050,40,200,593.0,631.0,631.0,6.408094435075886,6.408094435075886,4,4,349,350,True,True,True,0,0,0,0,0,14.51629950000006,6.640403299999889,73,2907
FINAL_P3D_pop40_iter200_2opt_qualitybalanced_relocate,Final CPU configuration selected from pilot: quality-balanced memory-safe 2opt+bounded relocate,P-n76-k4,M-WOA,WOA,2opt_qualitybalanced_relocate,25,704051,40,200,593.0,615.0,615.0,3.709949409780776,3.709949409780776,4,4,350,350,True,True,True,0,0,0,0,0,17.440981700000066,16.895016599999963,186,7412
FINAL_P3D_pop40_iter200_2opt_qualitybalanced_relocate,Final CPU configuration selected from pilot: quality-balanced memory-safe 2opt+bounded relocate,P-n76-k4,M-WOA,WOA,2opt_qualitybalanced_relocate,26,704052,40,200,593.0,650.0,650.0,9.612141652613827,9.612141652613827,4,4,348,350,True,True,True,0,0,0,0,0,18.15917569999965,8.069019699999899,80,3174
FINAL_P3D_pop40_iter200_2opt_qualitybalanced_relocate,Final CPU configuration selected from pilot: quality-balanced memory-safe 2opt+bounded relocate,P-n76-k4,M-WOA,WOA,2opt_qualitybalanced_relocate,27,704053,40,200,593.0,621.0,621.0,4.721753794266442,4.721753794266442,4,4,348,350,True,True,True,0,0,0,0,0,18.695500900000297,7.685120900000129,76,3024
FINAL_P3D_pop40_iter200_2opt_qualitybalanced_relocate,Final CPU configuration selected from pilot: quality-balanced memory-safe 2opt+bounded relocate,P-n76-k4,M-WOA,WOA,2opt_qualitybalanced_relocate,28,704054,40,200,593.0,658.0,658.0,10.961214165261383,10.961214165261383,4,4,350,350,True,True,True,0,0,0,0,0,13.086867500000153,7.2512071999999534,74,2928
FINAL_P3D_pop40_iter200_2opt_qualitybalanced_relocate,Final CPU configuration selected from pilot: quality-balanced memory-safe 2opt+bounded relocate,P-n76-k4,M-WOA,WOA,2opt_qualitybalanced_relocate,29,704055,40,200,593.0,624.0,624.0,5.227655986509275,5.227655986509275,4,4,349,350,True,True,True,0,0,0,0,0,16.770166400000107,7.480330700000195,73,2896
FINAL_P3D_pop40_iter200_2opt_qualitybalanced_relocate,Final CPU configuration selected from pilot: quality-balanced memory-safe 2opt+bounded relocate,P-n76-k4,M-WOA,WOA,2opt_qualitybalanced_relocate,30,704056,40,200,593.0,650.0,650.0,9.612141652613827,9.612141652613827,4,4,348,350,True,True,True,0,0,0,0,0,15.580537599999843,7.899149200000011,80,3168
FINAL_P3D_pop40_iter200_2opt_qualitybalanced_relocate,Final CPU configuration selected from pilot: quality-balanced memory-safe 2opt+bounded relocate,P-n76-k4,M-SSA,SSA,2opt_qualitybalanced_relocate,1,705027,40,200,593.0,638.0,638.0,7.588532883642496,7.588532883642496,4,4,350,350,True,True,True,0,0,0,0,0,25.80283309999959,23.95340589999978,185,7374
FINAL_P3D_pop40_iter200_2opt_qualitybalanced_relocate,Final CPU configuration selected from pilot: quality-balanced memory-safe 2opt+bounded relocate,P-n76-k4,M-SSA,SSA,2opt_qualitybalanced_relocate,2,705028,40,200,593.0,662.0,662.0,11.63575042158516,11.63575042158516,4,4,348,350,True,True,True,0,0,0,0,0,25.158495799999855,20.035438299999896,156,6217
FINAL_P3D_pop40_iter200_2opt_qualitybalanced_relocate,Final CPU configuration selected from pilot: quality-balanced memory-safe 2opt+bounded relocate,P-n76-k4,M-SSA,SSA,2opt_qualitybalanced_relocate,3,705029,40,200,593.0,651.0,651.0,9.780775716694773,9.780775716694773,4,4,348,350,True,True,True,0,0,0,0,0,23.77478719999999,22.578260899999805,182,7245
FINAL_P3D_pop40_iter200_2opt_qualitybalanced_relocate,Final CPU configuration selected from pilot: quality-balanced memory-safe 2opt+bounded relocate,P-n76-k4,M-SSA,SSA,2opt_qualitybalanced_relocate,4,705030,40,200,593.0,655.0,655.0,10.45531197301855,10.45531197301855,4,4,350,350,True,True,True,0,0,0,0,0,25.143518700000186,21.634799900000417,168,6682
FINAL_P3D_pop40_iter200_2opt_qualitybalanced_relocate,Final CPU configuration selected from pilot: quality-balanced memory-safe 2opt+bounded relocate,P-n76-k4,M-SSA,SSA,2opt_qualitybalanced_relocate,5,705031,40,200,593.0,667.0,667.0,12.478920741989882,12.478920741989882,4,4,349,350,True,True,True,0,0,0,0,0,26.20640540000022,21.88404040000023,167,6641
FINAL_P3D_pop40_iter200_2opt_qualitybalanced_relocate,Final CPU configuration selected from pilot: quality-balanced memory-safe 2opt+bounded relocate,P-n76-k4,M-SSA,SSA,2opt_qualitybalanced_relocate,6,705032,40,200,593.0,644.0,644.0,8.600337268128161,8.600337268128161,4,4,348,350,True,True,True,0,0,0,0,0,25.333261599999787,23.515437999999904,180,7168
FINAL_P3D_pop40_iter200_2opt_qualitybalanced_relocate,Final CPU configuration selected from pilot: quality-balanced memory-safe 2opt+bounded relocate,P-n76-k4,M-SSA,SSA,2opt_qualitybalanced_relocate,7,705033,40,200,593.0,634.0,634.0,6.913996627318719,6.913996627318719,4,4,350,350,True,True,True,0,0,0,0,0,26.203154899999845,21.9534764,167,6641
FINAL_P3D_pop40_iter200_2opt_qualitybalanced_relocate,Final CPU configuration selected from pilot: quality-balanced memory-safe 2opt+bounded relocate,P-n76-k4,M-SSA,SSA,2opt_qualitybalanced_relocate,8,705034,40,200,593.0,662.0,662.0,11.63575042158516,11.63575042158516,4,4,345,350,True,True,True,0,0,0,0,0,26.82745849999992,22.54956039999979,169,6721
FINAL_P3D_pop40_iter200_2opt_qualitybalanced_relocate,Final CPU configuration selected from pilot: quality-balanced memory-safe 2opt+bounded relocate,P-n76-k4,M-SSA,SSA,2opt_qualitybalanced_relocate,9,705035,40,200,593.0,655.0,655.0,10.45531197301855,10.45531197301855,4,4,350,350,True,True,True,0,0,0,0,0,26.281541699999707,25.04696120000017,190,7571
FINAL_P3D_pop40_iter200_2opt_qualitybalanced_relocate,Final CPU configuration selected from pilot: quality-balanced memory-safe 2opt+bounded relocate,P-n76-k4,M-SSA,SSA,2opt_qualitybalanced_relocate,10,705036,40,200,593.0,643.0,643.0,8.431703204047217,8.431703204047217,4,4,348,350,True,True,True,0,0,0,0,0,23.977569499999845,21.13793119999991,167,6644
FINAL_P3D_pop40_iter200_2opt_qualitybalanced_relocate,Final CPU configuration selected from pilot: quality-balanced memory-safe 2opt+bounded relocate,P-n76-k4,M-SSA,SSA,2opt_qualitybalanced_relocate,11,705037,40,200,593.0,653.0,653.0,10.118043844856661,10.118043844856661,4,4,350,350,True,True,True,0,0,0,0,0,24.10989189999964,21.717222199999924,170,6768
FINAL_P3D_pop40_iter200_2opt_qualitybalanced_relocate,Final CPU configuration selected from pilot: quality-balanced memory-safe 2opt+bounded relocate,P-n76-k4,M-SSA,SSA,2opt_qualitybalanced_relocate,12,705038,40,200,593.0,644.0,644.0,8.600337268128161,8.600337268128161,4,4,348,350,True,True,True,0,0,0,0,0,25.513742799999818,23.59184969999933,184,7322
FINAL_P3D_pop40_iter200_2opt_qualitybalanced_relocate,Final CPU configuration selected from pilot: quality-balanced memory-safe 2opt+bounded relocate,P-n76-k4,M-SSA,SSA,2opt_qualitybalanced_relocate,13,705039,40,200,593.0,645.0,645.0,8.768971332209107,8.768971332209107,4,4,348,350,True,True,True,0,0,0,0,0,25.334926800000176,22.98822300000029,174,6928
FINAL_P3D_pop40_iter200_2opt_qualitybalanced_relocate,Final CPU configuration selected from pilot: quality-balanced memory-safe 2opt+bounded relocate,P-n76-k4,M-SSA,SSA,2opt_qualitybalanced_relocate,14,705040,40,200,593.0,635.0,635.0,7.082630691399663,7.082630691399663,4,4,347,350,True,True,True,0,0,0,0,0,24.87152909999986,24.016574799999944,194,7724
FINAL_P3D_pop40_iter200_2opt_qualitybalanced_relocate,Final CPU configuration selected from pilot: quality-balanced memory-safe 2opt+bounded relocate,P-n76-k4,M-SSA,SSA,2opt_qualitybalanced_relocate,15,705041,40,200,593.0,644.0,644.0,8.600337268128161,8.600337268128161,4,4,349,350,True,True,True,0,0,0,0,0,25.088777400000254,21.095359100000678,163,6482
FINAL_P3D_pop40_iter200_2opt_qualitybalanced_relocate,Final CPU configuration selected from pilot: quality-balanced memory-safe 2opt+bounded relocate,P-n76-k4,M-SSA,SSA,2opt_qualitybalanced_relocate,16,705042,40,200,593.0,660.0,660.0,11.298482293423271,11.298482293423271,4,4,350,350,True,True,True,0,0,0,0,0,25.987107599999945,23.498333399999865,182,7241
FINAL_P3D_pop40_iter200_2opt_qualitybalanced_relocate,Final CPU configuration selected from pilot: quality-balanced memory-safe 2opt+bounded relocate,P-n76-k4,M-SSA,SSA,2opt_qualitybalanced_relocate,17,705043,40,200,593.0,642.0,642.0,8.263069139966273,8.263069139966273,4,4,344,350,True,True,True,0,0,0,0,0,26.15045320000081,25.19195580000087,193,7685
FINAL_P3D_pop40_iter200_2opt_qualitybalanced_relocate,Final CPU configuration selected from pilot: quality-balanced memory-safe 2opt+bounded relocate,P-n76-k4,M-SSA,SSA,2opt_qualitybalanced_relocate,18,705044,40,200,593.0,642.0,642.0,8.263069139966273,8.263069139966273,4,4,350,350,True,True,True,0,0,0,0,0,25.791801999999734,23.285859800000253,177,7047
FINAL_P3D_pop40_iter200_2opt_qualitybalanced_relocate,Final CPU configuration selected from pilot: quality-balanced memory-safe 2opt+bounded relocate,P-n76-k4,M-SSA,SSA,2opt_qualitybalanced_relocate,19,705045,40,200,593.0,661.0,661.0,11.467116357504215,11.467116357504215,4,4,350,350,True,True,True,0,0,0,0,0,26.444945400000506,23.46025820000068,176,7006
FINAL_P3D_pop40_iter200_2opt_qualitybalanced_relocate,Final CPU configuration selected from pilot: quality-balanced memory-safe 2opt+bounded relocate,P-n76-k4,M-SSA,SSA,2opt_qualitybalanced_relocate,20,705046,40,200,593.0,650.0,650.0,9.612141652613827,9.612141652613827,4,4,344,350,True,True,True,0,0,0,0,0,25.20260529999996,24.582800700000007,195,7761
FINAL_P3D_pop40_iter200_2opt_qualitybalanced_relocate,Final CPU configuration selected from pilot: quality-balanced memory-safe 2opt+bounded relocate,P-n76-k4,M-SSA,SSA,2opt_qualitybalanced_relocate,21,705047,40,200,593.0,636.0,636.0,7.251264755480607,7.251264755480607,4,4,345,350,True,True,True,0,0,0,0,0,25.651190399999905,23.261561900000743,181,7201
FINAL_P3D_pop40_iter200_2opt_qualitybalanced_relocate,Final CPU configuration selected from pilot: quality-balanced memory-safe 2opt+bounded relocate,P-n76-k4,M-SSA,SSA,2opt_qualitybalanced_relocate,22,705048,40,200,593.0,658.0,658.0,10.961214165261383,10.961214165261383,4,4,350,350,True,True,True,0,0,0,0,0,25.07866449999983,21.63523719999921,166,6634
FINAL_P3D_pop40_iter200_2opt_qualitybalanced_relocate,Final CPU configuration selected from pilot: quality-balanced memory-safe 2opt+bounded relocate,P-n76-k4,M-SSA,SSA,2opt_qualitybalanced_relocate,23,705049,40,200,593.0,653.0,653.0,10.118043844856661,10.118043844856661,4,4,345,350,True,True,True,0,0,0,0,0,26.08369980000043,24.720647300000564,189,7523
FINAL_P3D_pop40_iter200_2opt_qualitybalanced_relocate,Final CPU configuration selected from pilot: quality-balanced memory-safe 2opt+bounded relocate,P-n76-k4,M-SSA,SSA,2opt_qualitybalanced_relocate,24,705050,40,200,593.0,673.0,673.0,13.490725126475548,13.490725126475548,4,4,350,350,True,True,True,0,0,0,0,0,24.791530100000273,21.629202799999803,166,6634
FINAL_P3D_pop40_iter200_2opt_qualitybalanced_relocate,Final CPU configuration selected from pilot: quality-balanced memory-safe 2opt+bounded relocate,P-n76-k4,M-SSA,SSA,2opt_qualitybalanced_relocate,25,705051,40,200,593.0,648.0,648.0,9.27487352445194,9.27487352445194,4,4,350,350,True,True,True,0,0,0,0,0,24.926418699999886,21.60140760000013,164,6523
FINAL_P3D_pop40_iter200_2opt_qualitybalanced_relocate,Final CPU configuration selected from pilot: quality-balanced memory-safe 2opt+bounded relocate,P-n76-k4,M-SSA,SSA,2opt_qualitybalanced_relocate,26,705052,40,200,593.0,661.0,661.0,11.467116357504215,11.467116357504215,4,4,348,350,True,True,True,0,0,0,0,0,24.853809199999887,21.511056700000154,166,6601
FINAL_P3D_pop40_iter200_2opt_qualitybalanced_relocate,Final CPU configuration selected from pilot: quality-balanced memory-safe 2opt+bounded relocate,P-n76-k4,M-SSA,SSA,2opt_qualitybalanced_relocate,27,705053,40,200,593.0,655.0,655.0,10.45531197301855,10.45531197301855,4,4,344,350,True,True,True,0,0,0,0,0,23.760247600000184,22.0859674000003,173,6883
FINAL_P3D_pop40_iter200_2opt_qualitybalanced_relocate,Final CPU configuration selected from pilot: quality-balanced memory-safe 2opt+bounded relocate,P-n76-k4,M-SSA,SSA,2opt_qualitybalanced_relocate,28,705054,40,200,593.0,655.0,655.0,10.45531197301855,10.45531197301855,4,4,343,350,True,True,True,0,0,0,0,0,24.748070699999516,24.711045199999717,200,7986
FINAL_P3D_pop40_iter200_2opt_qualitybalanced_relocate,Final CPU configuration selected from pilot: quality-balanced memory-safe 2opt+bounded relocate,P-n76-k4,M-SSA,SSA,2opt_qualitybalanced_relocate,29,705055,40,200,593.0,678.0,678.0,14.33389544688027,14.33389544688027,4,4,349,350,True,True,True,0,0,0,0,0,25.882017399999313,25.33528649999971,196,7809
FINAL_P3D_pop40_iter200_2opt_qualitybalanced_relocate,Final CPU configuration selected from pilot: quality-balanced memory-safe 2opt+bounded relocate,P-n76-k4,M-SSA,SSA,2opt_qualitybalanced_relocate,30,705056,40,200,593.0,638.0,638.0,7.588532883642496,7.588532883642496,4,4,348,350,True,True,True,0,0,0,0,0,25.551498700000593,24.537312700000257,192,7644
