dataset,algorithm,run,seed,iteration,best_score_with_penalty
A-n32-k5,WOA,1,2027,1,1782.0
A-n32-k5,WOA,1,2027,2,1782.0
A-n32-k5,WOA,1,2027,3,1778.0
A-n32-k5,WOA,1,2027,4,1680.0
A-n32-k5,WOA,1,2027,5,1579.0
A-n32-k5,WOA,1,2027,6,1547.0
A-n32-k5,WOA,1,2027,7,1547.0
A-n32-k5,WOA,1,2027,8,1547.0
A-n32-k5,WOA,1,2027,9,1547.0
A-n32-k5,WOA,1,2027,10,1547.0
A-n32-k5,WOA,1,2027,11,1547.0
A-n32-k5,WOA,1,2027,12,1547.0
A-n32-k5,WOA,1,2027,13,1542.0
A-n32-k5,WOA,1,2027,14,1542.0
A-n32-k5,WOA,1,2027,15,1539.0
A-n32-k5,WOA,1,2027,16,1464.0
A-n32-k5,WOA,1,2027,17,1449.0
A-n32-k5,WOA,1,2027,18,1449.0
A-n32-k5,WOA,1,2027,19,1444.0
A-n32-k5,WOA,1,2027,20,1428.0
A-n32-k5,WOA,1,2027,21,1411.0
A-n32-k5,WOA,1,2027,22,1411.0
A-n32-k5,WOA,1,2027,23,1410.0
A-n32-k5,WOA,1,2027,24,1410.0
A-n32-k5,WOA,1,2027,25,1410.0
A-n32-k5,WOA,1,2027,26,1410.0
A-n32-k5,WOA,1,2027,27,1410.0
A-n32-k5,WOA,1,2027,28,1410.0
A-n32-k5,WOA,1,2027,29,1410.0
A-n32-k5,WOA,1,2027,30,1410.0
A-n32-k5,WOA,1,2027,31,1410.0
A-n32-k5,WOA,1,2027,32,1410.0
A-n32-k5,WOA,1,2027,33,1410.0
A-n32-k5,WOA,1,2027,34,1410.0
A-n32-k5,WOA,1,2027,35,1410.0
A-n32-k5,WOA,1,2027,36,1410.0
A-n32-k5,WOA,1,2027,37,1410.0
A-n32-k5,WOA,1,2027,38,1410.0
A-n32-k5,WOA,1,2027,39,1410.0
A-n32-k5,WOA,1,2027,40,1410.0
A-n32-k5,WOA,1,2027,41,1410.0
A-n32-k5,WOA,1,2027,42,1410.0
A-n32-k5,WOA,1,2027,43,1410.0
A-n32-k5,WOA,1,2027,44,1410.0
A-n32-k5,WOA,1,2027,45,1410.0
A-n32-k5,WOA,1,2027,46,1410.0
A-n32-k5,WOA,1,2027,47,1410.0
A-n32-k5,WOA,1,2027,48,1410.0
A-n32-k5,WOA,1,2027,49,1410.0
A-n32-k5,WOA,1,2027,50,1410.0
A-n32-k5,WOA,1,2027,51,1410.0
A-n32-k5,WOA,1,2027,52,1410.0
A-n32-k5,WOA,1,2027,53,1410.0
A-n32-k5,WOA,1,2027,54,1410.0
A-n32-k5,WOA,1,2027,55,1405.0
A-n32-k5,WOA,1,2027,56,1405.0
A-n32-k5,WOA,1,2027,57,1405.0
A-n32-k5,WOA,1,2027,58,1405.0
A-n32-k5,WOA,1,2027,59,1405.0
A-n32-k5,WOA,1,2027,60,1405.0
A-n32-k5,WOA,1,2027,61,1405.0
A-n32-k5,WOA,1,2027,62,1405.0
A-n32-k5,WOA,1,2027,63,1405.0
A-n32-k5,WOA,1,2027,64,1405.0
A-n32-k5,WOA,1,2027,65,1405.0
A-n32-k5,WOA,1,2027,66,1405.0
A-n32-k5,WOA,1,2027,67,1405.0
A-n32-k5,WOA,1,2027,68,1405.0
A-n32-k5,WOA,1,2027,69,1405.0
A-n32-k5,WOA,1,2027,70,1405.0
A-n32-k5,WOA,1,2027,71,1405.0
A-n32-k5,WOA,1,2027,72,1405.0
A-n32-k5,WOA,1,2027,73,1405.0
A-n32-k5,WOA,1,2027,74,1405.0
A-n32-k5,WOA,1,2027,75,1405.0
A-n32-k5,WOA,1,2027,76,1405.0
A-n32-k5,WOA,1,2027,77,1405.0
A-n32-k5,WOA,1,2027,78,1405.0
A-n32-k5,WOA,1,2027,79,1405.0
A-n32-k5,WOA,1,2027,80,1405.0
A-n32-k5,WOA,1,2027,81,1405.0
A-n32-k5,WOA,1,2027,82,1405.0
A-n32-k5,WOA,1,2027,83,1405.0
A-n32-k5,WOA,1,2027,84,1405.0
A-n32-k5,WOA,1,2027,85,1405.0
A-n32-k5,WOA,1,2027,86,1405.0
A-n32-k5,WOA,1,2027,87,1405.0
A-n32-k5,WOA,1,2027,88,1405.0
A-n32-k5,WOA,1,2027,89,1405.0
A-n32-k5,WOA,1,2027,90,1405.0
A-n32-k5,WOA,1,2027,91,1405.0
A-n32-k5,WOA,1,2027,92,1405.0
A-n32-k5,WOA,1,2027,93,1405.0
A-n32-k5,WOA,1,2027,94,1405.0
A-n32-k5,WOA,1,2027,95,1405.0
A-n32-k5,WOA,1,2027,96,1405.0
A-n32-k5,WOA,1,2027,97,1405.0
A-n32-k5,WOA,1,2027,98,1405.0
A-n32-k5,WOA,1,2027,99,1405.0
A-n32-k5,WOA,1,2027,100,1405.0
A-n32-k5,WOA,1,2027,101,1405.0
A-n32-k5,WOA,1,2027,102,1405.0
A-n32-k5,WOA,1,2027,103,1405.0
A-n32-k5,WOA,1,2027,104,1405.0
A-n32-k5,WOA,1,2027,105,1405.0
A-n32-k5,WOA,1,2027,106,1405.0
A-n32-k5,WOA,1,2027,107,1405.0
A-n32-k5,WOA,1,2027,108,1405.0
A-n32-k5,WOA,1,2027,109,1405.0
A-n32-k5,WOA,1,2027,110,1405.0
A-n32-k5,WOA,1,2027,111,1405.0
A-n32-k5,WOA,1,2027,112,1405.0
A-n32-k5,WOA,1,2027,113,1405.0
A-n32-k5,WOA,1,2027,114,1405.0
A-n32-k5,WOA,1,2027,115,1405.0
A-n32-k5,WOA,1,2027,116,1405.0
A-n32-k5,WOA,1,2027,117,1405.0
A-n32-k5,WOA,1,2027,118,1405.0
A-n32-k5,WOA,1,2027,119,1405.0
A-n32-k5,WOA,1,2027,120,1405.0
A-n32-k5,WOA,1,2027,121,1405.0
A-n32-k5,WOA,1,2027,122,1405.0
A-n32-k5,WOA,1,2027,123,1405.0
A-n32-k5,WOA,1,2027,124,1405.0
A-n32-k5,WOA,1,2027,125,1405.0
A-n32-k5,WOA,1,2027,126,1405.0
A-n32-k5,WOA,1,2027,127,1405.0
A-n32-k5,WOA,1,2027,128,1405.0
A-n32-k5,WOA,1,2027,129,1405.0
A-n32-k5,WOA,1,2027,130,1405.0
A-n32-k5,WOA,1,2027,131,1405.0
A-n32-k5,WOA,1,2027,132,1405.0
A-n32-k5,WOA,1,2027,133,1405.0
A-n32-k5,WOA,1,2027,134,1405.0
A-n32-k5,WOA,1,2027,135,1405.0
A-n32-k5,WOA,1,2027,136,1405.0
A-n32-k5,WOA,1,2027,137,1405.0
A-n32-k5,WOA,1,2027,138,1405.0
A-n32-k5,WOA,1,2027,139,1405.0
A-n32-k5,WOA,1,2027,140,1405.0
A-n32-k5,WOA,1,2027,141,1405.0
A-n32-k5,WOA,1,2027,142,1405.0
A-n32-k5,WOA,1,2027,143,1405.0
A-n32-k5,WOA,1,2027,144,1405.0
A-n32-k5,WOA,1,2027,145,1405.0
A-n32-k5,WOA,1,2027,146,1405.0
A-n32-k5,WOA,1,2027,147,1405.0
A-n32-k5,WOA,1,2027,148,1405.0
A-n32-k5,WOA,1,2027,149,1405.0
A-n32-k5,WOA,1,2027,150,1405.0
A-n32-k5,WOA,1,2027,151,1405.0
A-n32-k5,WOA,1,2027,152,1405.0
A-n32-k5,WOA,1,2027,153,1405.0
A-n32-k5,WOA,1,2027,154,1405.0
A-n32-k5,WOA,1,2027,155,1405.0
A-n32-k5,WOA,1,2027,156,1405.0
A-n32-k5,WOA,1,2027,157,1405.0
A-n32-k5,WOA,1,2027,158,1405.0
A-n32-k5,WOA,1,2027,159,1405.0
A-n32-k5,WOA,1,2027,160,1405.0
A-n32-k5,WOA,1,2027,161,1405.0
A-n32-k5,WOA,1,2027,162,1405.0
A-n32-k5,WOA,1,2027,163,1405.0
A-n32-k5,WOA,1,2027,164,1405.0
A-n32-k5,WOA,1,2027,165,1405.0
A-n32-k5,WOA,1,2027,166,1405.0
A-n32-k5,WOA,1,2027,167,1405.0
A-n32-k5,WOA,1,2027,168,1405.0
A-n32-k5,WOA,1,2027,169,1405.0
A-n32-k5,WOA,1,2027,170,1405.0
A-n32-k5,WOA,1,2027,171,1405.0
A-n32-k5,WOA,1,2027,172,1405.0
A-n32-k5,WOA,1,2027,173,1405.0
A-n32-k5,WOA,1,2027,174,1405.0
A-n32-k5,WOA,1,2027,175,1405.0
A-n32-k5,WOA,1,2027,176,1405.0
A-n32-k5,WOA,1,2027,177,1405.0
A-n32-k5,WOA,1,2027,178,1405.0
A-n32-k5,WOA,1,2027,179,1405.0
A-n32-k5,WOA,1,2027,180,1405.0
A-n32-k5,WOA,1,2027,181,1405.0
A-n32-k5,WOA,1,2027,182,1405.0
A-n32-k5,WOA,1,2027,183,1405.0
A-n32-k5,WOA,1,2027,184,1405.0
A-n32-k5,WOA,1,2027,185,1405.0
A-n32-k5,WOA,1,2027,186,1405.0
A-n32-k5,WOA,1,2027,187,1405.0
A-n32-k5,WOA,1,2027,188,1405.0
A-n32-k5,WOA,1,2027,189,1405.0
A-n32-k5,WOA,1,2027,190,1405.0
A-n32-k5,WOA,1,2027,191,1405.0
A-n32-k5,WOA,1,2027,192,1405.0
A-n32-k5,WOA,1,2027,193,1405.0
A-n32-k5,WOA,1,2027,194,1405.0
A-n32-k5,WOA,1,2027,195,1405.0
A-n32-k5,WOA,1,2027,196,1405.0
A-n32-k5,WOA,1,2027,197,1405.0
A-n32-k5,WOA,1,2027,198,1405.0
A-n32-k5,WOA,1,2027,199,1405.0
A-n32-k5,WOA,1,2027,200,1405.0
A-n32-k5,WOA,2,2028,1,1787.0
A-n32-k5,WOA,2,2028,2,1777.0
A-n32-k5,WOA,2,2028,3,1741.0
A-n32-k5,WOA,2,2028,4,1741.0
A-n32-k5,WOA,2,2028,5,1707.0
A-n32-k5,WOA,2,2028,6,1579.0
A-n32-k5,WOA,2,2028,7,1520.0
A-n32-k5,WOA,2,2028,8,1520.0
A-n32-k5,WOA,2,2028,9,1449.0
A-n32-k5,WOA,2,2028,10,1449.0
A-n32-k5,WOA,2,2028,11,1449.0
A-n32-k5,WOA,2,2028,12,1449.0
A-n32-k5,WOA,2,2028,13,1449.0
A-n32-k5,WOA,2,2028,14,1409.0
A-n32-k5,WOA,2,2028,15,1407.0
A-n32-k5,WOA,2,2028,16,1402.0
A-n32-k5,WOA,2,2028,17,1396.0
A-n32-k5,WOA,2,2028,18,1396.0
A-n32-k5,WOA,2,2028,19,1396.0
A-n32-k5,WOA,2,2028,20,1396.0
A-n32-k5,WOA,2,2028,21,1396.0
A-n32-k5,WOA,2,2028,22,1396.0
A-n32-k5,WOA,2,2028,23,1396.0
A-n32-k5,WOA,2,2028,24,1396.0
A-n32-k5,WOA,2,2028,25,1396.0
A-n32-k5,WOA,2,2028,26,1383.0
A-n32-k5,WOA,2,2028,27,1383.0
A-n32-k5,WOA,2,2028,28,1383.0
A-n32-k5,WOA,2,2028,29,1383.0
A-n32-k5,WOA,2,2028,30,1383.0
A-n32-k5,WOA,2,2028,31,1383.0
A-n32-k5,WOA,2,2028,32,1383.0
A-n32-k5,WOA,2,2028,33,1383.0
A-n32-k5,WOA,2,2028,34,1383.0
A-n32-k5,WOA,2,2028,35,1383.0
A-n32-k5,WOA,2,2028,36,1383.0
A-n32-k5,WOA,2,2028,37,1383.0
A-n32-k5,WOA,2,2028,38,1383.0
A-n32-k5,WOA,2,2028,39,1383.0
A-n32-k5,WOA,2,2028,40,1383.0
A-n32-k5,WOA,2,2028,41,1383.0
A-n32-k5,WOA,2,2028,42,1383.0
A-n32-k5,WOA,2,2028,43,1383.0
A-n32-k5,WOA,2,2028,44,1383.0
A-n32-k5,WOA,2,2028,45,1383.0
A-n32-k5,WOA,2,2028,46,1383.0
A-n32-k5,WOA,2,2028,47,1383.0
A-n32-k5,WOA,2,2028,48,1383.0
A-n32-k5,WOA,2,2028,49,1383.0
A-n32-k5,WOA,2,2028,50,1383.0
A-n32-k5,WOA,2,2028,51,1383.0
A-n32-k5,WOA,2,2028,52,1383.0
A-n32-k5,WOA,2,2028,53,1383.0
A-n32-k5,WOA,2,2028,54,1383.0
A-n32-k5,WOA,2,2028,55,1383.0
A-n32-k5,WOA,2,2028,56,1383.0
A-n32-k5,WOA,2,2028,57,1383.0
A-n32-k5,WOA,2,2028,58,1383.0
A-n32-k5,WOA,2,2028,59,1383.0
A-n32-k5,WOA,2,2028,60,1383.0
A-n32-k5,WOA,2,2028,61,1383.0
A-n32-k5,WOA,2,2028,62,1383.0
A-n32-k5,WOA,2,2028,63,1383.0
A-n32-k5,WOA,2,2028,64,1383.0
A-n32-k5,WOA,2,2028,65,1383.0
A-n32-k5,WOA,2,2028,66,1383.0
A-n32-k5,WOA,2,2028,67,1383.0
A-n32-k5,WOA,2,2028,68,1383.0
A-n32-k5,WOA,2,2028,69,1383.0
A-n32-k5,WOA,2,2028,70,1383.0
A-n32-k5,WOA,2,2028,71,1383.0
A-n32-k5,WOA,2,2028,72,1383.0
A-n32-k5,WOA,2,2028,73,1383.0
A-n32-k5,WOA,2,2028,74,1383.0
A-n32-k5,WOA,2,2028,75,1383.0
A-n32-k5,WOA,2,2028,76,1383.0
A-n32-k5,WOA,2,2028,77,1383.0
A-n32-k5,WOA,2,2028,78,1383.0
A-n32-k5,WOA,2,2028,79,1383.0
A-n32-k5,WOA,2,2028,80,1383.0
A-n32-k5,WOA,2,2028,81,1383.0
A-n32-k5,WOA,2,2028,82,1383.0
A-n32-k5,WOA,2,2028,83,1383.0
A-n32-k5,WOA,2,2028,84,1383.0
A-n32-k5,WOA,2,2028,85,1383.0
A-n32-k5,WOA,2,2028,86,1383.0
A-n32-k5,WOA,2,2028,87,1383.0
A-n32-k5,WOA,2,2028,88,1383.0
A-n32-k5,WOA,2,2028,89,1383.0
A-n32-k5,WOA,2,2028,90,1383.0
A-n32-k5,WOA,2,2028,91,1383.0
A-n32-k5,WOA,2,2028,92,1383.0
A-n32-k5,WOA,2,2028,93,1383.0
A-n32-k5,WOA,2,2028,94,1383.0
A-n32-k5,WOA,2,2028,95,1383.0
A-n32-k5,WOA,2,2028,96,1383.0
A-n32-k5,WOA,2,2028,97,1383.0
A-n32-k5,WOA,2,2028,98,1383.0
A-n32-k5,WOA,2,2028,99,1383.0
A-n32-k5,WOA,2,2028,100,1383.0
A-n32-k5,WOA,2,2028,101,1383.0
A-n32-k5,WOA,2,2028,102,1383.0
A-n32-k5,WOA,2,2028,103,1383.0
A-n32-k5,WOA,2,2028,104,1383.0
A-n32-k5,WOA,2,2028,105,1383.0
A-n32-k5,WOA,2,2028,106,1383.0
A-n32-k5,WOA,2,2028,107,1383.0
A-n32-k5,WOA,2,2028,108,1383.0
A-n32-k5,WOA,2,2028,109,1383.0
A-n32-k5,WOA,2,2028,110,1383.0
A-n32-k5,WOA,2,2028,111,1383.0
A-n32-k5,WOA,2,2028,112,1383.0
A-n32-k5,WOA,2,2028,113,1383.0
A-n32-k5,WOA,2,2028,114,1383.0
A-n32-k5,WOA,2,2028,115,1383.0
A-n32-k5,WOA,2,2028,116,1383.0
A-n32-k5,WOA,2,2028,117,1383.0
A-n32-k5,WOA,2,2028,118,1383.0
A-n32-k5,WOA,2,2028,119,1383.0
A-n32-k5,WOA,2,2028,120,1383.0
A-n32-k5,WOA,2,2028,121,1383.0
A-n32-k5,WOA,2,2028,122,1383.0
A-n32-k5,WOA,2,2028,123,1383.0
A-n32-k5,WOA,2,2028,124,1383.0
A-n32-k5,WOA,2,2028,125,1383.0
A-n32-k5,WOA,2,2028,126,1383.0
A-n32-k5,WOA,2,2028,127,1383.0
A-n32-k5,WOA,2,2028,128,1383.0
A-n32-k5,WOA,2,2028,129,1383.0
A-n32-k5,WOA,2,2028,130,1383.0
A-n32-k5,WOA,2,2028,131,1383.0
A-n32-k5,WOA,2,2028,132,1383.0
A-n32-k5,WOA,2,2028,133,1383.0
A-n32-k5,WOA,2,2028,134,1383.0
A-n32-k5,WOA,2,2028,135,1383.0
A-n32-k5,WOA,2,2028,136,1383.0
A-n32-k5,WOA,2,2028,137,1383.0
A-n32-k5,WOA,2,2028,138,1383.0
A-n32-k5,WOA,2,2028,139,1383.0
A-n32-k5,WOA,2,2028,140,1383.0
A-n32-k5,WOA,2,2028,141,1383.0
A-n32-k5,WOA,2,2028,142,1383.0
A-n32-k5,WOA,2,2028,143,1383.0
A-n32-k5,WOA,2,2028,144,1383.0
A-n32-k5,WOA,2,2028,145,1383.0
A-n32-k5,WOA,2,2028,146,1383.0
A-n32-k5,WOA,2,2028,147,1383.0
A-n32-k5,WOA,2,2028,148,1383.0
A-n32-k5,WOA,2,2028,149,1383.0
A-n32-k5,WOA,2,2028,150,1383.0
A-n32-k5,WOA,2,2028,151,1383.0
A-n32-k5,WOA,2,2028,152,1383.0
A-n32-k5,WOA,2,2028,153,1383.0
A-n32-k5,WOA,2,2028,154,1383.0
A-n32-k5,WOA,2,2028,155,1383.0
A-n32-k5,WOA,2,2028,156,1383.0
A-n32-k5,WOA,2,2028,157,1383.0
A-n32-k5,WOA,2,2028,158,1383.0
A-n32-k5,WOA,2,2028,159,1383.0
A-n32-k5,WOA,2,2028,160,1383.0
A-n32-k5,WOA,2,2028,161,1383.0
A-n32-k5,WOA,2,2028,162,1383.0
A-n32-k5,WOA,2,2028,163,1383.0
A-n32-k5,WOA,2,2028,164,1383.0
A-n32-k5,WOA,2,2028,165,1383.0
A-n32-k5,WOA,2,2028,166,1383.0
A-n32-k5,WOA,2,2028,167,1383.0
A-n32-k5,WOA,2,2028,168,1383.0
A-n32-k5,WOA,2,2028,169,1383.0
A-n32-k5,WOA,2,2028,170,1383.0
A-n32-k5,WOA,2,2028,171,1383.0
A-n32-k5,WOA,2,2028,172,1383.0
A-n32-k5,WOA,2,2028,173,1383.0
A-n32-k5,WOA,2,2028,174,1383.0
A-n32-k5,WOA,2,2028,175,1383.0
A-n32-k5,WOA,2,2028,176,1383.0
A-n32-k5,WOA,2,2028,177,1383.0
A-n32-k5,WOA,2,2028,178,1383.0
A-n32-k5,WOA,2,2028,179,1383.0
A-n32-k5,WOA,2,2028,180,1383.0
A-n32-k5,WOA,2,2028,181,1383.0
A-n32-k5,WOA,2,2028,182,1383.0
A-n32-k5,WOA,2,2028,183,1383.0
A-n32-k5,WOA,2,2028,184,1383.0
A-n32-k5,WOA,2,2028,185,1383.0
A-n32-k5,WOA,2,2028,186,1383.0
A-n32-k5,WOA,2,2028,187,1383.0
A-n32-k5,WOA,2,2028,188,1383.0
A-n32-k5,WOA,2,2028,189,1383.0
A-n32-k5,WOA,2,2028,190,1383.0
A-n32-k5,WOA,2,2028,191,1383.0
A-n32-k5,WOA,2,2028,192,1383.0
A-n32-k5,WOA,2,2028,193,1383.0
A-n32-k5,WOA,2,2028,194,1383.0
A-n32-k5,WOA,2,2028,195,1383.0
A-n32-k5,WOA,2,2028,196,1383.0
A-n32-k5,WOA,2,2028,197,1383.0
A-n32-k5,WOA,2,2028,198,1383.0
A-n32-k5,WOA,2,2028,199,1383.0
A-n32-k5,WOA,2,2028,200,1383.0
A-n32-k5,WOA,3,2029,1,1832.0
A-n32-k5,WOA,3,2029,2,1767.0
A-n32-k5,WOA,3,2029,3,1762.0
A-n32-k5,WOA,3,2029,4,1627.0
A-n32-k5,WOA,3,2029,5,1627.0
A-n32-k5,WOA,3,2029,6,1585.0
A-n32-k5,WOA,3,2029,7,1545.0
A-n32-k5,WOA,3,2029,8,1468.0
A-n32-k5,WOA,3,2029,9,1456.0
A-n32-k5,WOA,3,2029,10,1456.0
A-n32-k5,WOA,3,2029,11,1450.0
A-n32-k5,WOA,3,2029,12,1446.0
A-n32-k5,WOA,3,2029,13,1292.0
A-n32-k5,WOA,3,2029,14,1291.0
A-n32-k5,WOA,3,2029,15,1291.0
A-n32-k5,WOA,3,2029,16,1291.0
A-n32-k5,WOA,3,2029,17,1291.0
A-n32-k5,WOA,3,2029,18,1291.0
A-n32-k5,WOA,3,2029,19,1291.0
A-n32-k5,WOA,3,2029,20,1288.0
A-n32-k5,WOA,3,2029,21,1242.0
A-n32-k5,WOA,3,2029,22,1234.0
A-n32-k5,WOA,3,2029,23,1234.0
A-n32-k5,WOA,3,2029,24,1234.0
A-n32-k5,WOA,3,2029,25,1234.0
A-n32-k5,WOA,3,2029,26,1234.0
A-n32-k5,WOA,3,2029,27,1234.0
A-n32-k5,WOA,3,2029,28,1234.0
A-n32-k5,WOA,3,2029,29,1234.0
A-n32-k5,WOA,3,2029,30,1234.0
A-n32-k5,WOA,3,2029,31,1234.0
A-n32-k5,WOA,3,2029,32,1234.0
A-n32-k5,WOA,3,2029,33,1227.0
A-n32-k5,WOA,3,2029,34,1202.0
A-n32-k5,WOA,3,2029,35,1202.0
A-n32-k5,WOA,3,2029,36,1202.0
A-n32-k5,WOA,3,2029,37,1202.0
A-n32-k5,WOA,3,2029,38,1202.0
A-n32-k5,WOA,3,2029,39,1202.0
A-n32-k5,WOA,3,2029,40,1202.0
A-n32-k5,WOA,3,2029,41,1202.0
A-n32-k5,WOA,3,2029,42,1202.0
A-n32-k5,WOA,3,2029,43,1202.0
A-n32-k5,WOA,3,2029,44,1202.0
A-n32-k5,WOA,3,2029,45,1202.0
A-n32-k5,WOA,3,2029,46,1202.0
A-n32-k5,WOA,3,2029,47,1202.0
A-n32-k5,WOA,3,2029,48,1202.0
A-n32-k5,WOA,3,2029,49,1202.0
A-n32-k5,WOA,3,2029,50,1202.0
A-n32-k5,WOA,3,2029,51,1202.0
A-n32-k5,WOA,3,2029,52,1202.0
A-n32-k5,WOA,3,2029,53,1202.0
A-n32-k5,WOA,3,2029,54,1202.0
A-n32-k5,WOA,3,2029,55,1202.0
A-n32-k5,WOA,3,2029,56,1202.0
A-n32-k5,WOA,3,2029,57,1202.0
A-n32-k5,WOA,3,2029,58,1202.0
A-n32-k5,WOA,3,2029,59,1202.0
A-n32-k5,WOA,3,2029,60,1202.0
A-n32-k5,WOA,3,2029,61,1202.0
A-n32-k5,WOA,3,2029,62,1202.0
A-n32-k5,WOA,3,2029,63,1202.0
A-n32-k5,WOA,3,2029,64,1202.0
A-n32-k5,WOA,3,2029,65,1202.0
A-n32-k5,WOA,3,2029,66,1202.0
A-n32-k5,WOA,3,2029,67,1202.0
A-n32-k5,WOA,3,2029,68,1202.0
A-n32-k5,WOA,3,2029,69,1202.0
A-n32-k5,WOA,3,2029,70,1202.0
A-n32-k5,WOA,3,2029,71,1202.0
A-n32-k5,WOA,3,2029,72,1202.0
A-n32-k5,WOA,3,2029,73,1202.0
A-n32-k5,WOA,3,2029,74,1202.0
A-n32-k5,WOA,3,2029,75,1202.0
A-n32-k5,WOA,3,2029,76,1202.0
A-n32-k5,WOA,3,2029,77,1202.0
A-n32-k5,WOA,3,2029,78,1202.0
A-n32-k5,WOA,3,2029,79,1202.0
A-n32-k5,WOA,3,2029,80,1202.0
A-n32-k5,WOA,3,2029,81,1202.0
A-n32-k5,WOA,3,2029,82,1202.0
A-n32-k5,WOA,3,2029,83,1202.0
A-n32-k5,WOA,3,2029,84,1202.0
A-n32-k5,WOA,3,2029,85,1202.0
A-n32-k5,WOA,3,2029,86,1202.0
A-n32-k5,WOA,3,2029,87,1202.0
A-n32-k5,WOA,3,2029,88,1202.0
A-n32-k5,WOA,3,2029,89,1202.0
A-n32-k5,WOA,3,2029,90,1202.0
A-n32-k5,WOA,3,2029,91,1202.0
A-n32-k5,WOA,3,2029,92,1202.0
A-n32-k5,WOA,3,2029,93,1202.0
A-n32-k5,WOA,3,2029,94,1202.0
A-n32-k5,WOA,3,2029,95,1202.0
A-n32-k5,WOA,3,2029,96,1202.0
A-n32-k5,WOA,3,2029,97,1202.0
A-n32-k5,WOA,3,2029,98,1202.0
A-n32-k5,WOA,3,2029,99,1202.0
A-n32-k5,WOA,3,2029,100,1202.0
A-n32-k5,WOA,3,2029,101,1202.0
A-n32-k5,WOA,3,2029,102,1202.0
A-n32-k5,WOA,3,2029,103,1202.0
A-n32-k5,WOA,3,2029,104,1202.0
A-n32-k5,WOA,3,2029,105,1202.0
A-n32-k5,WOA,3,2029,106,1202.0
A-n32-k5,WOA,3,2029,107,1202.0
A-n32-k5,WOA,3,2029,108,1202.0
A-n32-k5,WOA,3,2029,109,1202.0
A-n32-k5,WOA,3,2029,110,1202.0
A-n32-k5,WOA,3,2029,111,1202.0
A-n32-k5,WOA,3,2029,112,1202.0
A-n32-k5,WOA,3,2029,113,1202.0
A-n32-k5,WOA,3,2029,114,1202.0
A-n32-k5,WOA,3,2029,115,1202.0
A-n32-k5,WOA,3,2029,116,1202.0
A-n32-k5,WOA,3,2029,117,1202.0
A-n32-k5,WOA,3,2029,118,1202.0
A-n32-k5,WOA,3,2029,119,1202.0
A-n32-k5,WOA,3,2029,120,1202.0
A-n32-k5,WOA,3,2029,121,1202.0
A-n32-k5,WOA,3,2029,122,1202.0
A-n32-k5,WOA,3,2029,123,1202.0
A-n32-k5,WOA,3,2029,124,1202.0
A-n32-k5,WOA,3,2029,125,1202.0
A-n32-k5,WOA,3,2029,126,1202.0
A-n32-k5,WOA,3,2029,127,1202.0
A-n32-k5,WOA,3,2029,128,1202.0
A-n32-k5,WOA,3,2029,129,1202.0
A-n32-k5,WOA,3,2029,130,1202.0
A-n32-k5,WOA,3,2029,131,1202.0
A-n32-k5,WOA,3,2029,132,1202.0
A-n32-k5,WOA,3,2029,133,1202.0
A-n32-k5,WOA,3,2029,134,1202.0
A-n32-k5,WOA,3,2029,135,1202.0
A-n32-k5,WOA,3,2029,136,1202.0
A-n32-k5,WOA,3,2029,137,1202.0
A-n32-k5,WOA,3,2029,138,1202.0
A-n32-k5,WOA,3,2029,139,1202.0
A-n32-k5,WOA,3,2029,140,1202.0
A-n32-k5,WOA,3,2029,141,1202.0
A-n32-k5,WOA,3,2029,142,1202.0
A-n32-k5,WOA,3,2029,143,1202.0
A-n32-k5,WOA,3,2029,144,1202.0
A-n32-k5,WOA,3,2029,145,1202.0
A-n32-k5,WOA,3,2029,146,1202.0
A-n32-k5,WOA,3,2029,147,1202.0
A-n32-k5,WOA,3,2029,148,1202.0
A-n32-k5,WOA,3,2029,149,1202.0
A-n32-k5,WOA,3,2029,150,1202.0
A-n32-k5,WOA,3,2029,151,1202.0
A-n32-k5,WOA,3,2029,152,1202.0
A-n32-k5,WOA,3,2029,153,1202.0
A-n32-k5,WOA,3,2029,154,1202.0
A-n32-k5,WOA,3,2029,155,1202.0
A-n32-k5,WOA,3,2029,156,1202.0
A-n32-k5,WOA,3,2029,157,1202.0
A-n32-k5,WOA,3,2029,158,1202.0
A-n32-k5,WOA,3,2029,159,1202.0
A-n32-k5,WOA,3,2029,160,1202.0
A-n32-k5,WOA,3,2029,161,1202.0
A-n32-k5,WOA,3,2029,162,1202.0
A-n32-k5,WOA,3,2029,163,1202.0
A-n32-k5,WOA,3,2029,164,1202.0
A-n32-k5,WOA,3,2029,165,1202.0
A-n32-k5,WOA,3,2029,166,1202.0
A-n32-k5,WOA,3,2029,167,1202.0
A-n32-k5,WOA,3,2029,168,1202.0
A-n32-k5,WOA,3,2029,169,1202.0
A-n32-k5,WOA,3,2029,170,1202.0
A-n32-k5,WOA,3,2029,171,1202.0
A-n32-k5,WOA,3,2029,172,1202.0
A-n32-k5,WOA,3,2029,173,1202.0
A-n32-k5,WOA,3,2029,174,1202.0
A-n32-k5,WOA,3,2029,175,1202.0
A-n32-k5,WOA,3,2029,176,1202.0
A-n32-k5,WOA,3,2029,177,1202.0
A-n32-k5,WOA,3,2029,178,1202.0
A-n32-k5,WOA,3,2029,179,1202.0
A-n32-k5,WOA,3,2029,180,1202.0
A-n32-k5,WOA,3,2029,181,1202.0
A-n32-k5,WOA,3,2029,182,1202.0
A-n32-k5,WOA,3,2029,183,1202.0
A-n32-k5,WOA,3,2029,184,1202.0
A-n32-k5,WOA,3,2029,185,1202.0
A-n32-k5,WOA,3,2029,186,1202.0
A-n32-k5,WOA,3,2029,187,1202.0
A-n32-k5,WOA,3,2029,188,1202.0
A-n32-k5,WOA,3,2029,189,1202.0
A-n32-k5,WOA,3,2029,190,1202.0
A-n32-k5,WOA,3,2029,191,1202.0
A-n32-k5,WOA,3,2029,192,1202.0
A-n32-k5,WOA,3,2029,193,1202.0
A-n32-k5,WOA,3,2029,194,1202.0
A-n32-k5,WOA,3,2029,195,1202.0
A-n32-k5,WOA,3,2029,196,1202.0
A-n32-k5,WOA,3,2029,197,1202.0
A-n32-k5,WOA,3,2029,198,1202.0
A-n32-k5,WOA,3,2029,199,1202.0
A-n32-k5,WOA,3,2029,200,1202.0
A-n32-k5,SSA,1,3027,1,1819.0
A-n32-k5,SSA,1,3027,2,1819.0
A-n32-k5,SSA,1,3027,3,1698.0
A-n32-k5,SSA,1,3027,4,1698.0
A-n32-k5,SSA,1,3027,5,1698.0
A-n32-k5,SSA,1,3027,6,1698.0
A-n32-k5,SSA,1,3027,7,1698.0
A-n32-k5,SSA,1,3027,8,1698.0
A-n32-k5,SSA,1,3027,9,1698.0
A-n32-k5,SSA,1,3027,10,1698.0
A-n32-k5,SSA,1,3027,11,1698.0
A-n32-k5,SSA,1,3027,12,1698.0
A-n32-k5,SSA,1,3027,13,1698.0
A-n32-k5,SSA,1,3027,14,1698.0
A-n32-k5,SSA,1,3027,15,1698.0
A-n32-k5,SSA,1,3027,16,1698.0
A-n32-k5,SSA,1,3027,17,1698.0
A-n32-k5,SSA,1,3027,18,1698.0
A-n32-k5,SSA,1,3027,19,1698.0
A-n32-k5,SSA,1,3027,20,1698.0
A-n32-k5,SSA,1,3027,21,1698.0
A-n32-k5,SSA,1,3027,22,1698.0
A-n32-k5,SSA,1,3027,23,1698.0
A-n32-k5,SSA,1,3027,24,1698.0
A-n32-k5,SSA,1,3027,25,1698.0
A-n32-k5,SSA,1,3027,26,1698.0
A-n32-k5,SSA,1,3027,27,1698.0
A-n32-k5,SSA,1,3027,28,1698.0
A-n32-k5,SSA,1,3027,29,1644.0
A-n32-k5,SSA,1,3027,30,1644.0
A-n32-k5,SSA,1,3027,31,1644.0
A-n32-k5,SSA,1,3027,32,1644.0
A-n32-k5,SSA,1,3027,33,1644.0
A-n32-k5,SSA,1,3027,34,1644.0
A-n32-k5,SSA,1,3027,35,1644.0
A-n32-k5,SSA,1,3027,36,1580.0
A-n32-k5,SSA,1,3027,37,1580.0
A-n32-k5,SSA,1,3027,38,1580.0
A-n32-k5,SSA,1,3027,39,1580.0
A-n32-k5,SSA,1,3027,40,1580.0
A-n32-k5,SSA,1,3027,41,1580.0
A-n32-k5,SSA,1,3027,42,1580.0
A-n32-k5,SSA,1,3027,43,1580.0
A-n32-k5,SSA,1,3027,44,1580.0
A-n32-k5,SSA,1,3027,45,1580.0
A-n32-k5,SSA,1,3027,46,1580.0
A-n32-k5,SSA,1,3027,47,1580.0
A-n32-k5,SSA,1,3027,48,1580.0
A-n32-k5,SSA,1,3027,49,1580.0
A-n32-k5,SSA,1,3027,50,1580.0
A-n32-k5,SSA,1,3027,51,1580.0
A-n32-k5,SSA,1,3027,52,1580.0
A-n32-k5,SSA,1,3027,53,1580.0
A-n32-k5,SSA,1,3027,54,1580.0
A-n32-k5,SSA,1,3027,55,1580.0
A-n32-k5,SSA,1,3027,56,1580.0
A-n32-k5,SSA,1,3027,57,1580.0
A-n32-k5,SSA,1,3027,58,1580.0
A-n32-k5,SSA,1,3027,59,1580.0
A-n32-k5,SSA,1,3027,60,1580.0
A-n32-k5,SSA,1,3027,61,1580.0
A-n32-k5,SSA,1,3027,62,1580.0
A-n32-k5,SSA,1,3027,63,1580.0
A-n32-k5,SSA,1,3027,64,1580.0
A-n32-k5,SSA,1,3027,65,1580.0
A-n32-k5,SSA,1,3027,66,1580.0
A-n32-k5,SSA,1,3027,67,1580.0
A-n32-k5,SSA,1,3027,68,1580.0
A-n32-k5,SSA,1,3027,69,1580.0
A-n32-k5,SSA,1,3027,70,1580.0
A-n32-k5,SSA,1,3027,71,1580.0
A-n32-k5,SSA,1,3027,72,1580.0
A-n32-k5,SSA,1,3027,73,1580.0
A-n32-k5,SSA,1,3027,74,1580.0
A-n32-k5,SSA,1,3027,75,1580.0
A-n32-k5,SSA,1,3027,76,1580.0
A-n32-k5,SSA,1,3027,77,1580.0
A-n32-k5,SSA,1,3027,78,1580.0
A-n32-k5,SSA,1,3027,79,1580.0
A-n32-k5,SSA,1,3027,80,1580.0
A-n32-k5,SSA,1,3027,81,1580.0
A-n32-k5,SSA,1,3027,82,1580.0
A-n32-k5,SSA,1,3027,83,1580.0
A-n32-k5,SSA,1,3027,84,1580.0
A-n32-k5,SSA,1,3027,85,1580.0
A-n32-k5,SSA,1,3027,86,1580.0
A-n32-k5,SSA,1,3027,87,1580.0
A-n32-k5,SSA,1,3027,88,1580.0
A-n32-k5,SSA,1,3027,89,1580.0
A-n32-k5,SSA,1,3027,90,1580.0
A-n32-k5,SSA,1,3027,91,1580.0
A-n32-k5,SSA,1,3027,92,1580.0
A-n32-k5,SSA,1,3027,93,1580.0
A-n32-k5,SSA,1,3027,94,1580.0
A-n32-k5,SSA,1,3027,95,1580.0
A-n32-k5,SSA,1,3027,96,1580.0
A-n32-k5,SSA,1,3027,97,1580.0
A-n32-k5,SSA,1,3027,98,1580.0
A-n32-k5,SSA,1,3027,99,1514.0
A-n32-k5,SSA,1,3027,100,1514.0
A-n32-k5,SSA,1,3027,101,1514.0
A-n32-k5,SSA,1,3027,102,1514.0
A-n32-k5,SSA,1,3027,103,1514.0
A-n32-k5,SSA,1,3027,104,1514.0
A-n32-k5,SSA,1,3027,105,1514.0
A-n32-k5,SSA,1,3027,106,1514.0
A-n32-k5,SSA,1,3027,107,1514.0
A-n32-k5,SSA,1,3027,108,1514.0
A-n32-k5,SSA,1,3027,109,1514.0
A-n32-k5,SSA,1,3027,110,1514.0
A-n32-k5,SSA,1,3027,111,1514.0
A-n32-k5,SSA,1,3027,112,1514.0
A-n32-k5,SSA,1,3027,113,1502.0
A-n32-k5,SSA,1,3027,114,1502.0
A-n32-k5,SSA,1,3027,115,1502.0
A-n32-k5,SSA,1,3027,116,1502.0
A-n32-k5,SSA,1,3027,117,1502.0
A-n32-k5,SSA,1,3027,118,1502.0
A-n32-k5,SSA,1,3027,119,1502.0
A-n32-k5,SSA,1,3027,120,1502.0
A-n32-k5,SSA,1,3027,121,1502.0
A-n32-k5,SSA,1,3027,122,1502.0
A-n32-k5,SSA,1,3027,123,1502.0
A-n32-k5,SSA,1,3027,124,1502.0
A-n32-k5,SSA,1,3027,125,1502.0
A-n32-k5,SSA,1,3027,126,1502.0
A-n32-k5,SSA,1,3027,127,1502.0
A-n32-k5,SSA,1,3027,128,1502.0
A-n32-k5,SSA,1,3027,129,1502.0
A-n32-k5,SSA,1,3027,130,1502.0
A-n32-k5,SSA,1,3027,131,1502.0
A-n32-k5,SSA,1,3027,132,1502.0
A-n32-k5,SSA,1,3027,133,1502.0
A-n32-k5,SSA,1,3027,134,1502.0
A-n32-k5,SSA,1,3027,135,1502.0
A-n32-k5,SSA,1,3027,136,1502.0
A-n32-k5,SSA,1,3027,137,1502.0
A-n32-k5,SSA,1,3027,138,1502.0
A-n32-k5,SSA,1,3027,139,1502.0
A-n32-k5,SSA,1,3027,140,1502.0
A-n32-k5,SSA,1,3027,141,1502.0
A-n32-k5,SSA,1,3027,142,1502.0
A-n32-k5,SSA,1,3027,143,1502.0
A-n32-k5,SSA,1,3027,144,1502.0
A-n32-k5,SSA,1,3027,145,1502.0
A-n32-k5,SSA,1,3027,146,1502.0
A-n32-k5,SSA,1,3027,147,1502.0
A-n32-k5,SSA,1,3027,148,1502.0
A-n32-k5,SSA,1,3027,149,1502.0
A-n32-k5,SSA,1,3027,150,1502.0
A-n32-k5,SSA,1,3027,151,1502.0
A-n32-k5,SSA,1,3027,152,1502.0
A-n32-k5,SSA,1,3027,153,1502.0
A-n32-k5,SSA,1,3027,154,1502.0
A-n32-k5,SSA,1,3027,155,1502.0
A-n32-k5,SSA,1,3027,156,1502.0
A-n32-k5,SSA,1,3027,157,1502.0
A-n32-k5,SSA,1,3027,158,1502.0
A-n32-k5,SSA,1,3027,159,1502.0
A-n32-k5,SSA,1,3027,160,1502.0
A-n32-k5,SSA,1,3027,161,1502.0
A-n32-k5,SSA,1,3027,162,1502.0
A-n32-k5,SSA,1,3027,163,1502.0
A-n32-k5,SSA,1,3027,164,1502.0
A-n32-k5,SSA,1,3027,165,1502.0
A-n32-k5,SSA,1,3027,166,1502.0
A-n32-k5,SSA,1,3027,167,1502.0
A-n32-k5,SSA,1,3027,168,1502.0
A-n32-k5,SSA,1,3027,169,1502.0
A-n32-k5,SSA,1,3027,170,1502.0
A-n32-k5,SSA,1,3027,171,1502.0
A-n32-k5,SSA,1,3027,172,1502.0
A-n32-k5,SSA,1,3027,173,1502.0
A-n32-k5,SSA,1,3027,174,1502.0
A-n32-k5,SSA,1,3027,175,1502.0
A-n32-k5,SSA,1,3027,176,1502.0
A-n32-k5,SSA,1,3027,177,1502.0
A-n32-k5,SSA,1,3027,178,1502.0
A-n32-k5,SSA,1,3027,179,1502.0
A-n32-k5,SSA,1,3027,180,1502.0
A-n32-k5,SSA,1,3027,181,1502.0
A-n32-k5,SSA,1,3027,182,1502.0
A-n32-k5,SSA,1,3027,183,1502.0
A-n32-k5,SSA,1,3027,184,1502.0
A-n32-k5,SSA,1,3027,185,1502.0
A-n32-k5,SSA,1,3027,186,1502.0
A-n32-k5,SSA,1,3027,187,1502.0
A-n32-k5,SSA,1,3027,188,1502.0
A-n32-k5,SSA,1,3027,189,1502.0
A-n32-k5,SSA,1,3027,190,1502.0
A-n32-k5,SSA,1,3027,191,1502.0
A-n32-k5,SSA,1,3027,192,1502.0
A-n32-k5,SSA,1,3027,193,1502.0
A-n32-k5,SSA,1,3027,194,1502.0
A-n32-k5,SSA,1,3027,195,1502.0
A-n32-k5,SSA,1,3027,196,1502.0
A-n32-k5,SSA,1,3027,197,1502.0
A-n32-k5,SSA,1,3027,198,1502.0
A-n32-k5,SSA,1,3027,199,1502.0
A-n32-k5,SSA,1,3027,200,1502.0
A-n32-k5,SSA,2,3028,1,1735.0
A-n32-k5,SSA,2,3028,2,1735.0
A-n32-k5,SSA,2,3028,3,1735.0
A-n32-k5,SSA,2,3028,4,1735.0
A-n32-k5,SSA,2,3028,5,1735.0
A-n32-k5,SSA,2,3028,6,1735.0
A-n32-k5,SSA,2,3028,7,1735.0
A-n32-k5,SSA,2,3028,8,1735.0
A-n32-k5,SSA,2,3028,9,1735.0
A-n32-k5,SSA,2,3028,10,1735.0
A-n32-k5,SSA,2,3028,11,1735.0
A-n32-k5,SSA,2,3028,12,1735.0
A-n32-k5,SSA,2,3028,13,1735.0
A-n32-k5,SSA,2,3028,14,1735.0
A-n32-k5,SSA,2,3028,15,1735.0
A-n32-k5,SSA,2,3028,16,1735.0
A-n32-k5,SSA,2,3028,17,1735.0
A-n32-k5,SSA,2,3028,18,1735.0
A-n32-k5,SSA,2,3028,19,1735.0
A-n32-k5,SSA,2,3028,20,1735.0
A-n32-k5,SSA,2,3028,21,1735.0
A-n32-k5,SSA,2,3028,22,1735.0
A-n32-k5,SSA,2,3028,23,1735.0
A-n32-k5,SSA,2,3028,24,1735.0
A-n32-k5,SSA,2,3028,25,1735.0
A-n32-k5,SSA,2,3028,26,1735.0
A-n32-k5,SSA,2,3028,27,1735.0
A-n32-k5,SSA,2,3028,28,1735.0
A-n32-k5,SSA,2,3028,29,1735.0
A-n32-k5,SSA,2,3028,30,1735.0
A-n32-k5,SSA,2,3028,31,1735.0
A-n32-k5,SSA,2,3028,32,1735.0
A-n32-k5,SSA,2,3028,33,1735.0
A-n32-k5,SSA,2,3028,34,1655.0
A-n32-k5,SSA,2,3028,35,1655.0
A-n32-k5,SSA,2,3028,36,1655.0
A-n32-k5,SSA,2,3028,37,1655.0
A-n32-k5,SSA,2,3028,38,1655.0
A-n32-k5,SSA,2,3028,39,1655.0
A-n32-k5,SSA,2,3028,40,1655.0
A-n32-k5,SSA,2,3028,41,1655.0
A-n32-k5,SSA,2,3028,42,1655.0
A-n32-k5,SSA,2,3028,43,1655.0
A-n32-k5,SSA,2,3028,44,1655.0
A-n32-k5,SSA,2,3028,45,1655.0
A-n32-k5,SSA,2,3028,46,1655.0
A-n32-k5,SSA,2,3028,47,1655.0
A-n32-k5,SSA,2,3028,48,1655.0
A-n32-k5,SSA,2,3028,49,1655.0
A-n32-k5,SSA,2,3028,50,1655.0
A-n32-k5,SSA,2,3028,51,1655.0
A-n32-k5,SSA,2,3028,52,1655.0
A-n32-k5,SSA,2,3028,53,1655.0
A-n32-k5,SSA,2,3028,54,1655.0
A-n32-k5,SSA,2,3028,55,1655.0
A-n32-k5,SSA,2,3028,56,1655.0
A-n32-k5,SSA,2,3028,57,1655.0
A-n32-k5,SSA,2,3028,58,1655.0
A-n32-k5,SSA,2,3028,59,1655.0
A-n32-k5,SSA,2,3028,60,1617.0
A-n32-k5,SSA,2,3028,61,1617.0
A-n32-k5,SSA,2,3028,62,1617.0
A-n32-k5,SSA,2,3028,63,1617.0
A-n32-k5,SSA,2,3028,64,1617.0
A-n32-k5,SSA,2,3028,65,1617.0
A-n32-k5,SSA,2,3028,66,1597.0
A-n32-k5,SSA,2,3028,67,1597.0
A-n32-k5,SSA,2,3028,68,1597.0
A-n32-k5,SSA,2,3028,69,1597.0
A-n32-k5,SSA,2,3028,70,1597.0
A-n32-k5,SSA,2,3028,71,1597.0
A-n32-k5,SSA,2,3028,72,1597.0
A-n32-k5,SSA,2,3028,73,1597.0
A-n32-k5,SSA,2,3028,74,1597.0
A-n32-k5,SSA,2,3028,75,1597.0
A-n32-k5,SSA,2,3028,76,1597.0
A-n32-k5,SSA,2,3028,77,1597.0
A-n32-k5,SSA,2,3028,78,1597.0
A-n32-k5,SSA,2,3028,79,1597.0
A-n32-k5,SSA,2,3028,80,1597.0
A-n32-k5,SSA,2,3028,81,1546.0
A-n32-k5,SSA,2,3028,82,1546.0
A-n32-k5,SSA,2,3028,83,1546.0
A-n32-k5,SSA,2,3028,84,1546.0
A-n32-k5,SSA,2,3028,85,1546.0
A-n32-k5,SSA,2,3028,86,1546.0
A-n32-k5,SSA,2,3028,87,1546.0
A-n32-k5,SSA,2,3028,88,1546.0
A-n32-k5,SSA,2,3028,89,1546.0
A-n32-k5,SSA,2,3028,90,1546.0
A-n32-k5,SSA,2,3028,91,1546.0
A-n32-k5,SSA,2,3028,92,1546.0
A-n32-k5,SSA,2,3028,93,1546.0
A-n32-k5,SSA,2,3028,94,1546.0
A-n32-k5,SSA,2,3028,95,1546.0
A-n32-k5,SSA,2,3028,96,1546.0
A-n32-k5,SSA,2,3028,97,1546.0
A-n32-k5,SSA,2,3028,98,1546.0
A-n32-k5,SSA,2,3028,99,1546.0
A-n32-k5,SSA,2,3028,100,1546.0
A-n32-k5,SSA,2,3028,101,1546.0
A-n32-k5,SSA,2,3028,102,1546.0
A-n32-k5,SSA,2,3028,103,1546.0
A-n32-k5,SSA,2,3028,104,1546.0
A-n32-k5,SSA,2,3028,105,1546.0
A-n32-k5,SSA,2,3028,106,1546.0
A-n32-k5,SSA,2,3028,107,1546.0
A-n32-k5,SSA,2,3028,108,1546.0
A-n32-k5,SSA,2,3028,109,1546.0
A-n32-k5,SSA,2,3028,110,1546.0
A-n32-k5,SSA,2,3028,111,1546.0
A-n32-k5,SSA,2,3028,112,1546.0
A-n32-k5,SSA,2,3028,113,1545.0
A-n32-k5,SSA,2,3028,114,1545.0
A-n32-k5,SSA,2,3028,115,1545.0
A-n32-k5,SSA,2,3028,116,1545.0
A-n32-k5,SSA,2,3028,117,1545.0
A-n32-k5,SSA,2,3028,118,1545.0
A-n32-k5,SSA,2,3028,119,1545.0
A-n32-k5,SSA,2,3028,120,1545.0
A-n32-k5,SSA,2,3028,121,1545.0
A-n32-k5,SSA,2,3028,122,1545.0
A-n32-k5,SSA,2,3028,123,1545.0
A-n32-k5,SSA,2,3028,124,1545.0
A-n32-k5,SSA,2,3028,125,1545.0
A-n32-k5,SSA,2,3028,126,1545.0
A-n32-k5,SSA,2,3028,127,1545.0
A-n32-k5,SSA,2,3028,128,1545.0
A-n32-k5,SSA,2,3028,129,1545.0
A-n32-k5,SSA,2,3028,130,1545.0
A-n32-k5,SSA,2,3028,131,1545.0
A-n32-k5,SSA,2,3028,132,1545.0
A-n32-k5,SSA,2,3028,133,1545.0
A-n32-k5,SSA,2,3028,134,1545.0
A-n32-k5,SSA,2,3028,135,1545.0
A-n32-k5,SSA,2,3028,136,1545.0
A-n32-k5,SSA,2,3028,137,1545.0
A-n32-k5,SSA,2,3028,138,1545.0
A-n32-k5,SSA,2,3028,139,1545.0
A-n32-k5,SSA,2,3028,140,1545.0
A-n32-k5,SSA,2,3028,141,1545.0
A-n32-k5,SSA,2,3028,142,1545.0
A-n32-k5,SSA,2,3028,143,1545.0
A-n32-k5,SSA,2,3028,144,1545.0
A-n32-k5,SSA,2,3028,145,1545.0
A-n32-k5,SSA,2,3028,146,1545.0
A-n32-k5,SSA,2,3028,147,1545.0
A-n32-k5,SSA,2,3028,148,1545.0
A-n32-k5,SSA,2,3028,149,1545.0
A-n32-k5,SSA,2,3028,150,1545.0
A-n32-k5,SSA,2,3028,151,1545.0
A-n32-k5,SSA,2,3028,152,1545.0
A-n32-k5,SSA,2,3028,153,1545.0
A-n32-k5,SSA,2,3028,154,1545.0
A-n32-k5,SSA,2,3028,155,1545.0
A-n32-k5,SSA,2,3028,156,1545.0
A-n32-k5,SSA,2,3028,157,1545.0
A-n32-k5,SSA,2,3028,158,1545.0
A-n32-k5,SSA,2,3028,159,1545.0
A-n32-k5,SSA,2,3028,160,1545.0
A-n32-k5,SSA,2,3028,161,1545.0
A-n32-k5,SSA,2,3028,162,1545.0
A-n32-k5,SSA,2,3028,163,1545.0
A-n32-k5,SSA,2,3028,164,1545.0
A-n32-k5,SSA,2,3028,165,1545.0
A-n32-k5,SSA,2,3028,166,1545.0
A-n32-k5,SSA,2,3028,167,1545.0
A-n32-k5,SSA,2,3028,168,1545.0
A-n32-k5,SSA,2,3028,169,1545.0
A-n32-k5,SSA,2,3028,170,1545.0
A-n32-k5,SSA,2,3028,171,1545.0
A-n32-k5,SSA,2,3028,172,1545.0
A-n32-k5,SSA,2,3028,173,1545.0
A-n32-k5,SSA,2,3028,174,1545.0
A-n32-k5,SSA,2,3028,175,1545.0
A-n32-k5,SSA,2,3028,176,1545.0
A-n32-k5,SSA,2,3028,177,1545.0
A-n32-k5,SSA,2,3028,178,1545.0
A-n32-k5,SSA,2,3028,179,1545.0
A-n32-k5,SSA,2,3028,180,1545.0
A-n32-k5,SSA,2,3028,181,1545.0
A-n32-k5,SSA,2,3028,182,1545.0
A-n32-k5,SSA,2,3028,183,1545.0
A-n32-k5,SSA,2,3028,184,1545.0
A-n32-k5,SSA,2,3028,185,1545.0
A-n32-k5,SSA,2,3028,186,1545.0
A-n32-k5,SSA,2,3028,187,1545.0
A-n32-k5,SSA,2,3028,188,1545.0
A-n32-k5,SSA,2,3028,189,1545.0
A-n32-k5,SSA,2,3028,190,1545.0
A-n32-k5,SSA,2,3028,191,1545.0
A-n32-k5,SSA,2,3028,192,1545.0
A-n32-k5,SSA,2,3028,193,1545.0
A-n32-k5,SSA,2,3028,194,1545.0
A-n32-k5,SSA,2,3028,195,1545.0
A-n32-k5,SSA,2,3028,196,1545.0
A-n32-k5,SSA,2,3028,197,1545.0
A-n32-k5,SSA,2,3028,198,1545.0
A-n32-k5,SSA,2,3028,199,1545.0
A-n32-k5,SSA,2,3028,200,1545.0
A-n32-k5,SSA,3,3029,1,1922.0
A-n32-k5,SSA,3,3029,2,1919.0
A-n32-k5,SSA,3,3029,3,1749.0
A-n32-k5,SSA,3,3029,4,1749.0
A-n32-k5,SSA,3,3029,5,1749.0
A-n32-k5,SSA,3,3029,6,1749.0
A-n32-k5,SSA,3,3029,7,1748.0
A-n32-k5,SSA,3,3029,8,1748.0
A-n32-k5,SSA,3,3029,9,1718.0
A-n32-k5,SSA,3,3029,10,1718.0
A-n32-k5,SSA,3,3029,11,1718.0
A-n32-k5,SSA,3,3029,12,1718.0
A-n32-k5,SSA,3,3029,13,1718.0
A-n32-k5,SSA,3,3029,14,1718.0
A-n32-k5,SSA,3,3029,15,1718.0
A-n32-k5,SSA,3,3029,16,1718.0
A-n32-k5,SSA,3,3029,17,1718.0
A-n32-k5,SSA,3,3029,18,1718.0
A-n32-k5,SSA,3,3029,19,1718.0
A-n32-k5,SSA,3,3029,20,1718.0
A-n32-k5,SSA,3,3029,21,1718.0
A-n32-k5,SSA,3,3029,22,1718.0
A-n32-k5,SSA,3,3029,23,1718.0
A-n32-k5,SSA,3,3029,24,1718.0
A-n32-k5,SSA,3,3029,25,1718.0
A-n32-k5,SSA,3,3029,26,1718.0
A-n32-k5,SSA,3,3029,27,1718.0
A-n32-k5,SSA,3,3029,28,1718.0
A-n32-k5,SSA,3,3029,29,1718.0
A-n32-k5,SSA,3,3029,30,1718.0
A-n32-k5,SSA,3,3029,31,1718.0
A-n32-k5,SSA,3,3029,32,1718.0
A-n32-k5,SSA,3,3029,33,1633.0
A-n32-k5,SSA,3,3029,34,1633.0
A-n32-k5,SSA,3,3029,35,1633.0
A-n32-k5,SSA,3,3029,36,1633.0
A-n32-k5,SSA,3,3029,37,1633.0
A-n32-k5,SSA,3,3029,38,1633.0
A-n32-k5,SSA,3,3029,39,1633.0
A-n32-k5,SSA,3,3029,40,1633.0
A-n32-k5,SSA,3,3029,41,1633.0
A-n32-k5,SSA,3,3029,42,1633.0
A-n32-k5,SSA,3,3029,43,1633.0
A-n32-k5,SSA,3,3029,44,1633.0
A-n32-k5,SSA,3,3029,45,1633.0
A-n32-k5,SSA,3,3029,46,1633.0
A-n32-k5,SSA,3,3029,47,1633.0
A-n32-k5,SSA,3,3029,48,1633.0
A-n32-k5,SSA,3,3029,49,1633.0
A-n32-k5,SSA,3,3029,50,1633.0
A-n32-k5,SSA,3,3029,51,1633.0
A-n32-k5,SSA,3,3029,52,1633.0
A-n32-k5,SSA,3,3029,53,1633.0
A-n32-k5,SSA,3,3029,54,1633.0
A-n32-k5,SSA,3,3029,55,1633.0
A-n32-k5,SSA,3,3029,56,1633.0
A-n32-k5,SSA,3,3029,57,1633.0
A-n32-k5,SSA,3,3029,58,1633.0
A-n32-k5,SSA,3,3029,59,1633.0
A-n32-k5,SSA,3,3029,60,1633.0
A-n32-k5,SSA,3,3029,61,1633.0
A-n32-k5,SSA,3,3029,62,1633.0
A-n32-k5,SSA,3,3029,63,1633.0
A-n32-k5,SSA,3,3029,64,1633.0
A-n32-k5,SSA,3,3029,65,1633.0
A-n32-k5,SSA,3,3029,66,1633.0
A-n32-k5,SSA,3,3029,67,1633.0
A-n32-k5,SSA,3,3029,68,1633.0
A-n32-k5,SSA,3,3029,69,1633.0
A-n32-k5,SSA,3,3029,70,1633.0
A-n32-k5,SSA,3,3029,71,1633.0
A-n32-k5,SSA,3,3029,72,1633.0
A-n32-k5,SSA,3,3029,73,1633.0
A-n32-k5,SSA,3,3029,74,1633.0
A-n32-k5,SSA,3,3029,75,1633.0
A-n32-k5,SSA,3,3029,76,1633.0
A-n32-k5,SSA,3,3029,77,1633.0
A-n32-k5,SSA,3,3029,78,1633.0
A-n32-k5,SSA,3,3029,79,1633.0
A-n32-k5,SSA,3,3029,80,1633.0
A-n32-k5,SSA,3,3029,81,1633.0
A-n32-k5,SSA,3,3029,82,1633.0
A-n32-k5,SSA,3,3029,83,1633.0
A-n32-k5,SSA,3,3029,84,1633.0
A-n32-k5,SSA,3,3029,85,1633.0
A-n32-k5,SSA,3,3029,86,1633.0
A-n32-k5,SSA,3,3029,87,1633.0
A-n32-k5,SSA,3,3029,88,1633.0
A-n32-k5,SSA,3,3029,89,1633.0
A-n32-k5,SSA,3,3029,90,1633.0
A-n32-k5,SSA,3,3029,91,1633.0
A-n32-k5,SSA,3,3029,92,1633.0
A-n32-k5,SSA,3,3029,93,1633.0
A-n32-k5,SSA,3,3029,94,1633.0
A-n32-k5,SSA,3,3029,95,1633.0
A-n32-k5,SSA,3,3029,96,1633.0
A-n32-k5,SSA,3,3029,97,1633.0
A-n32-k5,SSA,3,3029,98,1633.0
A-n32-k5,SSA,3,3029,99,1633.0
A-n32-k5,SSA,3,3029,100,1633.0
A-n32-k5,SSA,3,3029,101,1633.0
A-n32-k5,SSA,3,3029,102,1633.0
A-n32-k5,SSA,3,3029,103,1633.0
A-n32-k5,SSA,3,3029,104,1633.0
A-n32-k5,SSA,3,3029,105,1633.0
A-n32-k5,SSA,3,3029,106,1633.0
A-n32-k5,SSA,3,3029,107,1633.0
A-n32-k5,SSA,3,3029,108,1633.0
A-n32-k5,SSA,3,3029,109,1633.0
A-n32-k5,SSA,3,3029,110,1633.0
A-n32-k5,SSA,3,3029,111,1633.0
A-n32-k5,SSA,3,3029,112,1633.0
A-n32-k5,SSA,3,3029,113,1633.0
A-n32-k5,SSA,3,3029,114,1633.0
A-n32-k5,SSA,3,3029,115,1633.0
A-n32-k5,SSA,3,3029,116,1633.0
A-n32-k5,SSA,3,3029,117,1633.0
A-n32-k5,SSA,3,3029,118,1633.0
A-n32-k5,SSA,3,3029,119,1633.0
A-n32-k5,SSA,3,3029,120,1633.0
A-n32-k5,SSA,3,3029,121,1633.0
A-n32-k5,SSA,3,3029,122,1633.0
A-n32-k5,SSA,3,3029,123,1633.0
A-n32-k5,SSA,3,3029,124,1633.0
A-n32-k5,SSA,3,3029,125,1633.0
A-n32-k5,SSA,3,3029,126,1633.0
A-n32-k5,SSA,3,3029,127,1633.0
A-n32-k5,SSA,3,3029,128,1633.0
A-n32-k5,SSA,3,3029,129,1633.0
A-n32-k5,SSA,3,3029,130,1630.0
A-n32-k5,SSA,3,3029,131,1616.0
A-n32-k5,SSA,3,3029,132,1616.0
A-n32-k5,SSA,3,3029,133,1616.0
A-n32-k5,SSA,3,3029,134,1616.0
A-n32-k5,SSA,3,3029,135,1616.0
A-n32-k5,SSA,3,3029,136,1616.0
A-n32-k5,SSA,3,3029,137,1616.0
A-n32-k5,SSA,3,3029,138,1616.0
A-n32-k5,SSA,3,3029,139,1616.0
A-n32-k5,SSA,3,3029,140,1616.0
A-n32-k5,SSA,3,3029,141,1616.0
A-n32-k5,SSA,3,3029,142,1616.0
A-n32-k5,SSA,3,3029,143,1616.0
A-n32-k5,SSA,3,3029,144,1616.0
A-n32-k5,SSA,3,3029,145,1616.0
A-n32-k5,SSA,3,3029,146,1616.0
A-n32-k5,SSA,3,3029,147,1616.0
A-n32-k5,SSA,3,3029,148,1616.0
A-n32-k5,SSA,3,3029,149,1616.0
A-n32-k5,SSA,3,3029,150,1616.0
A-n32-k5,SSA,3,3029,151,1616.0
A-n32-k5,SSA,3,3029,152,1616.0
A-n32-k5,SSA,3,3029,153,1616.0
A-n32-k5,SSA,3,3029,154,1616.0
A-n32-k5,SSA,3,3029,155,1616.0
A-n32-k5,SSA,3,3029,156,1616.0
A-n32-k5,SSA,3,3029,157,1616.0
A-n32-k5,SSA,3,3029,158,1616.0
A-n32-k5,SSA,3,3029,159,1616.0
A-n32-k5,SSA,3,3029,160,1616.0
A-n32-k5,SSA,3,3029,161,1616.0
A-n32-k5,SSA,3,3029,162,1616.0
A-n32-k5,SSA,3,3029,163,1616.0
A-n32-k5,SSA,3,3029,164,1616.0
A-n32-k5,SSA,3,3029,165,1616.0
A-n32-k5,SSA,3,3029,166,1616.0
A-n32-k5,SSA,3,3029,167,1616.0
A-n32-k5,SSA,3,3029,168,1616.0
A-n32-k5,SSA,3,3029,169,1616.0
A-n32-k5,SSA,3,3029,170,1616.0
A-n32-k5,SSA,3,3029,171,1616.0
A-n32-k5,SSA,3,3029,172,1616.0
A-n32-k5,SSA,3,3029,173,1616.0
A-n32-k5,SSA,3,3029,174,1616.0
A-n32-k5,SSA,3,3029,175,1616.0
A-n32-k5,SSA,3,3029,176,1616.0
A-n32-k5,SSA,3,3029,177,1616.0
A-n32-k5,SSA,3,3029,178,1616.0
A-n32-k5,SSA,3,3029,179,1616.0
A-n32-k5,SSA,3,3029,180,1616.0
A-n32-k5,SSA,3,3029,181,1616.0
A-n32-k5,SSA,3,3029,182,1616.0
A-n32-k5,SSA,3,3029,183,1616.0
A-n32-k5,SSA,3,3029,184,1616.0
A-n32-k5,SSA,3,3029,185,1616.0
A-n32-k5,SSA,3,3029,186,1616.0
A-n32-k5,SSA,3,3029,187,1616.0
A-n32-k5,SSA,3,3029,188,1616.0
A-n32-k5,SSA,3,3029,189,1616.0
A-n32-k5,SSA,3,3029,190,1616.0
A-n32-k5,SSA,3,3029,191,1616.0
A-n32-k5,SSA,3,3029,192,1616.0
A-n32-k5,SSA,3,3029,193,1616.0
A-n32-k5,SSA,3,3029,194,1616.0
A-n32-k5,SSA,3,3029,195,1616.0
A-n32-k5,SSA,3,3029,196,1616.0
A-n32-k5,SSA,3,3029,197,1616.0
A-n32-k5,SSA,3,3029,198,1616.0
A-n32-k5,SSA,3,3029,199,1616.0
A-n32-k5,SSA,3,3029,200,1616.0
A-n32-k5,M-WOA,1,4027,1,1119.0
A-n32-k5,M-WOA,1,4027,2,1005.0
A-n32-k5,M-WOA,1,4027,3,972.0
A-n32-k5,M-WOA,1,4027,4,928.0
A-n32-k5,M-WOA,1,4027,5,914.0
A-n32-k5,M-WOA,1,4027,6,859.0
A-n32-k5,M-WOA,1,4027,7,836.0
A-n32-k5,M-WOA,1,4027,8,827.0
A-n32-k5,M-WOA,1,4027,9,807.0
A-n32-k5,M-WOA,1,4027,10,789.0
A-n32-k5,M-WOA,1,4027,11,789.0
A-n32-k5,M-WOA,1,4027,12,787.0
A-n32-k5,M-WOA,1,4027,13,787.0
A-n32-k5,M-WOA,1,4027,14,787.0
A-n32-k5,M-WOA,1,4027,15,787.0
A-n32-k5,M-WOA,1,4027,16,787.0
A-n32-k5,M-WOA,1,4027,17,787.0
A-n32-k5,M-WOA,1,4027,18,787.0
A-n32-k5,M-WOA,1,4027,19,787.0
A-n32-k5,M-WOA,1,4027,20,784.0
A-n32-k5,M-WOA,1,4027,21,784.0
A-n32-k5,M-WOA,1,4027,22,784.0
A-n32-k5,M-WOA,1,4027,23,784.0
A-n32-k5,M-WOA,1,4027,24,784.0
A-n32-k5,M-WOA,1,4027,25,784.0
A-n32-k5,M-WOA,1,4027,26,784.0
A-n32-k5,M-WOA,1,4027,27,784.0
A-n32-k5,M-WOA,1,4027,28,784.0
A-n32-k5,M-WOA,1,4027,29,784.0
A-n32-k5,M-WOA,1,4027,30,784.0
A-n32-k5,M-WOA,1,4027,31,784.0
A-n32-k5,M-WOA,1,4027,32,784.0
A-n32-k5,M-WOA,1,4027,33,784.0
A-n32-k5,M-WOA,1,4027,34,784.0
A-n32-k5,M-WOA,1,4027,35,784.0
A-n32-k5,M-WOA,1,4027,36,784.0
A-n32-k5,M-WOA,1,4027,37,784.0
A-n32-k5,M-WOA,1,4027,38,784.0
A-n32-k5,M-WOA,1,4027,39,784.0
A-n32-k5,M-WOA,1,4027,40,784.0
A-n32-k5,M-WOA,1,4027,41,784.0
A-n32-k5,M-WOA,1,4027,42,784.0
A-n32-k5,M-WOA,1,4027,43,784.0
A-n32-k5,M-WOA,1,4027,44,784.0
A-n32-k5,M-WOA,1,4027,45,784.0
A-n32-k5,M-WOA,1,4027,46,784.0
A-n32-k5,M-WOA,1,4027,47,784.0
A-n32-k5,M-WOA,1,4027,48,784.0
A-n32-k5,M-WOA,1,4027,49,784.0
A-n32-k5,M-WOA,1,4027,50,784.0
A-n32-k5,M-WOA,1,4027,51,784.0
A-n32-k5,M-WOA,1,4027,52,784.0
A-n32-k5,M-WOA,1,4027,53,784.0
A-n32-k5,M-WOA,1,4027,54,784.0
A-n32-k5,M-WOA,1,4027,55,784.0
A-n32-k5,M-WOA,1,4027,56,784.0
A-n32-k5,M-WOA,1,4027,57,784.0
A-n32-k5,M-WOA,1,4027,58,784.0
A-n32-k5,M-WOA,1,4027,59,784.0
A-n32-k5,M-WOA,1,4027,60,784.0
A-n32-k5,M-WOA,1,4027,61,784.0
A-n32-k5,M-WOA,1,4027,62,784.0
A-n32-k5,M-WOA,1,4027,63,784.0
A-n32-k5,M-WOA,1,4027,64,784.0
A-n32-k5,M-WOA,1,4027,65,784.0
A-n32-k5,M-WOA,1,4027,66,784.0
A-n32-k5,M-WOA,1,4027,67,784.0
A-n32-k5,M-WOA,1,4027,68,784.0
A-n32-k5,M-WOA,1,4027,69,784.0
A-n32-k5,M-WOA,1,4027,70,784.0
A-n32-k5,M-WOA,1,4027,71,784.0
A-n32-k5,M-WOA,1,4027,72,784.0
A-n32-k5,M-WOA,1,4027,73,784.0
A-n32-k5,M-WOA,1,4027,74,784.0
A-n32-k5,M-WOA,1,4027,75,784.0
A-n32-k5,M-WOA,1,4027,76,784.0
A-n32-k5,M-WOA,1,4027,77,784.0
A-n32-k5,M-WOA,1,4027,78,784.0
A-n32-k5,M-WOA,1,4027,79,784.0
A-n32-k5,M-WOA,1,4027,80,784.0
A-n32-k5,M-WOA,1,4027,81,784.0
A-n32-k5,M-WOA,1,4027,82,784.0
A-n32-k5,M-WOA,1,4027,83,784.0
A-n32-k5,M-WOA,1,4027,84,784.0
A-n32-k5,M-WOA,1,4027,85,784.0
A-n32-k5,M-WOA,1,4027,86,784.0
A-n32-k5,M-WOA,1,4027,87,784.0
A-n32-k5,M-WOA,1,4027,88,784.0
A-n32-k5,M-WOA,1,4027,89,784.0
A-n32-k5,M-WOA,1,4027,90,784.0
A-n32-k5,M-WOA,1,4027,91,784.0
A-n32-k5,M-WOA,1,4027,92,784.0
A-n32-k5,M-WOA,1,4027,93,784.0
A-n32-k5,M-WOA,1,4027,94,784.0
A-n32-k5,M-WOA,1,4027,95,784.0
A-n32-k5,M-WOA,1,4027,96,784.0
A-n32-k5,M-WOA,1,4027,97,784.0
A-n32-k5,M-WOA,1,4027,98,784.0
A-n32-k5,M-WOA,1,4027,99,784.0
A-n32-k5,M-WOA,1,4027,100,784.0
A-n32-k5,M-WOA,1,4027,101,784.0
A-n32-k5,M-WOA,1,4027,102,784.0
A-n32-k5,M-WOA,1,4027,103,784.0
A-n32-k5,M-WOA,1,4027,104,784.0
A-n32-k5,M-WOA,1,4027,105,784.0
A-n32-k5,M-WOA,1,4027,106,784.0
A-n32-k5,M-WOA,1,4027,107,784.0
A-n32-k5,M-WOA,1,4027,108,784.0
A-n32-k5,M-WOA,1,4027,109,784.0
A-n32-k5,M-WOA,1,4027,110,784.0
A-n32-k5,M-WOA,1,4027,111,784.0
A-n32-k5,M-WOA,1,4027,112,784.0
A-n32-k5,M-WOA,1,4027,113,784.0
A-n32-k5,M-WOA,1,4027,114,784.0
A-n32-k5,M-WOA,1,4027,115,784.0
A-n32-k5,M-WOA,1,4027,116,784.0
A-n32-k5,M-WOA,1,4027,117,784.0
A-n32-k5,M-WOA,1,4027,118,784.0
A-n32-k5,M-WOA,1,4027,119,784.0
A-n32-k5,M-WOA,1,4027,120,784.0
A-n32-k5,M-WOA,1,4027,121,784.0
A-n32-k5,M-WOA,1,4027,122,784.0
A-n32-k5,M-WOA,1,4027,123,784.0
A-n32-k5,M-WOA,1,4027,124,784.0
A-n32-k5,M-WOA,1,4027,125,784.0
A-n32-k5,M-WOA,1,4027,126,784.0
A-n32-k5,M-WOA,1,4027,127,784.0
A-n32-k5,M-WOA,1,4027,128,784.0
A-n32-k5,M-WOA,1,4027,129,784.0
A-n32-k5,M-WOA,1,4027,130,784.0
A-n32-k5,M-WOA,1,4027,131,784.0
A-n32-k5,M-WOA,1,4027,132,784.0
A-n32-k5,M-WOA,1,4027,133,784.0
A-n32-k5,M-WOA,1,4027,134,784.0
A-n32-k5,M-WOA,1,4027,135,784.0
A-n32-k5,M-WOA,1,4027,136,784.0
A-n32-k5,M-WOA,1,4027,137,784.0
A-n32-k5,M-WOA,1,4027,138,784.0
A-n32-k5,M-WOA,1,4027,139,784.0
A-n32-k5,M-WOA,1,4027,140,784.0
A-n32-k5,M-WOA,1,4027,141,784.0
A-n32-k5,M-WOA,1,4027,142,784.0
A-n32-k5,M-WOA,1,4027,143,784.0
A-n32-k5,M-WOA,1,4027,144,784.0
A-n32-k5,M-WOA,1,4027,145,784.0
A-n32-k5,M-WOA,1,4027,146,784.0
A-n32-k5,M-WOA,1,4027,147,784.0
A-n32-k5,M-WOA,1,4027,148,784.0
A-n32-k5,M-WOA,1,4027,149,784.0
A-n32-k5,M-WOA,1,4027,150,784.0
A-n32-k5,M-WOA,1,4027,151,784.0
A-n32-k5,M-WOA,1,4027,152,784.0
A-n32-k5,M-WOA,1,4027,153,784.0
A-n32-k5,M-WOA,1,4027,154,784.0
A-n32-k5,M-WOA,1,4027,155,784.0
A-n32-k5,M-WOA,1,4027,156,784.0
A-n32-k5,M-WOA,1,4027,157,784.0
A-n32-k5,M-WOA,1,4027,158,784.0
A-n32-k5,M-WOA,1,4027,159,784.0
A-n32-k5,M-WOA,1,4027,160,784.0
A-n32-k5,M-WOA,1,4027,161,784.0
A-n32-k5,M-WOA,1,4027,162,784.0
A-n32-k5,M-WOA,1,4027,163,784.0
A-n32-k5,M-WOA,1,4027,164,784.0
A-n32-k5,M-WOA,1,4027,165,784.0
A-n32-k5,M-WOA,1,4027,166,784.0
A-n32-k5,M-WOA,1,4027,167,784.0
A-n32-k5,M-WOA,1,4027,168,784.0
A-n32-k5,M-WOA,1,4027,169,784.0
A-n32-k5,M-WOA,1,4027,170,784.0
A-n32-k5,M-WOA,1,4027,171,784.0
A-n32-k5,M-WOA,1,4027,172,784.0
A-n32-k5,M-WOA,1,4027,173,784.0
A-n32-k5,M-WOA,1,4027,174,784.0
A-n32-k5,M-WOA,1,4027,175,784.0
A-n32-k5,M-WOA,1,4027,176,784.0
A-n32-k5,M-WOA,1,4027,177,784.0
A-n32-k5,M-WOA,1,4027,178,784.0
A-n32-k5,M-WOA,1,4027,179,784.0
A-n32-k5,M-WOA,1,4027,180,784.0
A-n32-k5,M-WOA,1,4027,181,784.0
A-n32-k5,M-WOA,1,4027,182,784.0
A-n32-k5,M-WOA,1,4027,183,784.0
A-n32-k5,M-WOA,1,4027,184,784.0
A-n32-k5,M-WOA,1,4027,185,784.0
A-n32-k5,M-WOA,1,4027,186,784.0
A-n32-k5,M-WOA,1,4027,187,784.0
A-n32-k5,M-WOA,1,4027,188,784.0
A-n32-k5,M-WOA,1,4027,189,784.0
A-n32-k5,M-WOA,1,4027,190,784.0
A-n32-k5,M-WOA,1,4027,191,784.0
A-n32-k5,M-WOA,1,4027,192,784.0
A-n32-k5,M-WOA,1,4027,193,784.0
A-n32-k5,M-WOA,1,4027,194,784.0
A-n32-k5,M-WOA,1,4027,195,784.0
A-n32-k5,M-WOA,1,4027,196,784.0
A-n32-k5,M-WOA,1,4027,197,784.0
A-n32-k5,M-WOA,1,4027,198,784.0
A-n32-k5,M-WOA,1,4027,199,784.0
A-n32-k5,M-WOA,1,4027,200,784.0
A-n32-k5,M-WOA,2,4028,1,1119.0
A-n32-k5,M-WOA,2,4028,2,1029.0
A-n32-k5,M-WOA,2,4028,3,943.0
A-n32-k5,M-WOA,2,4028,4,932.0
A-n32-k5,M-WOA,2,4028,5,926.0
A-n32-k5,M-WOA,2,4028,6,853.0
A-n32-k5,M-WOA,2,4028,7,853.0
A-n32-k5,M-WOA,2,4028,8,836.0
A-n32-k5,M-WOA,2,4028,9,834.0
A-n32-k5,M-WOA,2,4028,10,834.0
A-n32-k5,M-WOA,2,4028,11,823.0
A-n32-k5,M-WOA,2,4028,12,818.0
A-n32-k5,M-WOA,2,4028,13,817.0
A-n32-k5,M-WOA,2,4028,14,817.0
A-n32-k5,M-WOA,2,4028,15,817.0
A-n32-k5,M-WOA,2,4028,16,817.0
A-n32-k5,M-WOA,2,4028,17,817.0
A-n32-k5,M-WOA,2,4028,18,817.0
A-n32-k5,M-WOA,2,4028,19,817.0
A-n32-k5,M-WOA,2,4028,20,817.0
A-n32-k5,M-WOA,2,4028,21,817.0
A-n32-k5,M-WOA,2,4028,22,817.0
A-n32-k5,M-WOA,2,4028,23,817.0
A-n32-k5,M-WOA,2,4028,24,817.0
A-n32-k5,M-WOA,2,4028,25,817.0
A-n32-k5,M-WOA,2,4028,26,817.0
A-n32-k5,M-WOA,2,4028,27,817.0
A-n32-k5,M-WOA,2,4028,28,817.0
A-n32-k5,M-WOA,2,4028,29,817.0
A-n32-k5,M-WOA,2,4028,30,817.0
A-n32-k5,M-WOA,2,4028,31,815.0
A-n32-k5,M-WOA,2,4028,32,815.0
A-n32-k5,M-WOA,2,4028,33,815.0
A-n32-k5,M-WOA,2,4028,34,813.0
A-n32-k5,M-WOA,2,4028,35,786.0
A-n32-k5,M-WOA,2,4028,36,786.0
A-n32-k5,M-WOA,2,4028,37,786.0
A-n32-k5,M-WOA,2,4028,38,784.0
A-n32-k5,M-WOA,2,4028,39,784.0
A-n32-k5,M-WOA,2,4028,40,784.0
A-n32-k5,M-WOA,2,4028,41,784.0
A-n32-k5,M-WOA,2,4028,42,784.0
A-n32-k5,M-WOA,2,4028,43,784.0
A-n32-k5,M-WOA,2,4028,44,784.0
A-n32-k5,M-WOA,2,4028,45,784.0
A-n32-k5,M-WOA,2,4028,46,784.0
A-n32-k5,M-WOA,2,4028,47,784.0
A-n32-k5,M-WOA,2,4028,48,784.0
A-n32-k5,M-WOA,2,4028,49,784.0
A-n32-k5,M-WOA,2,4028,50,784.0
A-n32-k5,M-WOA,2,4028,51,784.0
A-n32-k5,M-WOA,2,4028,52,784.0
A-n32-k5,M-WOA,2,4028,53,784.0
A-n32-k5,M-WOA,2,4028,54,784.0
A-n32-k5,M-WOA,2,4028,55,784.0
A-n32-k5,M-WOA,2,4028,56,784.0
A-n32-k5,M-WOA,2,4028,57,784.0
A-n32-k5,M-WOA,2,4028,58,784.0
A-n32-k5,M-WOA,2,4028,59,784.0
A-n32-k5,M-WOA,2,4028,60,784.0
A-n32-k5,M-WOA,2,4028,61,784.0
A-n32-k5,M-WOA,2,4028,62,784.0
A-n32-k5,M-WOA,2,4028,63,784.0
A-n32-k5,M-WOA,2,4028,64,784.0
A-n32-k5,M-WOA,2,4028,65,784.0
A-n32-k5,M-WOA,2,4028,66,784.0
A-n32-k5,M-WOA,2,4028,67,784.0
A-n32-k5,M-WOA,2,4028,68,784.0
A-n32-k5,M-WOA,2,4028,69,784.0
A-n32-k5,M-WOA,2,4028,70,784.0
A-n32-k5,M-WOA,2,4028,71,784.0
A-n32-k5,M-WOA,2,4028,72,784.0
A-n32-k5,M-WOA,2,4028,73,784.0
A-n32-k5,M-WOA,2,4028,74,784.0
A-n32-k5,M-WOA,2,4028,75,784.0
A-n32-k5,M-WOA,2,4028,76,784.0
A-n32-k5,M-WOA,2,4028,77,784.0
A-n32-k5,M-WOA,2,4028,78,784.0
A-n32-k5,M-WOA,2,4028,79,784.0
A-n32-k5,M-WOA,2,4028,80,784.0
A-n32-k5,M-WOA,2,4028,81,784.0
A-n32-k5,M-WOA,2,4028,82,784.0
A-n32-k5,M-WOA,2,4028,83,784.0
A-n32-k5,M-WOA,2,4028,84,784.0
A-n32-k5,M-WOA,2,4028,85,784.0
A-n32-k5,M-WOA,2,4028,86,784.0
A-n32-k5,M-WOA,2,4028,87,784.0
A-n32-k5,M-WOA,2,4028,88,784.0
A-n32-k5,M-WOA,2,4028,89,784.0
A-n32-k5,M-WOA,2,4028,90,784.0
A-n32-k5,M-WOA,2,4028,91,784.0
A-n32-k5,M-WOA,2,4028,92,784.0
A-n32-k5,M-WOA,2,4028,93,784.0
A-n32-k5,M-WOA,2,4028,94,784.0
A-n32-k5,M-WOA,2,4028,95,784.0
A-n32-k5,M-WOA,2,4028,96,784.0
A-n32-k5,M-WOA,2,4028,97,784.0
A-n32-k5,M-WOA,2,4028,98,784.0
A-n32-k5,M-WOA,2,4028,99,784.0
A-n32-k5,M-WOA,2,4028,100,784.0
A-n32-k5,M-WOA,2,4028,101,784.0
A-n32-k5,M-WOA,2,4028,102,784.0
A-n32-k5,M-WOA,2,4028,103,784.0
A-n32-k5,M-WOA,2,4028,104,784.0
A-n32-k5,M-WOA,2,4028,105,784.0
A-n32-k5,M-WOA,2,4028,106,784.0
A-n32-k5,M-WOA,2,4028,107,784.0
A-n32-k5,M-WOA,2,4028,108,784.0
A-n32-k5,M-WOA,2,4028,109,784.0
A-n32-k5,M-WOA,2,4028,110,784.0
A-n32-k5,M-WOA,2,4028,111,784.0
A-n32-k5,M-WOA,2,4028,112,784.0
A-n32-k5,M-WOA,2,4028,113,784.0
A-n32-k5,M-WOA,2,4028,114,784.0
A-n32-k5,M-WOA,2,4028,115,784.0
A-n32-k5,M-WOA,2,4028,116,784.0
A-n32-k5,M-WOA,2,4028,117,784.0
A-n32-k5,M-WOA,2,4028,118,784.0
A-n32-k5,M-WOA,2,4028,119,784.0
A-n32-k5,M-WOA,2,4028,120,784.0
A-n32-k5,M-WOA,2,4028,121,784.0
A-n32-k5,M-WOA,2,4028,122,784.0
A-n32-k5,M-WOA,2,4028,123,784.0
A-n32-k5,M-WOA,2,4028,124,784.0
A-n32-k5,M-WOA,2,4028,125,784.0
A-n32-k5,M-WOA,2,4028,126,784.0
A-n32-k5,M-WOA,2,4028,127,784.0
A-n32-k5,M-WOA,2,4028,128,784.0
A-n32-k5,M-WOA,2,4028,129,784.0
A-n32-k5,M-WOA,2,4028,130,784.0
A-n32-k5,M-WOA,2,4028,131,784.0
A-n32-k5,M-WOA,2,4028,132,784.0
A-n32-k5,M-WOA,2,4028,133,784.0
A-n32-k5,M-WOA,2,4028,134,784.0
A-n32-k5,M-WOA,2,4028,135,784.0
A-n32-k5,M-WOA,2,4028,136,784.0
A-n32-k5,M-WOA,2,4028,137,784.0
A-n32-k5,M-WOA,2,4028,138,784.0
A-n32-k5,M-WOA,2,4028,139,784.0
A-n32-k5,M-WOA,2,4028,140,784.0
A-n32-k5,M-WOA,2,4028,141,784.0
A-n32-k5,M-WOA,2,4028,142,784.0
A-n32-k5,M-WOA,2,4028,143,784.0
A-n32-k5,M-WOA,2,4028,144,784.0
A-n32-k5,M-WOA,2,4028,145,784.0
A-n32-k5,M-WOA,2,4028,146,784.0
A-n32-k5,M-WOA,2,4028,147,784.0
A-n32-k5,M-WOA,2,4028,148,784.0
A-n32-k5,M-WOA,2,4028,149,784.0
A-n32-k5,M-WOA,2,4028,150,784.0
A-n32-k5,M-WOA,2,4028,151,784.0
A-n32-k5,M-WOA,2,4028,152,784.0
A-n32-k5,M-WOA,2,4028,153,784.0
A-n32-k5,M-WOA,2,4028,154,784.0
A-n32-k5,M-WOA,2,4028,155,784.0
A-n32-k5,M-WOA,2,4028,156,784.0
A-n32-k5,M-WOA,2,4028,157,784.0
A-n32-k5,M-WOA,2,4028,158,784.0
A-n32-k5,M-WOA,2,4028,159,784.0
A-n32-k5,M-WOA,2,4028,160,784.0
A-n32-k5,M-WOA,2,4028,161,784.0
A-n32-k5,M-WOA,2,4028,162,784.0
A-n32-k5,M-WOA,2,4028,163,784.0
A-n32-k5,M-WOA,2,4028,164,784.0
A-n32-k5,M-WOA,2,4028,165,784.0
A-n32-k5,M-WOA,2,4028,166,784.0
A-n32-k5,M-WOA,2,4028,167,784.0
A-n32-k5,M-WOA,2,4028,168,784.0
A-n32-k5,M-WOA,2,4028,169,784.0
A-n32-k5,M-WOA,2,4028,170,784.0
A-n32-k5,M-WOA,2,4028,171,784.0
A-n32-k5,M-WOA,2,4028,172,784.0
A-n32-k5,M-WOA,2,4028,173,784.0
A-n32-k5,M-WOA,2,4028,174,784.0
A-n32-k5,M-WOA,2,4028,175,784.0
A-n32-k5,M-WOA,2,4028,176,784.0
A-n32-k5,M-WOA,2,4028,177,784.0
A-n32-k5,M-WOA,2,4028,178,784.0
A-n32-k5,M-WOA,2,4028,179,784.0
A-n32-k5,M-WOA,2,4028,180,784.0
A-n32-k5,M-WOA,2,4028,181,784.0
A-n32-k5,M-WOA,2,4028,182,784.0
A-n32-k5,M-WOA,2,4028,183,784.0
A-n32-k5,M-WOA,2,4028,184,784.0
A-n32-k5,M-WOA,2,4028,185,784.0
A-n32-k5,M-WOA,2,4028,186,784.0
A-n32-k5,M-WOA,2,4028,187,784.0
A-n32-k5,M-WOA,2,4028,188,784.0
A-n32-k5,M-WOA,2,4028,189,784.0
A-n32-k5,M-WOA,2,4028,190,784.0
A-n32-k5,M-WOA,2,4028,191,784.0
A-n32-k5,M-WOA,2,4028,192,784.0
A-n32-k5,M-WOA,2,4028,193,784.0
A-n32-k5,M-WOA,2,4028,194,784.0
A-n32-k5,M-WOA,2,4028,195,784.0
A-n32-k5,M-WOA,2,4028,196,784.0
A-n32-k5,M-WOA,2,4028,197,784.0
A-n32-k5,M-WOA,2,4028,198,784.0
A-n32-k5,M-WOA,2,4028,199,784.0
A-n32-k5,M-WOA,2,4028,200,784.0
A-n32-k5,M-WOA,3,4029,1,1220.0
A-n32-k5,M-WOA,3,4029,2,1049.0
A-n32-k5,M-WOA,3,4029,3,1007.0
A-n32-k5,M-WOA,3,4029,4,996.0
A-n32-k5,M-WOA,3,4029,5,957.0
A-n32-k5,M-WOA,3,4029,6,882.0
A-n32-k5,M-WOA,3,4029,7,882.0
A-n32-k5,M-WOA,3,4029,8,872.0
A-n32-k5,M-WOA,3,4029,9,860.0
A-n32-k5,M-WOA,3,4029,10,859.0
A-n32-k5,M-WOA,3,4029,11,846.0
A-n32-k5,M-WOA,3,4029,12,844.0
A-n32-k5,M-WOA,3,4029,13,844.0
A-n32-k5,M-WOA,3,4029,14,844.0
A-n32-k5,M-WOA,3,4029,15,844.0
A-n32-k5,M-WOA,3,4029,16,844.0
A-n32-k5,M-WOA,3,4029,17,844.0
A-n32-k5,M-WOA,3,4029,18,844.0
A-n32-k5,M-WOA,3,4029,19,844.0
A-n32-k5,M-WOA,3,4029,20,844.0
A-n32-k5,M-WOA,3,4029,21,844.0
A-n32-k5,M-WOA,3,4029,22,844.0
A-n32-k5,M-WOA,3,4029,23,844.0
A-n32-k5,M-WOA,3,4029,24,844.0
A-n32-k5,M-WOA,3,4029,25,844.0
A-n32-k5,M-WOA,3,4029,26,844.0
A-n32-k5,M-WOA,3,4029,27,844.0
A-n32-k5,M-WOA,3,4029,28,844.0
A-n32-k5,M-WOA,3,4029,29,844.0
A-n32-k5,M-WOA,3,4029,30,844.0
A-n32-k5,M-WOA,3,4029,31,844.0
A-n32-k5,M-WOA,3,4029,32,844.0
A-n32-k5,M-WOA,3,4029,33,844.0
A-n32-k5,M-WOA,3,4029,34,844.0
A-n32-k5,M-WOA,3,4029,35,844.0
A-n32-k5,M-WOA,3,4029,36,844.0
A-n32-k5,M-WOA,3,4029,37,844.0
A-n32-k5,M-WOA,3,4029,38,844.0
A-n32-k5,M-WOA,3,4029,39,844.0
A-n32-k5,M-WOA,3,4029,40,844.0
A-n32-k5,M-WOA,3,4029,41,844.0
A-n32-k5,M-WOA,3,4029,42,844.0
A-n32-k5,M-WOA,3,4029,43,844.0
A-n32-k5,M-WOA,3,4029,44,844.0
A-n32-k5,M-WOA,3,4029,45,844.0
A-n32-k5,M-WOA,3,4029,46,844.0
A-n32-k5,M-WOA,3,4029,47,844.0
A-n32-k5,M-WOA,3,4029,48,844.0
A-n32-k5,M-WOA,3,4029,49,844.0
A-n32-k5,M-WOA,3,4029,50,844.0
A-n32-k5,M-WOA,3,4029,51,844.0
A-n32-k5,M-WOA,3,4029,52,844.0
A-n32-k5,M-WOA,3,4029,53,844.0
A-n32-k5,M-WOA,3,4029,54,844.0
A-n32-k5,M-WOA,3,4029,55,844.0
A-n32-k5,M-WOA,3,4029,56,844.0
A-n32-k5,M-WOA,3,4029,57,844.0
A-n32-k5,M-WOA,3,4029,58,844.0
A-n32-k5,M-WOA,3,4029,59,844.0
A-n32-k5,M-WOA,3,4029,60,844.0
A-n32-k5,M-WOA,3,4029,61,844.0
A-n32-k5,M-WOA,3,4029,62,844.0
A-n32-k5,M-WOA,3,4029,63,844.0
A-n32-k5,M-WOA,3,4029,64,844.0
A-n32-k5,M-WOA,3,4029,65,844.0
A-n32-k5,M-WOA,3,4029,66,844.0
A-n32-k5,M-WOA,3,4029,67,844.0
A-n32-k5,M-WOA,3,4029,68,844.0
A-n32-k5,M-WOA,3,4029,69,844.0
A-n32-k5,M-WOA,3,4029,70,844.0
A-n32-k5,M-WOA,3,4029,71,844.0
A-n32-k5,M-WOA,3,4029,72,844.0
A-n32-k5,M-WOA,3,4029,73,844.0
A-n32-k5,M-WOA,3,4029,74,844.0
A-n32-k5,M-WOA,3,4029,75,844.0
A-n32-k5,M-WOA,3,4029,76,844.0
A-n32-k5,M-WOA,3,4029,77,844.0
A-n32-k5,M-WOA,3,4029,78,844.0
A-n32-k5,M-WOA,3,4029,79,844.0
A-n32-k5,M-WOA,3,4029,80,844.0
A-n32-k5,M-WOA,3,4029,81,844.0
A-n32-k5,M-WOA,3,4029,82,844.0
A-n32-k5,M-WOA,3,4029,83,844.0
A-n32-k5,M-WOA,3,4029,84,844.0
A-n32-k5,M-WOA,3,4029,85,844.0
A-n32-k5,M-WOA,3,4029,86,844.0
A-n32-k5,M-WOA,3,4029,87,844.0
A-n32-k5,M-WOA,3,4029,88,844.0
A-n32-k5,M-WOA,3,4029,89,844.0
A-n32-k5,M-WOA,3,4029,90,844.0
A-n32-k5,M-WOA,3,4029,91,844.0
A-n32-k5,M-WOA,3,4029,92,844.0
A-n32-k5,M-WOA,3,4029,93,844.0
A-n32-k5,M-WOA,3,4029,94,844.0
A-n32-k5,M-WOA,3,4029,95,844.0
A-n32-k5,M-WOA,3,4029,96,844.0
A-n32-k5,M-WOA,3,4029,97,840.0
A-n32-k5,M-WOA,3,4029,98,831.0
A-n32-k5,M-WOA,3,4029,99,830.0
A-n32-k5,M-WOA,3,4029,100,830.0
A-n32-k5,M-WOA,3,4029,101,830.0
A-n32-k5,M-WOA,3,4029,102,830.0
A-n32-k5,M-WOA,3,4029,103,830.0
A-n32-k5,M-WOA,3,4029,104,830.0
A-n32-k5,M-WOA,3,4029,105,830.0
A-n32-k5,M-WOA,3,4029,106,830.0
A-n32-k5,M-WOA,3,4029,107,830.0
A-n32-k5,M-WOA,3,4029,108,830.0
A-n32-k5,M-WOA,3,4029,109,830.0
A-n32-k5,M-WOA,3,4029,110,830.0
A-n32-k5,M-WOA,3,4029,111,830.0
A-n32-k5,M-WOA,3,4029,112,830.0
A-n32-k5,M-WOA,3,4029,113,830.0
A-n32-k5,M-WOA,3,4029,114,830.0
A-n32-k5,M-WOA,3,4029,115,830.0
A-n32-k5,M-WOA,3,4029,116,830.0
A-n32-k5,M-WOA,3,4029,117,830.0
A-n32-k5,M-WOA,3,4029,118,830.0
A-n32-k5,M-WOA,3,4029,119,830.0
A-n32-k5,M-WOA,3,4029,120,830.0
A-n32-k5,M-WOA,3,4029,121,830.0
A-n32-k5,M-WOA,3,4029,122,830.0
A-n32-k5,M-WOA,3,4029,123,830.0
A-n32-k5,M-WOA,3,4029,124,830.0
A-n32-k5,M-WOA,3,4029,125,830.0
A-n32-k5,M-WOA,3,4029,126,830.0
A-n32-k5,M-WOA,3,4029,127,830.0
A-n32-k5,M-WOA,3,4029,128,830.0
A-n32-k5,M-WOA,3,4029,129,830.0
A-n32-k5,M-WOA,3,4029,130,830.0
A-n32-k5,M-WOA,3,4029,131,830.0
A-n32-k5,M-WOA,3,4029,132,830.0
A-n32-k5,M-WOA,3,4029,133,830.0
A-n32-k5,M-WOA,3,4029,134,830.0
A-n32-k5,M-WOA,3,4029,135,830.0
A-n32-k5,M-WOA,3,4029,136,830.0
A-n32-k5,M-WOA,3,4029,137,830.0
A-n32-k5,M-WOA,3,4029,138,830.0
A-n32-k5,M-WOA,3,4029,139,830.0
A-n32-k5,M-WOA,3,4029,140,830.0
A-n32-k5,M-WOA,3,4029,141,830.0
A-n32-k5,M-WOA,3,4029,142,830.0
A-n32-k5,M-WOA,3,4029,143,830.0
A-n32-k5,M-WOA,3,4029,144,830.0
A-n32-k5,M-WOA,3,4029,145,830.0
A-n32-k5,M-WOA,3,4029,146,830.0
A-n32-k5,M-WOA,3,4029,147,830.0
A-n32-k5,M-WOA,3,4029,148,830.0
A-n32-k5,M-WOA,3,4029,149,830.0
A-n32-k5,M-WOA,3,4029,150,830.0
A-n32-k5,M-WOA,3,4029,151,830.0
A-n32-k5,M-WOA,3,4029,152,830.0
A-n32-k5,M-WOA,3,4029,153,830.0
A-n32-k5,M-WOA,3,4029,154,830.0
A-n32-k5,M-WOA,3,4029,155,830.0
A-n32-k5,M-WOA,3,4029,156,830.0
A-n32-k5,M-WOA,3,4029,157,830.0
A-n32-k5,M-WOA,3,4029,158,830.0
A-n32-k5,M-WOA,3,4029,159,830.0
A-n32-k5,M-WOA,3,4029,160,830.0
A-n32-k5,M-WOA,3,4029,161,830.0
A-n32-k5,M-WOA,3,4029,162,830.0
A-n32-k5,M-WOA,3,4029,163,830.0
A-n32-k5,M-WOA,3,4029,164,830.0
A-n32-k5,M-WOA,3,4029,165,830.0
A-n32-k5,M-WOA,3,4029,166,830.0
A-n32-k5,M-WOA,3,4029,167,830.0
A-n32-k5,M-WOA,3,4029,168,830.0
A-n32-k5,M-WOA,3,4029,169,830.0
A-n32-k5,M-WOA,3,4029,170,830.0
A-n32-k5,M-WOA,3,4029,171,830.0
A-n32-k5,M-WOA,3,4029,172,830.0
A-n32-k5,M-WOA,3,4029,173,830.0
A-n32-k5,M-WOA,3,4029,174,830.0
A-n32-k5,M-WOA,3,4029,175,830.0
A-n32-k5,M-WOA,3,4029,176,830.0
A-n32-k5,M-WOA,3,4029,177,830.0
A-n32-k5,M-WOA,3,4029,178,830.0
A-n32-k5,M-WOA,3,4029,179,830.0
A-n32-k5,M-WOA,3,4029,180,830.0
A-n32-k5,M-WOA,3,4029,181,830.0
A-n32-k5,M-WOA,3,4029,182,830.0
A-n32-k5,M-WOA,3,4029,183,830.0
A-n32-k5,M-WOA,3,4029,184,830.0
A-n32-k5,M-WOA,3,4029,185,830.0
A-n32-k5,M-WOA,3,4029,186,830.0
A-n32-k5,M-WOA,3,4029,187,830.0
A-n32-k5,M-WOA,3,4029,188,830.0
A-n32-k5,M-WOA,3,4029,189,830.0
A-n32-k5,M-WOA,3,4029,190,830.0
A-n32-k5,M-WOA,3,4029,191,830.0
A-n32-k5,M-WOA,3,4029,192,830.0
A-n32-k5,M-WOA,3,4029,193,830.0
A-n32-k5,M-WOA,3,4029,194,830.0
A-n32-k5,M-WOA,3,4029,195,830.0
A-n32-k5,M-WOA,3,4029,196,830.0
A-n32-k5,M-WOA,3,4029,197,830.0
A-n32-k5,M-WOA,3,4029,198,830.0
A-n32-k5,M-WOA,3,4029,199,830.0
A-n32-k5,M-WOA,3,4029,200,830.0
A-n32-k5,M-SSA,1,5027,1,1178.0
A-n32-k5,M-SSA,1,5027,2,1040.0
A-n32-k5,M-SSA,1,5027,3,1040.0
A-n32-k5,M-SSA,1,5027,4,1040.0
A-n32-k5,M-SSA,1,5027,5,990.0
A-n32-k5,M-SSA,1,5027,6,990.0
A-n32-k5,M-SSA,1,5027,7,955.0
A-n32-k5,M-SSA,1,5027,8,897.0
A-n32-k5,M-SSA,1,5027,9,897.0
A-n32-k5,M-SSA,1,5027,10,823.0
A-n32-k5,M-SSA,1,5027,11,823.0
A-n32-k5,M-SSA,1,5027,12,823.0
A-n32-k5,M-SSA,1,5027,13,823.0
A-n32-k5,M-SSA,1,5027,14,823.0
A-n32-k5,M-SSA,1,5027,15,808.0
A-n32-k5,M-SSA,1,5027,16,805.0
A-n32-k5,M-SSA,1,5027,17,795.0
A-n32-k5,M-SSA,1,5027,18,795.0
A-n32-k5,M-SSA,1,5027,19,795.0
A-n32-k5,M-SSA,1,5027,20,795.0
A-n32-k5,M-SSA,1,5027,21,795.0
A-n32-k5,M-SSA,1,5027,22,795.0
A-n32-k5,M-SSA,1,5027,23,795.0
A-n32-k5,M-SSA,1,5027,24,795.0
A-n32-k5,M-SSA,1,5027,25,795.0
A-n32-k5,M-SSA,1,5027,26,795.0
A-n32-k5,M-SSA,1,5027,27,795.0
A-n32-k5,M-SSA,1,5027,28,795.0
A-n32-k5,M-SSA,1,5027,29,795.0
A-n32-k5,M-SSA,1,5027,30,795.0
A-n32-k5,M-SSA,1,5027,31,795.0
A-n32-k5,M-SSA,1,5027,32,795.0
A-n32-k5,M-SSA,1,5027,33,795.0
A-n32-k5,M-SSA,1,5027,34,795.0
A-n32-k5,M-SSA,1,5027,35,795.0
A-n32-k5,M-SSA,1,5027,36,795.0
A-n32-k5,M-SSA,1,5027,37,795.0
A-n32-k5,M-SSA,1,5027,38,795.0
A-n32-k5,M-SSA,1,5027,39,795.0
A-n32-k5,M-SSA,1,5027,40,795.0
A-n32-k5,M-SSA,1,5027,41,795.0
A-n32-k5,M-SSA,1,5027,42,795.0
A-n32-k5,M-SSA,1,5027,43,795.0
A-n32-k5,M-SSA,1,5027,44,795.0
A-n32-k5,M-SSA,1,5027,45,795.0
A-n32-k5,M-SSA,1,5027,46,795.0
A-n32-k5,M-SSA,1,5027,47,795.0
A-n32-k5,M-SSA,1,5027,48,795.0
A-n32-k5,M-SSA,1,5027,49,787.0
A-n32-k5,M-SSA,1,5027,50,785.0
A-n32-k5,M-SSA,1,5027,51,785.0
A-n32-k5,M-SSA,1,5027,52,785.0
A-n32-k5,M-SSA,1,5027,53,785.0
A-n32-k5,M-SSA,1,5027,54,785.0
A-n32-k5,M-SSA,1,5027,55,785.0
A-n32-k5,M-SSA,1,5027,56,785.0
A-n32-k5,M-SSA,1,5027,57,785.0
A-n32-k5,M-SSA,1,5027,58,785.0
A-n32-k5,M-SSA,1,5027,59,785.0
A-n32-k5,M-SSA,1,5027,60,785.0
A-n32-k5,M-SSA,1,5027,61,785.0
A-n32-k5,M-SSA,1,5027,62,785.0
A-n32-k5,M-SSA,1,5027,63,785.0
A-n32-k5,M-SSA,1,5027,64,785.0
A-n32-k5,M-SSA,1,5027,65,785.0
A-n32-k5,M-SSA,1,5027,66,785.0
A-n32-k5,M-SSA,1,5027,67,785.0
A-n32-k5,M-SSA,1,5027,68,785.0
A-n32-k5,M-SSA,1,5027,69,785.0
A-n32-k5,M-SSA,1,5027,70,785.0
A-n32-k5,M-SSA,1,5027,71,785.0
A-n32-k5,M-SSA,1,5027,72,785.0
A-n32-k5,M-SSA,1,5027,73,785.0
A-n32-k5,M-SSA,1,5027,74,785.0
A-n32-k5,M-SSA,1,5027,75,785.0
A-n32-k5,M-SSA,1,5027,76,785.0
A-n32-k5,M-SSA,1,5027,77,785.0
A-n32-k5,M-SSA,1,5027,78,785.0
A-n32-k5,M-SSA,1,5027,79,785.0
A-n32-k5,M-SSA,1,5027,80,785.0
A-n32-k5,M-SSA,1,5027,81,785.0
A-n32-k5,M-SSA,1,5027,82,785.0
A-n32-k5,M-SSA,1,5027,83,785.0
A-n32-k5,M-SSA,1,5027,84,785.0
A-n32-k5,M-SSA,1,5027,85,785.0
A-n32-k5,M-SSA,1,5027,86,785.0
A-n32-k5,M-SSA,1,5027,87,785.0
A-n32-k5,M-SSA,1,5027,88,785.0
A-n32-k5,M-SSA,1,5027,89,785.0
A-n32-k5,M-SSA,1,5027,90,785.0
A-n32-k5,M-SSA,1,5027,91,785.0
A-n32-k5,M-SSA,1,5027,92,785.0
A-n32-k5,M-SSA,1,5027,93,785.0
A-n32-k5,M-SSA,1,5027,94,785.0
A-n32-k5,M-SSA,1,5027,95,785.0
A-n32-k5,M-SSA,1,5027,96,785.0
A-n32-k5,M-SSA,1,5027,97,785.0
A-n32-k5,M-SSA,1,5027,98,785.0
A-n32-k5,M-SSA,1,5027,99,785.0
A-n32-k5,M-SSA,1,5027,100,785.0
A-n32-k5,M-SSA,1,5027,101,785.0
A-n32-k5,M-SSA,1,5027,102,785.0
A-n32-k5,M-SSA,1,5027,103,785.0
A-n32-k5,M-SSA,1,5027,104,785.0
A-n32-k5,M-SSA,1,5027,105,785.0
A-n32-k5,M-SSA,1,5027,106,785.0
A-n32-k5,M-SSA,1,5027,107,785.0
A-n32-k5,M-SSA,1,5027,108,785.0
A-n32-k5,M-SSA,1,5027,109,785.0
A-n32-k5,M-SSA,1,5027,110,785.0
A-n32-k5,M-SSA,1,5027,111,785.0
A-n32-k5,M-SSA,1,5027,112,785.0
A-n32-k5,M-SSA,1,5027,113,785.0
A-n32-k5,M-SSA,1,5027,114,785.0
A-n32-k5,M-SSA,1,5027,115,785.0
A-n32-k5,M-SSA,1,5027,116,785.0
A-n32-k5,M-SSA,1,5027,117,785.0
A-n32-k5,M-SSA,1,5027,118,785.0
A-n32-k5,M-SSA,1,5027,119,785.0
A-n32-k5,M-SSA,1,5027,120,785.0
A-n32-k5,M-SSA,1,5027,121,785.0
A-n32-k5,M-SSA,1,5027,122,785.0
A-n32-k5,M-SSA,1,5027,123,785.0
A-n32-k5,M-SSA,1,5027,124,785.0
A-n32-k5,M-SSA,1,5027,125,785.0
A-n32-k5,M-SSA,1,5027,126,785.0
A-n32-k5,M-SSA,1,5027,127,785.0
A-n32-k5,M-SSA,1,5027,128,785.0
A-n32-k5,M-SSA,1,5027,129,785.0
A-n32-k5,M-SSA,1,5027,130,785.0
A-n32-k5,M-SSA,1,5027,131,785.0
A-n32-k5,M-SSA,1,5027,132,785.0
A-n32-k5,M-SSA,1,5027,133,785.0
A-n32-k5,M-SSA,1,5027,134,785.0
A-n32-k5,M-SSA,1,5027,135,785.0
A-n32-k5,M-SSA,1,5027,136,785.0
A-n32-k5,M-SSA,1,5027,137,785.0
A-n32-k5,M-SSA,1,5027,138,785.0
A-n32-k5,M-SSA,1,5027,139,785.0
A-n32-k5,M-SSA,1,5027,140,785.0
A-n32-k5,M-SSA,1,5027,141,785.0
A-n32-k5,M-SSA,1,5027,142,785.0
A-n32-k5,M-SSA,1,5027,143,785.0
A-n32-k5,M-SSA,1,5027,144,785.0
A-n32-k5,M-SSA,1,5027,145,785.0
A-n32-k5,M-SSA,1,5027,146,785.0
A-n32-k5,M-SSA,1,5027,147,785.0
A-n32-k5,M-SSA,1,5027,148,785.0
A-n32-k5,M-SSA,1,5027,149,785.0
A-n32-k5,M-SSA,1,5027,150,785.0
A-n32-k5,M-SSA,1,5027,151,785.0
A-n32-k5,M-SSA,1,5027,152,785.0
A-n32-k5,M-SSA,1,5027,153,785.0
A-n32-k5,M-SSA,1,5027,154,785.0
A-n32-k5,M-SSA,1,5027,155,785.0
A-n32-k5,M-SSA,1,5027,156,785.0
A-n32-k5,M-SSA,1,5027,157,785.0
A-n32-k5,M-SSA,1,5027,158,785.0
A-n32-k5,M-SSA,1,5027,159,785.0
A-n32-k5,M-SSA,1,5027,160,785.0
A-n32-k5,M-SSA,1,5027,161,785.0
A-n32-k5,M-SSA,1,5027,162,785.0
A-n32-k5,M-SSA,1,5027,163,785.0
A-n32-k5,M-SSA,1,5027,164,785.0
A-n32-k5,M-SSA,1,5027,165,785.0
A-n32-k5,M-SSA,1,5027,166,785.0
A-n32-k5,M-SSA,1,5027,167,785.0
A-n32-k5,M-SSA,1,5027,168,785.0
A-n32-k5,M-SSA,1,5027,169,785.0
A-n32-k5,M-SSA,1,5027,170,785.0
A-n32-k5,M-SSA,1,5027,171,785.0
A-n32-k5,M-SSA,1,5027,172,785.0
A-n32-k5,M-SSA,1,5027,173,785.0
A-n32-k5,M-SSA,1,5027,174,785.0
A-n32-k5,M-SSA,1,5027,175,785.0
A-n32-k5,M-SSA,1,5027,176,785.0
A-n32-k5,M-SSA,1,5027,177,785.0
A-n32-k5,M-SSA,1,5027,178,785.0
A-n32-k5,M-SSA,1,5027,179,785.0
A-n32-k5,M-SSA,1,5027,180,785.0
A-n32-k5,M-SSA,1,5027,181,785.0
A-n32-k5,M-SSA,1,5027,182,785.0
A-n32-k5,M-SSA,1,5027,183,785.0
A-n32-k5,M-SSA,1,5027,184,785.0
A-n32-k5,M-SSA,1,5027,185,785.0
A-n32-k5,M-SSA,1,5027,186,785.0
A-n32-k5,M-SSA,1,5027,187,785.0
A-n32-k5,M-SSA,1,5027,188,785.0
A-n32-k5,M-SSA,1,5027,189,785.0
A-n32-k5,M-SSA,1,5027,190,785.0
A-n32-k5,M-SSA,1,5027,191,785.0
A-n32-k5,M-SSA,1,5027,192,785.0
A-n32-k5,M-SSA,1,5027,193,785.0
A-n32-k5,M-SSA,1,5027,194,785.0
A-n32-k5,M-SSA,1,5027,195,785.0
A-n32-k5,M-SSA,1,5027,196,785.0
A-n32-k5,M-SSA,1,5027,197,785.0
A-n32-k5,M-SSA,1,5027,198,785.0
A-n32-k5,M-SSA,1,5027,199,785.0
A-n32-k5,M-SSA,1,5027,200,785.0
A-n32-k5,M-SSA,2,5028,1,1165.0
A-n32-k5,M-SSA,2,5028,2,1075.0
A-n32-k5,M-SSA,2,5028,3,1067.0
A-n32-k5,M-SSA,2,5028,4,1043.0
A-n32-k5,M-SSA,2,5028,5,955.0
A-n32-k5,M-SSA,2,5028,6,955.0
A-n32-k5,M-SSA,2,5028,7,841.0
A-n32-k5,M-SSA,2,5028,8,841.0
A-n32-k5,M-SSA,2,5028,9,841.0
A-n32-k5,M-SSA,2,5028,10,841.0
A-n32-k5,M-SSA,2,5028,11,841.0
A-n32-k5,M-SSA,2,5028,12,835.0
A-n32-k5,M-SSA,2,5028,13,835.0
A-n32-k5,M-SSA,2,5028,14,835.0
A-n32-k5,M-SSA,2,5028,15,835.0
A-n32-k5,M-SSA,2,5028,16,835.0
A-n32-k5,M-SSA,2,5028,17,835.0
A-n32-k5,M-SSA,2,5028,18,831.0
A-n32-k5,M-SSA,2,5028,19,831.0
A-n32-k5,M-SSA,2,5028,20,831.0
A-n32-k5,M-SSA,2,5028,21,831.0
A-n32-k5,M-SSA,2,5028,22,831.0
A-n32-k5,M-SSA,2,5028,23,831.0
A-n32-k5,M-SSA,2,5028,24,831.0
A-n32-k5,M-SSA,2,5028,25,831.0
A-n32-k5,M-SSA,2,5028,26,831.0
A-n32-k5,M-SSA,2,5028,27,831.0
A-n32-k5,M-SSA,2,5028,28,831.0
A-n32-k5,M-SSA,2,5028,29,831.0
A-n32-k5,M-SSA,2,5028,30,831.0
A-n32-k5,M-SSA,2,5028,31,831.0
A-n32-k5,M-SSA,2,5028,32,831.0
A-n32-k5,M-SSA,2,5028,33,831.0
A-n32-k5,M-SSA,2,5028,34,831.0
A-n32-k5,M-SSA,2,5028,35,829.0
A-n32-k5,M-SSA,2,5028,36,829.0
A-n32-k5,M-SSA,2,5028,37,826.0
A-n32-k5,M-SSA,2,5028,38,826.0
A-n32-k5,M-SSA,2,5028,39,821.0
A-n32-k5,M-SSA,2,5028,40,811.0
A-n32-k5,M-SSA,2,5028,41,811.0
A-n32-k5,M-SSA,2,5028,42,809.0
A-n32-k5,M-SSA,2,5028,43,809.0
A-n32-k5,M-SSA,2,5028,44,809.0
A-n32-k5,M-SSA,2,5028,45,804.0
A-n32-k5,M-SSA,2,5028,46,804.0
A-n32-k5,M-SSA,2,5028,47,804.0
A-n32-k5,M-SSA,2,5028,48,804.0
A-n32-k5,M-SSA,2,5028,49,804.0
A-n32-k5,M-SSA,2,5028,50,804.0
A-n32-k5,M-SSA,2,5028,51,804.0
A-n32-k5,M-SSA,2,5028,52,804.0
A-n32-k5,M-SSA,2,5028,53,804.0
A-n32-k5,M-SSA,2,5028,54,804.0
A-n32-k5,M-SSA,2,5028,55,804.0
A-n32-k5,M-SSA,2,5028,56,804.0
A-n32-k5,M-SSA,2,5028,57,804.0
A-n32-k5,M-SSA,2,5028,58,804.0
A-n32-k5,M-SSA,2,5028,59,804.0
A-n32-k5,M-SSA,2,5028,60,804.0
A-n32-k5,M-SSA,2,5028,61,804.0
A-n32-k5,M-SSA,2,5028,62,804.0
A-n32-k5,M-SSA,2,5028,63,804.0
A-n32-k5,M-SSA,2,5028,64,804.0
A-n32-k5,M-SSA,2,5028,65,804.0
A-n32-k5,M-SSA,2,5028,66,804.0
A-n32-k5,M-SSA,2,5028,67,804.0
A-n32-k5,M-SSA,2,5028,68,804.0
A-n32-k5,M-SSA,2,5028,69,804.0
A-n32-k5,M-SSA,2,5028,70,804.0
A-n32-k5,M-SSA,2,5028,71,804.0
A-n32-k5,M-SSA,2,5028,72,804.0
A-n32-k5,M-SSA,2,5028,73,804.0
A-n32-k5,M-SSA,2,5028,74,804.0
A-n32-k5,M-SSA,2,5028,75,804.0
A-n32-k5,M-SSA,2,5028,76,804.0
A-n32-k5,M-SSA,2,5028,77,804.0
A-n32-k5,M-SSA,2,5028,78,804.0
A-n32-k5,M-SSA,2,5028,79,804.0
A-n32-k5,M-SSA,2,5028,80,804.0
A-n32-k5,M-SSA,2,5028,81,804.0
A-n32-k5,M-SSA,2,5028,82,804.0
A-n32-k5,M-SSA,2,5028,83,804.0
A-n32-k5,M-SSA,2,5028,84,804.0
A-n32-k5,M-SSA,2,5028,85,804.0
A-n32-k5,M-SSA,2,5028,86,804.0
A-n32-k5,M-SSA,2,5028,87,804.0
A-n32-k5,M-SSA,2,5028,88,800.0
A-n32-k5,M-SSA,2,5028,89,800.0
A-n32-k5,M-SSA,2,5028,90,800.0
A-n32-k5,M-SSA,2,5028,91,800.0
A-n32-k5,M-SSA,2,5028,92,800.0
A-n32-k5,M-SSA,2,5028,93,800.0
A-n32-k5,M-SSA,2,5028,94,800.0
A-n32-k5,M-SSA,2,5028,95,800.0
A-n32-k5,M-SSA,2,5028,96,800.0
A-n32-k5,M-SSA,2,5028,97,794.0
A-n32-k5,M-SSA,2,5028,98,794.0
A-n32-k5,M-SSA,2,5028,99,794.0
A-n32-k5,M-SSA,2,5028,100,794.0
A-n32-k5,M-SSA,2,5028,101,794.0
A-n32-k5,M-SSA,2,5028,102,794.0
A-n32-k5,M-SSA,2,5028,103,794.0
A-n32-k5,M-SSA,2,5028,104,794.0
A-n32-k5,M-SSA,2,5028,105,794.0
A-n32-k5,M-SSA,2,5028,106,794.0
A-n32-k5,M-SSA,2,5028,107,790.0
A-n32-k5,M-SSA,2,5028,108,790.0
A-n32-k5,M-SSA,2,5028,109,790.0
A-n32-k5,M-SSA,2,5028,110,790.0
A-n32-k5,M-SSA,2,5028,111,785.0
A-n32-k5,M-SSA,2,5028,112,785.0
A-n32-k5,M-SSA,2,5028,113,785.0
A-n32-k5,M-SSA,2,5028,114,785.0
A-n32-k5,M-SSA,2,5028,115,785.0
A-n32-k5,M-SSA,2,5028,116,785.0
A-n32-k5,M-SSA,2,5028,117,785.0
A-n32-k5,M-SSA,2,5028,118,785.0
A-n32-k5,M-SSA,2,5028,119,785.0
A-n32-k5,M-SSA,2,5028,120,785.0
A-n32-k5,M-SSA,2,5028,121,785.0
A-n32-k5,M-SSA,2,5028,122,785.0
A-n32-k5,M-SSA,2,5028,123,785.0
A-n32-k5,M-SSA,2,5028,124,785.0
A-n32-k5,M-SSA,2,5028,125,785.0
A-n32-k5,M-SSA,2,5028,126,785.0
A-n32-k5,M-SSA,2,5028,127,785.0
A-n32-k5,M-SSA,2,5028,128,785.0
A-n32-k5,M-SSA,2,5028,129,785.0
A-n32-k5,M-SSA,2,5028,130,785.0
A-n32-k5,M-SSA,2,5028,131,785.0
A-n32-k5,M-SSA,2,5028,132,785.0
A-n32-k5,M-SSA,2,5028,133,785.0
A-n32-k5,M-SSA,2,5028,134,785.0
A-n32-k5,M-SSA,2,5028,135,785.0
A-n32-k5,M-SSA,2,5028,136,785.0
A-n32-k5,M-SSA,2,5028,137,785.0
A-n32-k5,M-SSA,2,5028,138,785.0
A-n32-k5,M-SSA,2,5028,139,785.0
A-n32-k5,M-SSA,2,5028,140,785.0
A-n32-k5,M-SSA,2,5028,141,785.0
A-n32-k5,M-SSA,2,5028,142,785.0
A-n32-k5,M-SSA,2,5028,143,785.0
A-n32-k5,M-SSA,2,5028,144,785.0
A-n32-k5,M-SSA,2,5028,145,785.0
A-n32-k5,M-SSA,2,5028,146,784.0
A-n32-k5,M-SSA,2,5028,147,784.0
A-n32-k5,M-SSA,2,5028,148,784.0
A-n32-k5,M-SSA,2,5028,149,784.0
A-n32-k5,M-SSA,2,5028,150,784.0
A-n32-k5,M-SSA,2,5028,151,784.0
A-n32-k5,M-SSA,2,5028,152,784.0
A-n32-k5,M-SSA,2,5028,153,784.0
A-n32-k5,M-SSA,2,5028,154,784.0
A-n32-k5,M-SSA,2,5028,155,784.0
A-n32-k5,M-SSA,2,5028,156,784.0
A-n32-k5,M-SSA,2,5028,157,784.0
A-n32-k5,M-SSA,2,5028,158,784.0
A-n32-k5,M-SSA,2,5028,159,784.0
A-n32-k5,M-SSA,2,5028,160,784.0
A-n32-k5,M-SSA,2,5028,161,784.0
A-n32-k5,M-SSA,2,5028,162,784.0
A-n32-k5,M-SSA,2,5028,163,784.0
A-n32-k5,M-SSA,2,5028,164,784.0
A-n32-k5,M-SSA,2,5028,165,784.0
A-n32-k5,M-SSA,2,5028,166,784.0
A-n32-k5,M-SSA,2,5028,167,784.0
A-n32-k5,M-SSA,2,5028,168,784.0
A-n32-k5,M-SSA,2,5028,169,784.0
A-n32-k5,M-SSA,2,5028,170,784.0
A-n32-k5,M-SSA,2,5028,171,784.0
A-n32-k5,M-SSA,2,5028,172,784.0
A-n32-k5,M-SSA,2,5028,173,784.0
A-n32-k5,M-SSA,2,5028,174,784.0
A-n32-k5,M-SSA,2,5028,175,784.0
A-n32-k5,M-SSA,2,5028,176,784.0
A-n32-k5,M-SSA,2,5028,177,784.0
A-n32-k5,M-SSA,2,5028,178,784.0
A-n32-k5,M-SSA,2,5028,179,784.0
A-n32-k5,M-SSA,2,5028,180,784.0
A-n32-k5,M-SSA,2,5028,181,784.0
A-n32-k5,M-SSA,2,5028,182,784.0
A-n32-k5,M-SSA,2,5028,183,784.0
A-n32-k5,M-SSA,2,5028,184,784.0
A-n32-k5,M-SSA,2,5028,185,784.0
A-n32-k5,M-SSA,2,5028,186,784.0
A-n32-k5,M-SSA,2,5028,187,784.0
A-n32-k5,M-SSA,2,5028,188,784.0
A-n32-k5,M-SSA,2,5028,189,784.0
A-n32-k5,M-SSA,2,5028,190,784.0
A-n32-k5,M-SSA,2,5028,191,784.0
A-n32-k5,M-SSA,2,5028,192,784.0
A-n32-k5,M-SSA,2,5028,193,784.0
A-n32-k5,M-SSA,2,5028,194,784.0
A-n32-k5,M-SSA,2,5028,195,784.0
A-n32-k5,M-SSA,2,5028,196,784.0
A-n32-k5,M-SSA,2,5028,197,784.0
A-n32-k5,M-SSA,2,5028,198,784.0
A-n32-k5,M-SSA,2,5028,199,784.0
A-n32-k5,M-SSA,2,5028,200,784.0
A-n32-k5,M-SSA,3,5029,1,1171.0
A-n32-k5,M-SSA,3,5029,2,1144.0
A-n32-k5,M-SSA,3,5029,3,1024.0
A-n32-k5,M-SSA,3,5029,4,1024.0
A-n32-k5,M-SSA,3,5029,5,979.0
A-n32-k5,M-SSA,3,5029,6,953.0
A-n32-k5,M-SSA,3,5029,7,910.0
A-n32-k5,M-SSA,3,5029,8,910.0
A-n32-k5,M-SSA,3,5029,9,869.0
A-n32-k5,M-SSA,3,5029,10,818.0
A-n32-k5,M-SSA,3,5029,11,818.0
A-n32-k5,M-SSA,3,5029,12,818.0
A-n32-k5,M-SSA,3,5029,13,818.0
A-n32-k5,M-SSA,3,5029,14,818.0
A-n32-k5,M-SSA,3,5029,15,818.0
A-n32-k5,M-SSA,3,5029,16,818.0
A-n32-k5,M-SSA,3,5029,17,818.0
A-n32-k5,M-SSA,3,5029,18,818.0
A-n32-k5,M-SSA,3,5029,19,818.0
A-n32-k5,M-SSA,3,5029,20,818.0
A-n32-k5,M-SSA,3,5029,21,818.0
A-n32-k5,M-SSA,3,5029,22,818.0
A-n32-k5,M-SSA,3,5029,23,818.0
A-n32-k5,M-SSA,3,5029,24,818.0
A-n32-k5,M-SSA,3,5029,25,818.0
A-n32-k5,M-SSA,3,5029,26,818.0
A-n32-k5,M-SSA,3,5029,27,818.0
A-n32-k5,M-SSA,3,5029,28,818.0
A-n32-k5,M-SSA,3,5029,29,818.0
A-n32-k5,M-SSA,3,5029,30,818.0
A-n32-k5,M-SSA,3,5029,31,818.0
A-n32-k5,M-SSA,3,5029,32,818.0
A-n32-k5,M-SSA,3,5029,33,818.0
A-n32-k5,M-SSA,3,5029,34,818.0
A-n32-k5,M-SSA,3,5029,35,818.0
A-n32-k5,M-SSA,3,5029,36,818.0
A-n32-k5,M-SSA,3,5029,37,818.0
A-n32-k5,M-SSA,3,5029,38,818.0
A-n32-k5,M-SSA,3,5029,39,818.0
A-n32-k5,M-SSA,3,5029,40,818.0
A-n32-k5,M-SSA,3,5029,41,818.0
A-n32-k5,M-SSA,3,5029,42,818.0
A-n32-k5,M-SSA,3,5029,43,818.0
A-n32-k5,M-SSA,3,5029,44,818.0
A-n32-k5,M-SSA,3,5029,45,784.0
A-n32-k5,M-SSA,3,5029,46,784.0
A-n32-k5,M-SSA,3,5029,47,784.0
A-n32-k5,M-SSA,3,5029,48,784.0
A-n32-k5,M-SSA,3,5029,49,784.0
A-n32-k5,M-SSA,3,5029,50,784.0
A-n32-k5,M-SSA,3,5029,51,784.0
A-n32-k5,M-SSA,3,5029,52,784.0
A-n32-k5,M-SSA,3,5029,53,784.0
A-n32-k5,M-SSA,3,5029,54,784.0
A-n32-k5,M-SSA,3,5029,55,784.0
A-n32-k5,M-SSA,3,5029,56,784.0
A-n32-k5,M-SSA,3,5029,57,784.0
A-n32-k5,M-SSA,3,5029,58,784.0
A-n32-k5,M-SSA,3,5029,59,784.0
A-n32-k5,M-SSA,3,5029,60,784.0
A-n32-k5,M-SSA,3,5029,61,784.0
A-n32-k5,M-SSA,3,5029,62,784.0
A-n32-k5,M-SSA,3,5029,63,784.0
A-n32-k5,M-SSA,3,5029,64,784.0
A-n32-k5,M-SSA,3,5029,65,784.0
A-n32-k5,M-SSA,3,5029,66,784.0
A-n32-k5,M-SSA,3,5029,67,784.0
A-n32-k5,M-SSA,3,5029,68,784.0
A-n32-k5,M-SSA,3,5029,69,784.0
A-n32-k5,M-SSA,3,5029,70,784.0
A-n32-k5,M-SSA,3,5029,71,784.0
A-n32-k5,M-SSA,3,5029,72,784.0
A-n32-k5,M-SSA,3,5029,73,784.0
A-n32-k5,M-SSA,3,5029,74,784.0
A-n32-k5,M-SSA,3,5029,75,784.0
A-n32-k5,M-SSA,3,5029,76,784.0
A-n32-k5,M-SSA,3,5029,77,784.0
A-n32-k5,M-SSA,3,5029,78,784.0
A-n32-k5,M-SSA,3,5029,79,784.0
A-n32-k5,M-SSA,3,5029,80,784.0
A-n32-k5,M-SSA,3,5029,81,784.0
A-n32-k5,M-SSA,3,5029,82,784.0
A-n32-k5,M-SSA,3,5029,83,784.0
A-n32-k5,M-SSA,3,5029,84,784.0
A-n32-k5,M-SSA,3,5029,85,784.0
A-n32-k5,M-SSA,3,5029,86,784.0
A-n32-k5,M-SSA,3,5029,87,784.0
A-n32-k5,M-SSA,3,5029,88,784.0
A-n32-k5,M-SSA,3,5029,89,784.0
A-n32-k5,M-SSA,3,5029,90,784.0
A-n32-k5,M-SSA,3,5029,91,784.0
A-n32-k5,M-SSA,3,5029,92,784.0
A-n32-k5,M-SSA,3,5029,93,784.0
A-n32-k5,M-SSA,3,5029,94,784.0
A-n32-k5,M-SSA,3,5029,95,784.0
A-n32-k5,M-SSA,3,5029,96,784.0
A-n32-k5,M-SSA,3,5029,97,784.0
A-n32-k5,M-SSA,3,5029,98,784.0
A-n32-k5,M-SSA,3,5029,99,784.0
A-n32-k5,M-SSA,3,5029,100,784.0
A-n32-k5,M-SSA,3,5029,101,784.0
A-n32-k5,M-SSA,3,5029,102,784.0
A-n32-k5,M-SSA,3,5029,103,784.0
A-n32-k5,M-SSA,3,5029,104,784.0
A-n32-k5,M-SSA,3,5029,105,784.0
A-n32-k5,M-SSA,3,5029,106,784.0
A-n32-k5,M-SSA,3,5029,107,784.0
A-n32-k5,M-SSA,3,5029,108,784.0
A-n32-k5,M-SSA,3,5029,109,784.0
A-n32-k5,M-SSA,3,5029,110,784.0
A-n32-k5,M-SSA,3,5029,111,784.0
A-n32-k5,M-SSA,3,5029,112,784.0
A-n32-k5,M-SSA,3,5029,113,784.0
A-n32-k5,M-SSA,3,5029,114,784.0
A-n32-k5,M-SSA,3,5029,115,784.0
A-n32-k5,M-SSA,3,5029,116,784.0
A-n32-k5,M-SSA,3,5029,117,784.0
A-n32-k5,M-SSA,3,5029,118,784.0
A-n32-k5,M-SSA,3,5029,119,784.0
A-n32-k5,M-SSA,3,5029,120,784.0
A-n32-k5,M-SSA,3,5029,121,784.0
A-n32-k5,M-SSA,3,5029,122,784.0
A-n32-k5,M-SSA,3,5029,123,784.0
A-n32-k5,M-SSA,3,5029,124,784.0
A-n32-k5,M-SSA,3,5029,125,784.0
A-n32-k5,M-SSA,3,5029,126,784.0
A-n32-k5,M-SSA,3,5029,127,784.0
A-n32-k5,M-SSA,3,5029,128,784.0
A-n32-k5,M-SSA,3,5029,129,784.0
A-n32-k5,M-SSA,3,5029,130,784.0
A-n32-k5,M-SSA,3,5029,131,784.0
A-n32-k5,M-SSA,3,5029,132,784.0
A-n32-k5,M-SSA,3,5029,133,784.0
A-n32-k5,M-SSA,3,5029,134,784.0
A-n32-k5,M-SSA,3,5029,135,784.0
A-n32-k5,M-SSA,3,5029,136,784.0
A-n32-k5,M-SSA,3,5029,137,784.0
A-n32-k5,M-SSA,3,5029,138,784.0
A-n32-k5,M-SSA,3,5029,139,784.0
A-n32-k5,M-SSA,3,5029,140,784.0
A-n32-k5,M-SSA,3,5029,141,784.0
A-n32-k5,M-SSA,3,5029,142,784.0
A-n32-k5,M-SSA,3,5029,143,784.0
A-n32-k5,M-SSA,3,5029,144,784.0
A-n32-k5,M-SSA,3,5029,145,784.0
A-n32-k5,M-SSA,3,5029,146,784.0
A-n32-k5,M-SSA,3,5029,147,784.0
A-n32-k5,M-SSA,3,5029,148,784.0
A-n32-k5,M-SSA,3,5029,149,784.0
A-n32-k5,M-SSA,3,5029,150,784.0
A-n32-k5,M-SSA,3,5029,151,784.0
A-n32-k5,M-SSA,3,5029,152,784.0
A-n32-k5,M-SSA,3,5029,153,784.0
A-n32-k5,M-SSA,3,5029,154,784.0
A-n32-k5,M-SSA,3,5029,155,784.0
A-n32-k5,M-SSA,3,5029,156,784.0
A-n32-k5,M-SSA,3,5029,157,784.0
A-n32-k5,M-SSA,3,5029,158,784.0
A-n32-k5,M-SSA,3,5029,159,784.0
A-n32-k5,M-SSA,3,5029,160,784.0
A-n32-k5,M-SSA,3,5029,161,784.0
A-n32-k5,M-SSA,3,5029,162,784.0
A-n32-k5,M-SSA,3,5029,163,784.0
A-n32-k5,M-SSA,3,5029,164,784.0
A-n32-k5,M-SSA,3,5029,165,784.0
A-n32-k5,M-SSA,3,5029,166,784.0
A-n32-k5,M-SSA,3,5029,167,784.0
A-n32-k5,M-SSA,3,5029,168,784.0
A-n32-k5,M-SSA,3,5029,169,784.0
A-n32-k5,M-SSA,3,5029,170,784.0
A-n32-k5,M-SSA,3,5029,171,784.0
A-n32-k5,M-SSA,3,5029,172,784.0
A-n32-k5,M-SSA,3,5029,173,784.0
A-n32-k5,M-SSA,3,5029,174,784.0
A-n32-k5,M-SSA,3,5029,175,784.0
A-n32-k5,M-SSA,3,5029,176,784.0
A-n32-k5,M-SSA,3,5029,177,784.0
A-n32-k5,M-SSA,3,5029,178,784.0
A-n32-k5,M-SSA,3,5029,179,784.0
A-n32-k5,M-SSA,3,5029,180,784.0
A-n32-k5,M-SSA,3,5029,181,784.0
A-n32-k5,M-SSA,3,5029,182,784.0
A-n32-k5,M-SSA,3,5029,183,784.0
A-n32-k5,M-SSA,3,5029,184,784.0
A-n32-k5,M-SSA,3,5029,185,784.0
A-n32-k5,M-SSA,3,5029,186,784.0
A-n32-k5,M-SSA,3,5029,187,784.0
A-n32-k5,M-SSA,3,5029,188,784.0
A-n32-k5,M-SSA,3,5029,189,784.0
A-n32-k5,M-SSA,3,5029,190,784.0
A-n32-k5,M-SSA,3,5029,191,784.0
A-n32-k5,M-SSA,3,5029,192,784.0
A-n32-k5,M-SSA,3,5029,193,784.0
A-n32-k5,M-SSA,3,5029,194,784.0
A-n32-k5,M-SSA,3,5029,195,784.0
A-n32-k5,M-SSA,3,5029,196,784.0
A-n32-k5,M-SSA,3,5029,197,784.0
A-n32-k5,M-SSA,3,5029,198,784.0
A-n32-k5,M-SSA,3,5029,199,784.0
A-n32-k5,M-SSA,3,5029,200,784.0
A-n37-k6,WOA,1,102027,1,1611.0
A-n37-k6,WOA,1,102027,2,1611.0
A-n37-k6,WOA,1,102027,3,1611.0
A-n37-k6,WOA,1,102027,4,1583.0
A-n37-k6,WOA,1,102027,5,1536.0
A-n37-k6,WOA,1,102027,6,1519.0
A-n37-k6,WOA,1,102027,7,1501.0
A-n37-k6,WOA,1,102027,8,1461.0
A-n37-k6,WOA,1,102027,9,1461.0
A-n37-k6,WOA,1,102027,10,1459.0
A-n37-k6,WOA,1,102027,11,1459.0
A-n37-k6,WOA,1,102027,12,1459.0
A-n37-k6,WOA,1,102027,13,1459.0
A-n37-k6,WOA,1,102027,14,1459.0
A-n37-k6,WOA,1,102027,15,1459.0
A-n37-k6,WOA,1,102027,16,1459.0
A-n37-k6,WOA,1,102027,17,1457.0
A-n37-k6,WOA,1,102027,18,1457.0
A-n37-k6,WOA,1,102027,19,1457.0
A-n37-k6,WOA,1,102027,20,1457.0
A-n37-k6,WOA,1,102027,21,1457.0
A-n37-k6,WOA,1,102027,22,1457.0
A-n37-k6,WOA,1,102027,23,1457.0
A-n37-k6,WOA,1,102027,24,1457.0
A-n37-k6,WOA,1,102027,25,1457.0
A-n37-k6,WOA,1,102027,26,1457.0
A-n37-k6,WOA,1,102027,27,1457.0
A-n37-k6,WOA,1,102027,28,1457.0
A-n37-k6,WOA,1,102027,29,1457.0
A-n37-k6,WOA,1,102027,30,1457.0
A-n37-k6,WOA,1,102027,31,1457.0
A-n37-k6,WOA,1,102027,32,1457.0
A-n37-k6,WOA,1,102027,33,1457.0
A-n37-k6,WOA,1,102027,34,1457.0
A-n37-k6,WOA,1,102027,35,1457.0
A-n37-k6,WOA,1,102027,36,1457.0
A-n37-k6,WOA,1,102027,37,1457.0
A-n37-k6,WOA,1,102027,38,1457.0
A-n37-k6,WOA,1,102027,39,1457.0
A-n37-k6,WOA,1,102027,40,1457.0
A-n37-k6,WOA,1,102027,41,1457.0
A-n37-k6,WOA,1,102027,42,1457.0
A-n37-k6,WOA,1,102027,43,1457.0
A-n37-k6,WOA,1,102027,44,1457.0
A-n37-k6,WOA,1,102027,45,1457.0
A-n37-k6,WOA,1,102027,46,1457.0
A-n37-k6,WOA,1,102027,47,1457.0
A-n37-k6,WOA,1,102027,48,1457.0
A-n37-k6,WOA,1,102027,49,1457.0
A-n37-k6,WOA,1,102027,50,1457.0
A-n37-k6,WOA,1,102027,51,1457.0
A-n37-k6,WOA,1,102027,52,1418.0
A-n37-k6,WOA,1,102027,53,1418.0
A-n37-k6,WOA,1,102027,54,1418.0
A-n37-k6,WOA,1,102027,55,1418.0
A-n37-k6,WOA,1,102027,56,1418.0
A-n37-k6,WOA,1,102027,57,1418.0
A-n37-k6,WOA,1,102027,58,1418.0
A-n37-k6,WOA,1,102027,59,1418.0
A-n37-k6,WOA,1,102027,60,1418.0
A-n37-k6,WOA,1,102027,61,1418.0
A-n37-k6,WOA,1,102027,62,1418.0
A-n37-k6,WOA,1,102027,63,1418.0
A-n37-k6,WOA,1,102027,64,1418.0
A-n37-k6,WOA,1,102027,65,1418.0
A-n37-k6,WOA,1,102027,66,1418.0
A-n37-k6,WOA,1,102027,67,1418.0
A-n37-k6,WOA,1,102027,68,1418.0
A-n37-k6,WOA,1,102027,69,1418.0
A-n37-k6,WOA,1,102027,70,1418.0
A-n37-k6,WOA,1,102027,71,1418.0
A-n37-k6,WOA,1,102027,72,1418.0
A-n37-k6,WOA,1,102027,73,1418.0
A-n37-k6,WOA,1,102027,74,1418.0
A-n37-k6,WOA,1,102027,75,1418.0
A-n37-k6,WOA,1,102027,76,1418.0
A-n37-k6,WOA,1,102027,77,1418.0
A-n37-k6,WOA,1,102027,78,1418.0
A-n37-k6,WOA,1,102027,79,1418.0
A-n37-k6,WOA,1,102027,80,1418.0
A-n37-k6,WOA,1,102027,81,1418.0
A-n37-k6,WOA,1,102027,82,1418.0
A-n37-k6,WOA,1,102027,83,1418.0
A-n37-k6,WOA,1,102027,84,1418.0
A-n37-k6,WOA,1,102027,85,1418.0
A-n37-k6,WOA,1,102027,86,1416.0
A-n37-k6,WOA,1,102027,87,1416.0
A-n37-k6,WOA,1,102027,88,1416.0
A-n37-k6,WOA,1,102027,89,1416.0
A-n37-k6,WOA,1,102027,90,1416.0
A-n37-k6,WOA,1,102027,91,1416.0
A-n37-k6,WOA,1,102027,92,1416.0
A-n37-k6,WOA,1,102027,93,1416.0
A-n37-k6,WOA,1,102027,94,1416.0
A-n37-k6,WOA,1,102027,95,1416.0
A-n37-k6,WOA,1,102027,96,1416.0
A-n37-k6,WOA,1,102027,97,1416.0
A-n37-k6,WOA,1,102027,98,1416.0
A-n37-k6,WOA,1,102027,99,1416.0
A-n37-k6,WOA,1,102027,100,1416.0
A-n37-k6,WOA,1,102027,101,1390.0
A-n37-k6,WOA,1,102027,102,1371.0
A-n37-k6,WOA,1,102027,103,1369.0
A-n37-k6,WOA,1,102027,104,1369.0
A-n37-k6,WOA,1,102027,105,1369.0
A-n37-k6,WOA,1,102027,106,1369.0
A-n37-k6,WOA,1,102027,107,1358.0
A-n37-k6,WOA,1,102027,108,1358.0
A-n37-k6,WOA,1,102027,109,1349.0
A-n37-k6,WOA,1,102027,110,1291.0
A-n37-k6,WOA,1,102027,111,1288.0
A-n37-k6,WOA,1,102027,112,1288.0
A-n37-k6,WOA,1,102027,113,1288.0
A-n37-k6,WOA,1,102027,114,1288.0
A-n37-k6,WOA,1,102027,115,1287.0
A-n37-k6,WOA,1,102027,116,1287.0
A-n37-k6,WOA,1,102027,117,1287.0
A-n37-k6,WOA,1,102027,118,1287.0
A-n37-k6,WOA,1,102027,119,1271.0
A-n37-k6,WOA,1,102027,120,1271.0
A-n37-k6,WOA,1,102027,121,1271.0
A-n37-k6,WOA,1,102027,122,1264.0
A-n37-k6,WOA,1,102027,123,1264.0
A-n37-k6,WOA,1,102027,124,1264.0
A-n37-k6,WOA,1,102027,125,1264.0
A-n37-k6,WOA,1,102027,126,1264.0
A-n37-k6,WOA,1,102027,127,1264.0
A-n37-k6,WOA,1,102027,128,1264.0
A-n37-k6,WOA,1,102027,129,1264.0
A-n37-k6,WOA,1,102027,130,1264.0
A-n37-k6,WOA,1,102027,131,1264.0
A-n37-k6,WOA,1,102027,132,1264.0
A-n37-k6,WOA,1,102027,133,1264.0
A-n37-k6,WOA,1,102027,134,1264.0
A-n37-k6,WOA,1,102027,135,1264.0
A-n37-k6,WOA,1,102027,136,1264.0
A-n37-k6,WOA,1,102027,137,1264.0
A-n37-k6,WOA,1,102027,138,1264.0
A-n37-k6,WOA,1,102027,139,1264.0
A-n37-k6,WOA,1,102027,140,1264.0
A-n37-k6,WOA,1,102027,141,1264.0
A-n37-k6,WOA,1,102027,142,1264.0
A-n37-k6,WOA,1,102027,143,1264.0
A-n37-k6,WOA,1,102027,144,1264.0
A-n37-k6,WOA,1,102027,145,1264.0
A-n37-k6,WOA,1,102027,146,1264.0
A-n37-k6,WOA,1,102027,147,1264.0
A-n37-k6,WOA,1,102027,148,1264.0
A-n37-k6,WOA,1,102027,149,1264.0
A-n37-k6,WOA,1,102027,150,1264.0
A-n37-k6,WOA,1,102027,151,1264.0
A-n37-k6,WOA,1,102027,152,1264.0
A-n37-k6,WOA,1,102027,153,1264.0
A-n37-k6,WOA,1,102027,154,1264.0
A-n37-k6,WOA,1,102027,155,1264.0
A-n37-k6,WOA,1,102027,156,1264.0
A-n37-k6,WOA,1,102027,157,1264.0
A-n37-k6,WOA,1,102027,158,1264.0
A-n37-k6,WOA,1,102027,159,1264.0
A-n37-k6,WOA,1,102027,160,1264.0
A-n37-k6,WOA,1,102027,161,1264.0
A-n37-k6,WOA,1,102027,162,1264.0
A-n37-k6,WOA,1,102027,163,1264.0
A-n37-k6,WOA,1,102027,164,1264.0
A-n37-k6,WOA,1,102027,165,1264.0
A-n37-k6,WOA,1,102027,166,1264.0
A-n37-k6,WOA,1,102027,167,1264.0
A-n37-k6,WOA,1,102027,168,1264.0
A-n37-k6,WOA,1,102027,169,1264.0
A-n37-k6,WOA,1,102027,170,1264.0
A-n37-k6,WOA,1,102027,171,1264.0
A-n37-k6,WOA,1,102027,172,1264.0
A-n37-k6,WOA,1,102027,173,1264.0
A-n37-k6,WOA,1,102027,174,1264.0
A-n37-k6,WOA,1,102027,175,1264.0
A-n37-k6,WOA,1,102027,176,1264.0
A-n37-k6,WOA,1,102027,177,1264.0
A-n37-k6,WOA,1,102027,178,1264.0
A-n37-k6,WOA,1,102027,179,1264.0
A-n37-k6,WOA,1,102027,180,1264.0
A-n37-k6,WOA,1,102027,181,1264.0
A-n37-k6,WOA,1,102027,182,1264.0
A-n37-k6,WOA,1,102027,183,1264.0
A-n37-k6,WOA,1,102027,184,1264.0
A-n37-k6,WOA,1,102027,185,1264.0
A-n37-k6,WOA,1,102027,186,1264.0
A-n37-k6,WOA,1,102027,187,1264.0
A-n37-k6,WOA,1,102027,188,1264.0
A-n37-k6,WOA,1,102027,189,1264.0
A-n37-k6,WOA,1,102027,190,1264.0
A-n37-k6,WOA,1,102027,191,1264.0
A-n37-k6,WOA,1,102027,192,1264.0
A-n37-k6,WOA,1,102027,193,1264.0
A-n37-k6,WOA,1,102027,194,1264.0
A-n37-k6,WOA,1,102027,195,1264.0
A-n37-k6,WOA,1,102027,196,1264.0
A-n37-k6,WOA,1,102027,197,1264.0
A-n37-k6,WOA,1,102027,198,1264.0
A-n37-k6,WOA,1,102027,199,1264.0
A-n37-k6,WOA,1,102027,200,1264.0
A-n37-k6,WOA,2,102028,1,1763.0
A-n37-k6,WOA,2,102028,2,1630.0
A-n37-k6,WOA,2,102028,3,1607.0
A-n37-k6,WOA,2,102028,4,1607.0
A-n37-k6,WOA,2,102028,5,1607.0
A-n37-k6,WOA,2,102028,6,1607.0
A-n37-k6,WOA,2,102028,7,1607.0
A-n37-k6,WOA,2,102028,8,1607.0
A-n37-k6,WOA,2,102028,9,1607.0
A-n37-k6,WOA,2,102028,10,1591.0
A-n37-k6,WOA,2,102028,11,1591.0
A-n37-k6,WOA,2,102028,12,1591.0
A-n37-k6,WOA,2,102028,13,1591.0
A-n37-k6,WOA,2,102028,14,1591.0
A-n37-k6,WOA,2,102028,15,1591.0
A-n37-k6,WOA,2,102028,16,1591.0
A-n37-k6,WOA,2,102028,17,1591.0
A-n37-k6,WOA,2,102028,18,1591.0
A-n37-k6,WOA,2,102028,19,1591.0
A-n37-k6,WOA,2,102028,20,1591.0
A-n37-k6,WOA,2,102028,21,1591.0
A-n37-k6,WOA,2,102028,22,1510.0
A-n37-k6,WOA,2,102028,23,1510.0
A-n37-k6,WOA,2,102028,24,1510.0
A-n37-k6,WOA,2,102028,25,1510.0
A-n37-k6,WOA,2,102028,26,1510.0
A-n37-k6,WOA,2,102028,27,1510.0
A-n37-k6,WOA,2,102028,28,1510.0
A-n37-k6,WOA,2,102028,29,1510.0
A-n37-k6,WOA,2,102028,30,1510.0
A-n37-k6,WOA,2,102028,31,1510.0
A-n37-k6,WOA,2,102028,32,1449.0
A-n37-k6,WOA,2,102028,33,1449.0
A-n37-k6,WOA,2,102028,34,1449.0
A-n37-k6,WOA,2,102028,35,1449.0
A-n37-k6,WOA,2,102028,36,1449.0
A-n37-k6,WOA,2,102028,37,1443.0
A-n37-k6,WOA,2,102028,38,1443.0
A-n37-k6,WOA,2,102028,39,1412.0
A-n37-k6,WOA,2,102028,40,1412.0
A-n37-k6,WOA,2,102028,41,1407.0
A-n37-k6,WOA,2,102028,42,1407.0
A-n37-k6,WOA,2,102028,43,1407.0
A-n37-k6,WOA,2,102028,44,1387.0
A-n37-k6,WOA,2,102028,45,1387.0
A-n37-k6,WOA,2,102028,46,1387.0
A-n37-k6,WOA,2,102028,47,1387.0
A-n37-k6,WOA,2,102028,48,1376.0
A-n37-k6,WOA,2,102028,49,1376.0
A-n37-k6,WOA,2,102028,50,1376.0
A-n37-k6,WOA,2,102028,51,1376.0
A-n37-k6,WOA,2,102028,52,1376.0
A-n37-k6,WOA,2,102028,53,1376.0
A-n37-k6,WOA,2,102028,54,1376.0
A-n37-k6,WOA,2,102028,55,1376.0
A-n37-k6,WOA,2,102028,56,1376.0
A-n37-k6,WOA,2,102028,57,1376.0
A-n37-k6,WOA,2,102028,58,1376.0
A-n37-k6,WOA,2,102028,59,1376.0
A-n37-k6,WOA,2,102028,60,1376.0
A-n37-k6,WOA,2,102028,61,1376.0
A-n37-k6,WOA,2,102028,62,1376.0
A-n37-k6,WOA,2,102028,63,1376.0
A-n37-k6,WOA,2,102028,64,1376.0
A-n37-k6,WOA,2,102028,65,1376.0
A-n37-k6,WOA,2,102028,66,1376.0
A-n37-k6,WOA,2,102028,67,1375.0
A-n37-k6,WOA,2,102028,68,1351.0
A-n37-k6,WOA,2,102028,69,1348.0
A-n37-k6,WOA,2,102028,70,1344.0
A-n37-k6,WOA,2,102028,71,1344.0
A-n37-k6,WOA,2,102028,72,1344.0
A-n37-k6,WOA,2,102028,73,1338.0
A-n37-k6,WOA,2,102028,74,1305.0
A-n37-k6,WOA,2,102028,75,1303.0
A-n37-k6,WOA,2,102028,76,1298.0
A-n37-k6,WOA,2,102028,77,1298.0
A-n37-k6,WOA,2,102028,78,1298.0
A-n37-k6,WOA,2,102028,79,1286.0
A-n37-k6,WOA,2,102028,80,1286.0
A-n37-k6,WOA,2,102028,81,1286.0
A-n37-k6,WOA,2,102028,82,1286.0
A-n37-k6,WOA,2,102028,83,1286.0
A-n37-k6,WOA,2,102028,84,1286.0
A-n37-k6,WOA,2,102028,85,1286.0
A-n37-k6,WOA,2,102028,86,1286.0
A-n37-k6,WOA,2,102028,87,1286.0
A-n37-k6,WOA,2,102028,88,1286.0
A-n37-k6,WOA,2,102028,89,1286.0
A-n37-k6,WOA,2,102028,90,1286.0
A-n37-k6,WOA,2,102028,91,1285.0
A-n37-k6,WOA,2,102028,92,1285.0
A-n37-k6,WOA,2,102028,93,1285.0
A-n37-k6,WOA,2,102028,94,1285.0
A-n37-k6,WOA,2,102028,95,1285.0
A-n37-k6,WOA,2,102028,96,1285.0
A-n37-k6,WOA,2,102028,97,1285.0
A-n37-k6,WOA,2,102028,98,1285.0
A-n37-k6,WOA,2,102028,99,1285.0
A-n37-k6,WOA,2,102028,100,1285.0
A-n37-k6,WOA,2,102028,101,1285.0
A-n37-k6,WOA,2,102028,102,1285.0
A-n37-k6,WOA,2,102028,103,1285.0
A-n37-k6,WOA,2,102028,104,1285.0
A-n37-k6,WOA,2,102028,105,1285.0
A-n37-k6,WOA,2,102028,106,1285.0
A-n37-k6,WOA,2,102028,107,1285.0
A-n37-k6,WOA,2,102028,108,1285.0
A-n37-k6,WOA,2,102028,109,1285.0
A-n37-k6,WOA,2,102028,110,1285.0
A-n37-k6,WOA,2,102028,111,1285.0
A-n37-k6,WOA,2,102028,112,1285.0
A-n37-k6,WOA,2,102028,113,1285.0
A-n37-k6,WOA,2,102028,114,1285.0
A-n37-k6,WOA,2,102028,115,1285.0
A-n37-k6,WOA,2,102028,116,1285.0
A-n37-k6,WOA,2,102028,117,1285.0
A-n37-k6,WOA,2,102028,118,1285.0
A-n37-k6,WOA,2,102028,119,1285.0
A-n37-k6,WOA,2,102028,120,1285.0
A-n37-k6,WOA,2,102028,121,1285.0
A-n37-k6,WOA,2,102028,122,1285.0
A-n37-k6,WOA,2,102028,123,1285.0
A-n37-k6,WOA,2,102028,124,1285.0
A-n37-k6,WOA,2,102028,125,1285.0
A-n37-k6,WOA,2,102028,126,1285.0
A-n37-k6,WOA,2,102028,127,1285.0
A-n37-k6,WOA,2,102028,128,1285.0
A-n37-k6,WOA,2,102028,129,1285.0
A-n37-k6,WOA,2,102028,130,1285.0
A-n37-k6,WOA,2,102028,131,1285.0
A-n37-k6,WOA,2,102028,132,1285.0
A-n37-k6,WOA,2,102028,133,1285.0
A-n37-k6,WOA,2,102028,134,1285.0
A-n37-k6,WOA,2,102028,135,1285.0
A-n37-k6,WOA,2,102028,136,1285.0
A-n37-k6,WOA,2,102028,137,1285.0
A-n37-k6,WOA,2,102028,138,1285.0
A-n37-k6,WOA,2,102028,139,1285.0
A-n37-k6,WOA,2,102028,140,1285.0
A-n37-k6,WOA,2,102028,141,1285.0
A-n37-k6,WOA,2,102028,142,1285.0
A-n37-k6,WOA,2,102028,143,1285.0
A-n37-k6,WOA,2,102028,144,1285.0
A-n37-k6,WOA,2,102028,145,1285.0
A-n37-k6,WOA,2,102028,146,1285.0
A-n37-k6,WOA,2,102028,147,1285.0
A-n37-k6,WOA,2,102028,148,1285.0
A-n37-k6,WOA,2,102028,149,1285.0
A-n37-k6,WOA,2,102028,150,1285.0
A-n37-k6,WOA,2,102028,151,1285.0
A-n37-k6,WOA,2,102028,152,1285.0
A-n37-k6,WOA,2,102028,153,1285.0
A-n37-k6,WOA,2,102028,154,1285.0
A-n37-k6,WOA,2,102028,155,1285.0
A-n37-k6,WOA,2,102028,156,1285.0
A-n37-k6,WOA,2,102028,157,1285.0
A-n37-k6,WOA,2,102028,158,1285.0
A-n37-k6,WOA,2,102028,159,1285.0
A-n37-k6,WOA,2,102028,160,1285.0
A-n37-k6,WOA,2,102028,161,1285.0
A-n37-k6,WOA,2,102028,162,1285.0
A-n37-k6,WOA,2,102028,163,1285.0
A-n37-k6,WOA,2,102028,164,1285.0
A-n37-k6,WOA,2,102028,165,1285.0
A-n37-k6,WOA,2,102028,166,1285.0
A-n37-k6,WOA,2,102028,167,1285.0
A-n37-k6,WOA,2,102028,168,1285.0
A-n37-k6,WOA,2,102028,169,1285.0
A-n37-k6,WOA,2,102028,170,1285.0
A-n37-k6,WOA,2,102028,171,1285.0
A-n37-k6,WOA,2,102028,172,1285.0
A-n37-k6,WOA,2,102028,173,1285.0
A-n37-k6,WOA,2,102028,174,1285.0
A-n37-k6,WOA,2,102028,175,1285.0
A-n37-k6,WOA,2,102028,176,1285.0
A-n37-k6,WOA,2,102028,177,1285.0
A-n37-k6,WOA,2,102028,178,1285.0
A-n37-k6,WOA,2,102028,179,1285.0
A-n37-k6,WOA,2,102028,180,1285.0
A-n37-k6,WOA,2,102028,181,1285.0
A-n37-k6,WOA,2,102028,182,1285.0
A-n37-k6,WOA,2,102028,183,1285.0
A-n37-k6,WOA,2,102028,184,1285.0
A-n37-k6,WOA,2,102028,185,1285.0
A-n37-k6,WOA,2,102028,186,1285.0
A-n37-k6,WOA,2,102028,187,1285.0
A-n37-k6,WOA,2,102028,188,1285.0
A-n37-k6,WOA,2,102028,189,1285.0
A-n37-k6,WOA,2,102028,190,1285.0
A-n37-k6,WOA,2,102028,191,1285.0
A-n37-k6,WOA,2,102028,192,1285.0
A-n37-k6,WOA,2,102028,193,1285.0
A-n37-k6,WOA,2,102028,194,1285.0
A-n37-k6,WOA,2,102028,195,1285.0
A-n37-k6,WOA,2,102028,196,1285.0
A-n37-k6,WOA,2,102028,197,1285.0
A-n37-k6,WOA,2,102028,198,1285.0
A-n37-k6,WOA,2,102028,199,1285.0
A-n37-k6,WOA,2,102028,200,1285.0
A-n37-k6,WOA,3,102029,1,1714.0
A-n37-k6,WOA,3,102029,2,1714.0
A-n37-k6,WOA,3,102029,3,1626.0
A-n37-k6,WOA,3,102029,4,1626.0
A-n37-k6,WOA,3,102029,5,1568.0
A-n37-k6,WOA,3,102029,6,1568.0
A-n37-k6,WOA,3,102029,7,1568.0
A-n37-k6,WOA,3,102029,8,1568.0
A-n37-k6,WOA,3,102029,9,1568.0
A-n37-k6,WOA,3,102029,10,1568.0
A-n37-k6,WOA,3,102029,11,1568.0
A-n37-k6,WOA,3,102029,12,1568.0
A-n37-k6,WOA,3,102029,13,1568.0
A-n37-k6,WOA,3,102029,14,1568.0
A-n37-k6,WOA,3,102029,15,1567.0
A-n37-k6,WOA,3,102029,16,1525.0
A-n37-k6,WOA,3,102029,17,1479.0
A-n37-k6,WOA,3,102029,18,1479.0
A-n37-k6,WOA,3,102029,19,1479.0
A-n37-k6,WOA,3,102029,20,1479.0
A-n37-k6,WOA,3,102029,21,1479.0
A-n37-k6,WOA,3,102029,22,1479.0
A-n37-k6,WOA,3,102029,23,1479.0
A-n37-k6,WOA,3,102029,24,1459.0
A-n37-k6,WOA,3,102029,25,1459.0
A-n37-k6,WOA,3,102029,26,1458.0
A-n37-k6,WOA,3,102029,27,1393.0
A-n37-k6,WOA,3,102029,28,1389.0
A-n37-k6,WOA,3,102029,29,1367.0
A-n37-k6,WOA,3,102029,30,1367.0
A-n37-k6,WOA,3,102029,31,1367.0
A-n37-k6,WOA,3,102029,32,1367.0
A-n37-k6,WOA,3,102029,33,1367.0
A-n37-k6,WOA,3,102029,34,1367.0
A-n37-k6,WOA,3,102029,35,1367.0
A-n37-k6,WOA,3,102029,36,1367.0
A-n37-k6,WOA,3,102029,37,1367.0
A-n37-k6,WOA,3,102029,38,1367.0
A-n37-k6,WOA,3,102029,39,1367.0
A-n37-k6,WOA,3,102029,40,1367.0
A-n37-k6,WOA,3,102029,41,1367.0
A-n37-k6,WOA,3,102029,42,1367.0
A-n37-k6,WOA,3,102029,43,1367.0
A-n37-k6,WOA,3,102029,44,1367.0
A-n37-k6,WOA,3,102029,45,1367.0
A-n37-k6,WOA,3,102029,46,1367.0
A-n37-k6,WOA,3,102029,47,1367.0
A-n37-k6,WOA,3,102029,48,1367.0
A-n37-k6,WOA,3,102029,49,1367.0
A-n37-k6,WOA,3,102029,50,1362.0
A-n37-k6,WOA,3,102029,51,1362.0
A-n37-k6,WOA,3,102029,52,1358.0
A-n37-k6,WOA,3,102029,53,1358.0
A-n37-k6,WOA,3,102029,54,1358.0
A-n37-k6,WOA,3,102029,55,1331.0
A-n37-k6,WOA,3,102029,56,1331.0
A-n37-k6,WOA,3,102029,57,1331.0
A-n37-k6,WOA,3,102029,58,1331.0
A-n37-k6,WOA,3,102029,59,1318.0
A-n37-k6,WOA,3,102029,60,1318.0
A-n37-k6,WOA,3,102029,61,1318.0
A-n37-k6,WOA,3,102029,62,1318.0
A-n37-k6,WOA,3,102029,63,1318.0
A-n37-k6,WOA,3,102029,64,1318.0
A-n37-k6,WOA,3,102029,65,1318.0
A-n37-k6,WOA,3,102029,66,1318.0
A-n37-k6,WOA,3,102029,67,1312.0
A-n37-k6,WOA,3,102029,68,1307.0
A-n37-k6,WOA,3,102029,69,1307.0
A-n37-k6,WOA,3,102029,70,1307.0
A-n37-k6,WOA,3,102029,71,1307.0
A-n37-k6,WOA,3,102029,72,1307.0
A-n37-k6,WOA,3,102029,73,1307.0
A-n37-k6,WOA,3,102029,74,1307.0
A-n37-k6,WOA,3,102029,75,1307.0
A-n37-k6,WOA,3,102029,76,1307.0
A-n37-k6,WOA,3,102029,77,1307.0
A-n37-k6,WOA,3,102029,78,1307.0
A-n37-k6,WOA,3,102029,79,1307.0
A-n37-k6,WOA,3,102029,80,1294.0
A-n37-k6,WOA,3,102029,81,1294.0
A-n37-k6,WOA,3,102029,82,1294.0
A-n37-k6,WOA,3,102029,83,1294.0
A-n37-k6,WOA,3,102029,84,1294.0
A-n37-k6,WOA,3,102029,85,1294.0
A-n37-k6,WOA,3,102029,86,1294.0
A-n37-k6,WOA,3,102029,87,1294.0
A-n37-k6,WOA,3,102029,88,1281.0
A-n37-k6,WOA,3,102029,89,1270.0
A-n37-k6,WOA,3,102029,90,1270.0
A-n37-k6,WOA,3,102029,91,1257.0
A-n37-k6,WOA,3,102029,92,1257.0
A-n37-k6,WOA,3,102029,93,1250.0
A-n37-k6,WOA,3,102029,94,1246.0
A-n37-k6,WOA,3,102029,95,1234.0
A-n37-k6,WOA,3,102029,96,1234.0
A-n37-k6,WOA,3,102029,97,1234.0
A-n37-k6,WOA,3,102029,98,1227.0
A-n37-k6,WOA,3,102029,99,1227.0
A-n37-k6,WOA,3,102029,100,1227.0
A-n37-k6,WOA,3,102029,101,1220.0
A-n37-k6,WOA,3,102029,102,1215.0
A-n37-k6,WOA,3,102029,103,1215.0
A-n37-k6,WOA,3,102029,104,1215.0
A-n37-k6,WOA,3,102029,105,1215.0
A-n37-k6,WOA,3,102029,106,1215.0
A-n37-k6,WOA,3,102029,107,1215.0
A-n37-k6,WOA,3,102029,108,1215.0
A-n37-k6,WOA,3,102029,109,1215.0
A-n37-k6,WOA,3,102029,110,1215.0
A-n37-k6,WOA,3,102029,111,1215.0
A-n37-k6,WOA,3,102029,112,1215.0
A-n37-k6,WOA,3,102029,113,1215.0
A-n37-k6,WOA,3,102029,114,1215.0
A-n37-k6,WOA,3,102029,115,1215.0
A-n37-k6,WOA,3,102029,116,1215.0
A-n37-k6,WOA,3,102029,117,1215.0
A-n37-k6,WOA,3,102029,118,1215.0
A-n37-k6,WOA,3,102029,119,1215.0
A-n37-k6,WOA,3,102029,120,1215.0
A-n37-k6,WOA,3,102029,121,1215.0
A-n37-k6,WOA,3,102029,122,1215.0
A-n37-k6,WOA,3,102029,123,1215.0
A-n37-k6,WOA,3,102029,124,1215.0
A-n37-k6,WOA,3,102029,125,1215.0
A-n37-k6,WOA,3,102029,126,1215.0
A-n37-k6,WOA,3,102029,127,1215.0
A-n37-k6,WOA,3,102029,128,1215.0
A-n37-k6,WOA,3,102029,129,1215.0
A-n37-k6,WOA,3,102029,130,1215.0
A-n37-k6,WOA,3,102029,131,1215.0
A-n37-k6,WOA,3,102029,132,1215.0
A-n37-k6,WOA,3,102029,133,1215.0
A-n37-k6,WOA,3,102029,134,1215.0
A-n37-k6,WOA,3,102029,135,1215.0
A-n37-k6,WOA,3,102029,136,1215.0
A-n37-k6,WOA,3,102029,137,1215.0
A-n37-k6,WOA,3,102029,138,1215.0
A-n37-k6,WOA,3,102029,139,1215.0
A-n37-k6,WOA,3,102029,140,1215.0
A-n37-k6,WOA,3,102029,141,1215.0
A-n37-k6,WOA,3,102029,142,1215.0
A-n37-k6,WOA,3,102029,143,1215.0
A-n37-k6,WOA,3,102029,144,1215.0
A-n37-k6,WOA,3,102029,145,1215.0
A-n37-k6,WOA,3,102029,146,1215.0
A-n37-k6,WOA,3,102029,147,1215.0
A-n37-k6,WOA,3,102029,148,1215.0
A-n37-k6,WOA,3,102029,149,1215.0
A-n37-k6,WOA,3,102029,150,1215.0
A-n37-k6,WOA,3,102029,151,1215.0
A-n37-k6,WOA,3,102029,152,1215.0
A-n37-k6,WOA,3,102029,153,1215.0
A-n37-k6,WOA,3,102029,154,1215.0
A-n37-k6,WOA,3,102029,155,1215.0
A-n37-k6,WOA,3,102029,156,1215.0
A-n37-k6,WOA,3,102029,157,1215.0
A-n37-k6,WOA,3,102029,158,1215.0
A-n37-k6,WOA,3,102029,159,1215.0
A-n37-k6,WOA,3,102029,160,1215.0
A-n37-k6,WOA,3,102029,161,1215.0
A-n37-k6,WOA,3,102029,162,1215.0
A-n37-k6,WOA,3,102029,163,1215.0
A-n37-k6,WOA,3,102029,164,1215.0
A-n37-k6,WOA,3,102029,165,1215.0
A-n37-k6,WOA,3,102029,166,1215.0
A-n37-k6,WOA,3,102029,167,1215.0
A-n37-k6,WOA,3,102029,168,1215.0
A-n37-k6,WOA,3,102029,169,1215.0
A-n37-k6,WOA,3,102029,170,1215.0
A-n37-k6,WOA,3,102029,171,1215.0
A-n37-k6,WOA,3,102029,172,1215.0
A-n37-k6,WOA,3,102029,173,1215.0
A-n37-k6,WOA,3,102029,174,1215.0
A-n37-k6,WOA,3,102029,175,1215.0
A-n37-k6,WOA,3,102029,176,1215.0
A-n37-k6,WOA,3,102029,177,1215.0
A-n37-k6,WOA,3,102029,178,1215.0
A-n37-k6,WOA,3,102029,179,1215.0
A-n37-k6,WOA,3,102029,180,1215.0
A-n37-k6,WOA,3,102029,181,1215.0
A-n37-k6,WOA,3,102029,182,1215.0
A-n37-k6,WOA,3,102029,183,1215.0
A-n37-k6,WOA,3,102029,184,1215.0
A-n37-k6,WOA,3,102029,185,1215.0
A-n37-k6,WOA,3,102029,186,1215.0
A-n37-k6,WOA,3,102029,187,1215.0
A-n37-k6,WOA,3,102029,188,1215.0
A-n37-k6,WOA,3,102029,189,1215.0
A-n37-k6,WOA,3,102029,190,1215.0
A-n37-k6,WOA,3,102029,191,1215.0
A-n37-k6,WOA,3,102029,192,1215.0
A-n37-k6,WOA,3,102029,193,1215.0
A-n37-k6,WOA,3,102029,194,1215.0
A-n37-k6,WOA,3,102029,195,1215.0
A-n37-k6,WOA,3,102029,196,1215.0
A-n37-k6,WOA,3,102029,197,1215.0
A-n37-k6,WOA,3,102029,198,1215.0
A-n37-k6,WOA,3,102029,199,1215.0
A-n37-k6,WOA,3,102029,200,1215.0
A-n37-k6,SSA,1,103027,1,1631.0
A-n37-k6,SSA,1,103027,2,1631.0
A-n37-k6,SSA,1,103027,3,1622.0
A-n37-k6,SSA,1,103027,4,1622.0
A-n37-k6,SSA,1,103027,5,1622.0
A-n37-k6,SSA,1,103027,6,1622.0
A-n37-k6,SSA,1,103027,7,1622.0
A-n37-k6,SSA,1,103027,8,1622.0
A-n37-k6,SSA,1,103027,9,1622.0
A-n37-k6,SSA,1,103027,10,1622.0
A-n37-k6,SSA,1,103027,11,1622.0
A-n37-k6,SSA,1,103027,12,1622.0
A-n37-k6,SSA,1,103027,13,1622.0
A-n37-k6,SSA,1,103027,14,1622.0
A-n37-k6,SSA,1,103027,15,1622.0
A-n37-k6,SSA,1,103027,16,1622.0
A-n37-k6,SSA,1,103027,17,1604.0
A-n37-k6,SSA,1,103027,18,1604.0
A-n37-k6,SSA,1,103027,19,1604.0
A-n37-k6,SSA,1,103027,20,1604.0
A-n37-k6,SSA,1,103027,21,1604.0
A-n37-k6,SSA,1,103027,22,1550.0
A-n37-k6,SSA,1,103027,23,1550.0
A-n37-k6,SSA,1,103027,24,1550.0
A-n37-k6,SSA,1,103027,25,1550.0
A-n37-k6,SSA,1,103027,26,1550.0
A-n37-k6,SSA,1,103027,27,1550.0
A-n37-k6,SSA,1,103027,28,1550.0
A-n37-k6,SSA,1,103027,29,1550.0
A-n37-k6,SSA,1,103027,30,1550.0
A-n37-k6,SSA,1,103027,31,1550.0
A-n37-k6,SSA,1,103027,32,1550.0
A-n37-k6,SSA,1,103027,33,1550.0
A-n37-k6,SSA,1,103027,34,1550.0
A-n37-k6,SSA,1,103027,35,1550.0
A-n37-k6,SSA,1,103027,36,1550.0
A-n37-k6,SSA,1,103027,37,1550.0
A-n37-k6,SSA,1,103027,38,1550.0
A-n37-k6,SSA,1,103027,39,1550.0
A-n37-k6,SSA,1,103027,40,1550.0
A-n37-k6,SSA,1,103027,41,1476.0
A-n37-k6,SSA,1,103027,42,1476.0
A-n37-k6,SSA,1,103027,43,1476.0
A-n37-k6,SSA,1,103027,44,1476.0
A-n37-k6,SSA,1,103027,45,1476.0
A-n37-k6,SSA,1,103027,46,1476.0
A-n37-k6,SSA,1,103027,47,1476.0
A-n37-k6,SSA,1,103027,48,1476.0
A-n37-k6,SSA,1,103027,49,1476.0
A-n37-k6,SSA,1,103027,50,1454.0
A-n37-k6,SSA,1,103027,51,1454.0
A-n37-k6,SSA,1,103027,52,1454.0
A-n37-k6,SSA,1,103027,53,1454.0
A-n37-k6,SSA,1,103027,54,1454.0
A-n37-k6,SSA,1,103027,55,1454.0
A-n37-k6,SSA,1,103027,56,1454.0
A-n37-k6,SSA,1,103027,57,1454.0
A-n37-k6,SSA,1,103027,58,1454.0
A-n37-k6,SSA,1,103027,59,1454.0
A-n37-k6,SSA,1,103027,60,1454.0
A-n37-k6,SSA,1,103027,61,1454.0
A-n37-k6,SSA,1,103027,62,1454.0
A-n37-k6,SSA,1,103027,63,1454.0
A-n37-k6,SSA,1,103027,64,1454.0
A-n37-k6,SSA,1,103027,65,1454.0
A-n37-k6,SSA,1,103027,66,1454.0
A-n37-k6,SSA,1,103027,67,1454.0
A-n37-k6,SSA,1,103027,68,1454.0
A-n37-k6,SSA,1,103027,69,1454.0
A-n37-k6,SSA,1,103027,70,1454.0
A-n37-k6,SSA,1,103027,71,1454.0
A-n37-k6,SSA,1,103027,72,1454.0
A-n37-k6,SSA,1,103027,73,1454.0
A-n37-k6,SSA,1,103027,74,1454.0
A-n37-k6,SSA,1,103027,75,1454.0
A-n37-k6,SSA,1,103027,76,1454.0
A-n37-k6,SSA,1,103027,77,1454.0
A-n37-k6,SSA,1,103027,78,1454.0
A-n37-k6,SSA,1,103027,79,1454.0
A-n37-k6,SSA,1,103027,80,1454.0
A-n37-k6,SSA,1,103027,81,1454.0
A-n37-k6,SSA,1,103027,82,1454.0
A-n37-k6,SSA,1,103027,83,1454.0
A-n37-k6,SSA,1,103027,84,1454.0
A-n37-k6,SSA,1,103027,85,1454.0
A-n37-k6,SSA,1,103027,86,1454.0
A-n37-k6,SSA,1,103027,87,1454.0
A-n37-k6,SSA,1,103027,88,1454.0
A-n37-k6,SSA,1,103027,89,1454.0
A-n37-k6,SSA,1,103027,90,1454.0
A-n37-k6,SSA,1,103027,91,1454.0
A-n37-k6,SSA,1,103027,92,1454.0
A-n37-k6,SSA,1,103027,93,1454.0
A-n37-k6,SSA,1,103027,94,1454.0
A-n37-k6,SSA,1,103027,95,1454.0
A-n37-k6,SSA,1,103027,96,1454.0
A-n37-k6,SSA,1,103027,97,1454.0
A-n37-k6,SSA,1,103027,98,1454.0
A-n37-k6,SSA,1,103027,99,1454.0
A-n37-k6,SSA,1,103027,100,1454.0
A-n37-k6,SSA,1,103027,101,1454.0
A-n37-k6,SSA,1,103027,102,1454.0
A-n37-k6,SSA,1,103027,103,1454.0
A-n37-k6,SSA,1,103027,104,1454.0
A-n37-k6,SSA,1,103027,105,1454.0
A-n37-k6,SSA,1,103027,106,1454.0
A-n37-k6,SSA,1,103027,107,1454.0
A-n37-k6,SSA,1,103027,108,1454.0
A-n37-k6,SSA,1,103027,109,1454.0
A-n37-k6,SSA,1,103027,110,1454.0
A-n37-k6,SSA,1,103027,111,1454.0
A-n37-k6,SSA,1,103027,112,1454.0
A-n37-k6,SSA,1,103027,113,1454.0
A-n37-k6,SSA,1,103027,114,1454.0
A-n37-k6,SSA,1,103027,115,1454.0
A-n37-k6,SSA,1,103027,116,1454.0
A-n37-k6,SSA,1,103027,117,1454.0
A-n37-k6,SSA,1,103027,118,1454.0
A-n37-k6,SSA,1,103027,119,1454.0
A-n37-k6,SSA,1,103027,120,1454.0
A-n37-k6,SSA,1,103027,121,1454.0
A-n37-k6,SSA,1,103027,122,1454.0
A-n37-k6,SSA,1,103027,123,1454.0
A-n37-k6,SSA,1,103027,124,1454.0
A-n37-k6,SSA,1,103027,125,1454.0
A-n37-k6,SSA,1,103027,126,1454.0
A-n37-k6,SSA,1,103027,127,1454.0
A-n37-k6,SSA,1,103027,128,1454.0
A-n37-k6,SSA,1,103027,129,1454.0
A-n37-k6,SSA,1,103027,130,1454.0
A-n37-k6,SSA,1,103027,131,1454.0
A-n37-k6,SSA,1,103027,132,1454.0
A-n37-k6,SSA,1,103027,133,1454.0
A-n37-k6,SSA,1,103027,134,1454.0
A-n37-k6,SSA,1,103027,135,1454.0
A-n37-k6,SSA,1,103027,136,1454.0
A-n37-k6,SSA,1,103027,137,1454.0
A-n37-k6,SSA,1,103027,138,1454.0
A-n37-k6,SSA,1,103027,139,1454.0
A-n37-k6,SSA,1,103027,140,1454.0
A-n37-k6,SSA,1,103027,141,1454.0
A-n37-k6,SSA,1,103027,142,1454.0
A-n37-k6,SSA,1,103027,143,1454.0
A-n37-k6,SSA,1,103027,144,1454.0
A-n37-k6,SSA,1,103027,145,1454.0
A-n37-k6,SSA,1,103027,146,1454.0
A-n37-k6,SSA,1,103027,147,1454.0
A-n37-k6,SSA,1,103027,148,1454.0
A-n37-k6,SSA,1,103027,149,1454.0
A-n37-k6,SSA,1,103027,150,1454.0
A-n37-k6,SSA,1,103027,151,1454.0
A-n37-k6,SSA,1,103027,152,1454.0
A-n37-k6,SSA,1,103027,153,1454.0
A-n37-k6,SSA,1,103027,154,1454.0
A-n37-k6,SSA,1,103027,155,1454.0
A-n37-k6,SSA,1,103027,156,1454.0
A-n37-k6,SSA,1,103027,157,1454.0
A-n37-k6,SSA,1,103027,158,1454.0
A-n37-k6,SSA,1,103027,159,1454.0
A-n37-k6,SSA,1,103027,160,1454.0
A-n37-k6,SSA,1,103027,161,1454.0
A-n37-k6,SSA,1,103027,162,1454.0
A-n37-k6,SSA,1,103027,163,1454.0
A-n37-k6,SSA,1,103027,164,1454.0
A-n37-k6,SSA,1,103027,165,1454.0
A-n37-k6,SSA,1,103027,166,1454.0
A-n37-k6,SSA,1,103027,167,1454.0
A-n37-k6,SSA,1,103027,168,1454.0
A-n37-k6,SSA,1,103027,169,1454.0
A-n37-k6,SSA,1,103027,170,1454.0
A-n37-k6,SSA,1,103027,171,1454.0
A-n37-k6,SSA,1,103027,172,1454.0
A-n37-k6,SSA,1,103027,173,1454.0
A-n37-k6,SSA,1,103027,174,1454.0
A-n37-k6,SSA,1,103027,175,1454.0
A-n37-k6,SSA,1,103027,176,1454.0
A-n37-k6,SSA,1,103027,177,1454.0
A-n37-k6,SSA,1,103027,178,1454.0
A-n37-k6,SSA,1,103027,179,1454.0
A-n37-k6,SSA,1,103027,180,1454.0
A-n37-k6,SSA,1,103027,181,1454.0
A-n37-k6,SSA,1,103027,182,1454.0
A-n37-k6,SSA,1,103027,183,1454.0
A-n37-k6,SSA,1,103027,184,1454.0
A-n37-k6,SSA,1,103027,185,1454.0
A-n37-k6,SSA,1,103027,186,1454.0
A-n37-k6,SSA,1,103027,187,1454.0
A-n37-k6,SSA,1,103027,188,1454.0
A-n37-k6,SSA,1,103027,189,1454.0
A-n37-k6,SSA,1,103027,190,1454.0
A-n37-k6,SSA,1,103027,191,1454.0
A-n37-k6,SSA,1,103027,192,1454.0
A-n37-k6,SSA,1,103027,193,1454.0
A-n37-k6,SSA,1,103027,194,1454.0
A-n37-k6,SSA,1,103027,195,1454.0
A-n37-k6,SSA,1,103027,196,1454.0
A-n37-k6,SSA,1,103027,197,1454.0
A-n37-k6,SSA,1,103027,198,1454.0
A-n37-k6,SSA,1,103027,199,1454.0
A-n37-k6,SSA,1,103027,200,1454.0
A-n37-k6,SSA,2,103028,1,1749.0
A-n37-k6,SSA,2,103028,2,1749.0
A-n37-k6,SSA,2,103028,3,1645.0
A-n37-k6,SSA,2,103028,4,1645.0
A-n37-k6,SSA,2,103028,5,1645.0
A-n37-k6,SSA,2,103028,6,1530.0
A-n37-k6,SSA,2,103028,7,1530.0
A-n37-k6,SSA,2,103028,8,1530.0
A-n37-k6,SSA,2,103028,9,1528.0
A-n37-k6,SSA,2,103028,10,1528.0
A-n37-k6,SSA,2,103028,11,1528.0
A-n37-k6,SSA,2,103028,12,1528.0
A-n37-k6,SSA,2,103028,13,1528.0
A-n37-k6,SSA,2,103028,14,1528.0
A-n37-k6,SSA,2,103028,15,1528.0
A-n37-k6,SSA,2,103028,16,1528.0
A-n37-k6,SSA,2,103028,17,1528.0
A-n37-k6,SSA,2,103028,18,1528.0
A-n37-k6,SSA,2,103028,19,1528.0
A-n37-k6,SSA,2,103028,20,1528.0
A-n37-k6,SSA,2,103028,21,1528.0
A-n37-k6,SSA,2,103028,22,1528.0
A-n37-k6,SSA,2,103028,23,1528.0
A-n37-k6,SSA,2,103028,24,1528.0
A-n37-k6,SSA,2,103028,25,1528.0
A-n37-k6,SSA,2,103028,26,1528.0
A-n37-k6,SSA,2,103028,27,1528.0
A-n37-k6,SSA,2,103028,28,1528.0
A-n37-k6,SSA,2,103028,29,1528.0
A-n37-k6,SSA,2,103028,30,1528.0
A-n37-k6,SSA,2,103028,31,1528.0
A-n37-k6,SSA,2,103028,32,1528.0
A-n37-k6,SSA,2,103028,33,1528.0
A-n37-k6,SSA,2,103028,34,1528.0
A-n37-k6,SSA,2,103028,35,1528.0
A-n37-k6,SSA,2,103028,36,1528.0
A-n37-k6,SSA,2,103028,37,1528.0
A-n37-k6,SSA,2,103028,38,1528.0
A-n37-k6,SSA,2,103028,39,1528.0
A-n37-k6,SSA,2,103028,40,1528.0
A-n37-k6,SSA,2,103028,41,1528.0
A-n37-k6,SSA,2,103028,42,1528.0
A-n37-k6,SSA,2,103028,43,1528.0
A-n37-k6,SSA,2,103028,44,1528.0
A-n37-k6,SSA,2,103028,45,1528.0
A-n37-k6,SSA,2,103028,46,1528.0
A-n37-k6,SSA,2,103028,47,1528.0
A-n37-k6,SSA,2,103028,48,1528.0
A-n37-k6,SSA,2,103028,49,1528.0
A-n37-k6,SSA,2,103028,50,1528.0
A-n37-k6,SSA,2,103028,51,1528.0
A-n37-k6,SSA,2,103028,52,1528.0
A-n37-k6,SSA,2,103028,53,1528.0
A-n37-k6,SSA,2,103028,54,1528.0
A-n37-k6,SSA,2,103028,55,1528.0
A-n37-k6,SSA,2,103028,56,1528.0
A-n37-k6,SSA,2,103028,57,1528.0
A-n37-k6,SSA,2,103028,58,1528.0
A-n37-k6,SSA,2,103028,59,1528.0
A-n37-k6,SSA,2,103028,60,1528.0
A-n37-k6,SSA,2,103028,61,1528.0
A-n37-k6,SSA,2,103028,62,1528.0
A-n37-k6,SSA,2,103028,63,1528.0
A-n37-k6,SSA,2,103028,64,1528.0
A-n37-k6,SSA,2,103028,65,1528.0
A-n37-k6,SSA,2,103028,66,1528.0
A-n37-k6,SSA,2,103028,67,1528.0
A-n37-k6,SSA,2,103028,68,1528.0
A-n37-k6,SSA,2,103028,69,1528.0
A-n37-k6,SSA,2,103028,70,1528.0
A-n37-k6,SSA,2,103028,71,1528.0
A-n37-k6,SSA,2,103028,72,1528.0
A-n37-k6,SSA,2,103028,73,1528.0
A-n37-k6,SSA,2,103028,74,1378.0
A-n37-k6,SSA,2,103028,75,1378.0
A-n37-k6,SSA,2,103028,76,1378.0
A-n37-k6,SSA,2,103028,77,1378.0
A-n37-k6,SSA,2,103028,78,1378.0
A-n37-k6,SSA,2,103028,79,1378.0
A-n37-k6,SSA,2,103028,80,1378.0
A-n37-k6,SSA,2,103028,81,1378.0
A-n37-k6,SSA,2,103028,82,1378.0
A-n37-k6,SSA,2,103028,83,1378.0
A-n37-k6,SSA,2,103028,84,1378.0
A-n37-k6,SSA,2,103028,85,1378.0
A-n37-k6,SSA,2,103028,86,1378.0
A-n37-k6,SSA,2,103028,87,1378.0
A-n37-k6,SSA,2,103028,88,1378.0
A-n37-k6,SSA,2,103028,89,1378.0
A-n37-k6,SSA,2,103028,90,1378.0
A-n37-k6,SSA,2,103028,91,1378.0
A-n37-k6,SSA,2,103028,92,1378.0
A-n37-k6,SSA,2,103028,93,1378.0
A-n37-k6,SSA,2,103028,94,1378.0
A-n37-k6,SSA,2,103028,95,1378.0
A-n37-k6,SSA,2,103028,96,1378.0
A-n37-k6,SSA,2,103028,97,1378.0
A-n37-k6,SSA,2,103028,98,1378.0
A-n37-k6,SSA,2,103028,99,1378.0
A-n37-k6,SSA,2,103028,100,1378.0
A-n37-k6,SSA,2,103028,101,1378.0
A-n37-k6,SSA,2,103028,102,1378.0
A-n37-k6,SSA,2,103028,103,1378.0
A-n37-k6,SSA,2,103028,104,1378.0
A-n37-k6,SSA,2,103028,105,1378.0
A-n37-k6,SSA,2,103028,106,1378.0
A-n37-k6,SSA,2,103028,107,1378.0
A-n37-k6,SSA,2,103028,108,1378.0
A-n37-k6,SSA,2,103028,109,1378.0
A-n37-k6,SSA,2,103028,110,1378.0
A-n37-k6,SSA,2,103028,111,1378.0
A-n37-k6,SSA,2,103028,112,1378.0
A-n37-k6,SSA,2,103028,113,1378.0
A-n37-k6,SSA,2,103028,114,1378.0
A-n37-k6,SSA,2,103028,115,1378.0
A-n37-k6,SSA,2,103028,116,1378.0
A-n37-k6,SSA,2,103028,117,1378.0
A-n37-k6,SSA,2,103028,118,1378.0
A-n37-k6,SSA,2,103028,119,1378.0
A-n37-k6,SSA,2,103028,120,1378.0
A-n37-k6,SSA,2,103028,121,1378.0
A-n37-k6,SSA,2,103028,122,1378.0
A-n37-k6,SSA,2,103028,123,1378.0
A-n37-k6,SSA,2,103028,124,1378.0
A-n37-k6,SSA,2,103028,125,1378.0
A-n37-k6,SSA,2,103028,126,1378.0
A-n37-k6,SSA,2,103028,127,1378.0
A-n37-k6,SSA,2,103028,128,1378.0
A-n37-k6,SSA,2,103028,129,1378.0
A-n37-k6,SSA,2,103028,130,1378.0
A-n37-k6,SSA,2,103028,131,1378.0
A-n37-k6,SSA,2,103028,132,1378.0
A-n37-k6,SSA,2,103028,133,1378.0
A-n37-k6,SSA,2,103028,134,1378.0
A-n37-k6,SSA,2,103028,135,1378.0
A-n37-k6,SSA,2,103028,136,1378.0
A-n37-k6,SSA,2,103028,137,1378.0
A-n37-k6,SSA,2,103028,138,1378.0
A-n37-k6,SSA,2,103028,139,1378.0
A-n37-k6,SSA,2,103028,140,1378.0
A-n37-k6,SSA,2,103028,141,1378.0
A-n37-k6,SSA,2,103028,142,1378.0
A-n37-k6,SSA,2,103028,143,1378.0
A-n37-k6,SSA,2,103028,144,1378.0
A-n37-k6,SSA,2,103028,145,1378.0
A-n37-k6,SSA,2,103028,146,1378.0
A-n37-k6,SSA,2,103028,147,1378.0
A-n37-k6,SSA,2,103028,148,1378.0
A-n37-k6,SSA,2,103028,149,1378.0
A-n37-k6,SSA,2,103028,150,1378.0
A-n37-k6,SSA,2,103028,151,1378.0
A-n37-k6,SSA,2,103028,152,1378.0
A-n37-k6,SSA,2,103028,153,1378.0
A-n37-k6,SSA,2,103028,154,1378.0
A-n37-k6,SSA,2,103028,155,1378.0
A-n37-k6,SSA,2,103028,156,1378.0
A-n37-k6,SSA,2,103028,157,1378.0
A-n37-k6,SSA,2,103028,158,1378.0
A-n37-k6,SSA,2,103028,159,1378.0
A-n37-k6,SSA,2,103028,160,1378.0
A-n37-k6,SSA,2,103028,161,1378.0
A-n37-k6,SSA,2,103028,162,1378.0
A-n37-k6,SSA,2,103028,163,1378.0
A-n37-k6,SSA,2,103028,164,1378.0
A-n37-k6,SSA,2,103028,165,1378.0
A-n37-k6,SSA,2,103028,166,1378.0
A-n37-k6,SSA,2,103028,167,1378.0
A-n37-k6,SSA,2,103028,168,1378.0
A-n37-k6,SSA,2,103028,169,1378.0
A-n37-k6,SSA,2,103028,170,1378.0
A-n37-k6,SSA,2,103028,171,1378.0
A-n37-k6,SSA,2,103028,172,1378.0
A-n37-k6,SSA,2,103028,173,1378.0
A-n37-k6,SSA,2,103028,174,1378.0
A-n37-k6,SSA,2,103028,175,1378.0
A-n37-k6,SSA,2,103028,176,1378.0
A-n37-k6,SSA,2,103028,177,1378.0
A-n37-k6,SSA,2,103028,178,1378.0
A-n37-k6,SSA,2,103028,179,1378.0
A-n37-k6,SSA,2,103028,180,1378.0
A-n37-k6,SSA,2,103028,181,1378.0
A-n37-k6,SSA,2,103028,182,1378.0
A-n37-k6,SSA,2,103028,183,1378.0
A-n37-k6,SSA,2,103028,184,1378.0
A-n37-k6,SSA,2,103028,185,1378.0
A-n37-k6,SSA,2,103028,186,1378.0
A-n37-k6,SSA,2,103028,187,1378.0
A-n37-k6,SSA,2,103028,188,1378.0
A-n37-k6,SSA,2,103028,189,1378.0
A-n37-k6,SSA,2,103028,190,1378.0
A-n37-k6,SSA,2,103028,191,1378.0
A-n37-k6,SSA,2,103028,192,1378.0
A-n37-k6,SSA,2,103028,193,1378.0
A-n37-k6,SSA,2,103028,194,1378.0
A-n37-k6,SSA,2,103028,195,1378.0
A-n37-k6,SSA,2,103028,196,1378.0
A-n37-k6,SSA,2,103028,197,1378.0
A-n37-k6,SSA,2,103028,198,1378.0
A-n37-k6,SSA,2,103028,199,1378.0
A-n37-k6,SSA,2,103028,200,1378.0
A-n37-k6,SSA,3,103029,1,1813.0
A-n37-k6,SSA,3,103029,2,1778.0
A-n37-k6,SSA,3,103029,3,1700.0
A-n37-k6,SSA,3,103029,4,1700.0
A-n37-k6,SSA,3,103029,5,1700.0
A-n37-k6,SSA,3,103029,6,1700.0
A-n37-k6,SSA,3,103029,7,1700.0
A-n37-k6,SSA,3,103029,8,1700.0
A-n37-k6,SSA,3,103029,9,1698.0
A-n37-k6,SSA,3,103029,10,1667.0
A-n37-k6,SSA,3,103029,11,1667.0
A-n37-k6,SSA,3,103029,12,1667.0
A-n37-k6,SSA,3,103029,13,1667.0
A-n37-k6,SSA,3,103029,14,1667.0
A-n37-k6,SSA,3,103029,15,1665.0
A-n37-k6,SSA,3,103029,16,1652.0
A-n37-k6,SSA,3,103029,17,1652.0
A-n37-k6,SSA,3,103029,18,1648.0
A-n37-k6,SSA,3,103029,19,1505.0
A-n37-k6,SSA,3,103029,20,1505.0
A-n37-k6,SSA,3,103029,21,1505.0
A-n37-k6,SSA,3,103029,22,1505.0
A-n37-k6,SSA,3,103029,23,1505.0
A-n37-k6,SSA,3,103029,24,1505.0
A-n37-k6,SSA,3,103029,25,1505.0
A-n37-k6,SSA,3,103029,26,1505.0
A-n37-k6,SSA,3,103029,27,1505.0
A-n37-k6,SSA,3,103029,28,1505.0
A-n37-k6,SSA,3,103029,29,1505.0
A-n37-k6,SSA,3,103029,30,1505.0
A-n37-k6,SSA,3,103029,31,1505.0
A-n37-k6,SSA,3,103029,32,1505.0
A-n37-k6,SSA,3,103029,33,1505.0
A-n37-k6,SSA,3,103029,34,1505.0
A-n37-k6,SSA,3,103029,35,1505.0
A-n37-k6,SSA,3,103029,36,1505.0
A-n37-k6,SSA,3,103029,37,1505.0
A-n37-k6,SSA,3,103029,38,1505.0
A-n37-k6,SSA,3,103029,39,1505.0
A-n37-k6,SSA,3,103029,40,1505.0
A-n37-k6,SSA,3,103029,41,1505.0
A-n37-k6,SSA,3,103029,42,1505.0
A-n37-k6,SSA,3,103029,43,1505.0
A-n37-k6,SSA,3,103029,44,1505.0
A-n37-k6,SSA,3,103029,45,1505.0
A-n37-k6,SSA,3,103029,46,1505.0
A-n37-k6,SSA,3,103029,47,1505.0
A-n37-k6,SSA,3,103029,48,1505.0
A-n37-k6,SSA,3,103029,49,1505.0
A-n37-k6,SSA,3,103029,50,1505.0
A-n37-k6,SSA,3,103029,51,1505.0
A-n37-k6,SSA,3,103029,52,1505.0
A-n37-k6,SSA,3,103029,53,1505.0
A-n37-k6,SSA,3,103029,54,1505.0
A-n37-k6,SSA,3,103029,55,1505.0
A-n37-k6,SSA,3,103029,56,1505.0
A-n37-k6,SSA,3,103029,57,1505.0
A-n37-k6,SSA,3,103029,58,1505.0
A-n37-k6,SSA,3,103029,59,1505.0
A-n37-k6,SSA,3,103029,60,1505.0
A-n37-k6,SSA,3,103029,61,1505.0
A-n37-k6,SSA,3,103029,62,1505.0
A-n37-k6,SSA,3,103029,63,1505.0
A-n37-k6,SSA,3,103029,64,1505.0
A-n37-k6,SSA,3,103029,65,1505.0
A-n37-k6,SSA,3,103029,66,1505.0
A-n37-k6,SSA,3,103029,67,1505.0
A-n37-k6,SSA,3,103029,68,1505.0
A-n37-k6,SSA,3,103029,69,1505.0
A-n37-k6,SSA,3,103029,70,1505.0
A-n37-k6,SSA,3,103029,71,1505.0
A-n37-k6,SSA,3,103029,72,1505.0
A-n37-k6,SSA,3,103029,73,1505.0
A-n37-k6,SSA,3,103029,74,1505.0
A-n37-k6,SSA,3,103029,75,1505.0
A-n37-k6,SSA,3,103029,76,1505.0
A-n37-k6,SSA,3,103029,77,1505.0
A-n37-k6,SSA,3,103029,78,1505.0
A-n37-k6,SSA,3,103029,79,1505.0
A-n37-k6,SSA,3,103029,80,1505.0
A-n37-k6,SSA,3,103029,81,1505.0
A-n37-k6,SSA,3,103029,82,1505.0
A-n37-k6,SSA,3,103029,83,1505.0
A-n37-k6,SSA,3,103029,84,1505.0
A-n37-k6,SSA,3,103029,85,1505.0
A-n37-k6,SSA,3,103029,86,1505.0
A-n37-k6,SSA,3,103029,87,1505.0
A-n37-k6,SSA,3,103029,88,1505.0
A-n37-k6,SSA,3,103029,89,1505.0
A-n37-k6,SSA,3,103029,90,1505.0
A-n37-k6,SSA,3,103029,91,1505.0
A-n37-k6,SSA,3,103029,92,1505.0
A-n37-k6,SSA,3,103029,93,1505.0
A-n37-k6,SSA,3,103029,94,1505.0
A-n37-k6,SSA,3,103029,95,1505.0
A-n37-k6,SSA,3,103029,96,1505.0
A-n37-k6,SSA,3,103029,97,1505.0
A-n37-k6,SSA,3,103029,98,1505.0
A-n37-k6,SSA,3,103029,99,1505.0
A-n37-k6,SSA,3,103029,100,1505.0
A-n37-k6,SSA,3,103029,101,1505.0
A-n37-k6,SSA,3,103029,102,1505.0
A-n37-k6,SSA,3,103029,103,1505.0
A-n37-k6,SSA,3,103029,104,1505.0
A-n37-k6,SSA,3,103029,105,1505.0
A-n37-k6,SSA,3,103029,106,1505.0
A-n37-k6,SSA,3,103029,107,1505.0
A-n37-k6,SSA,3,103029,108,1505.0
A-n37-k6,SSA,3,103029,109,1505.0
A-n37-k6,SSA,3,103029,110,1505.0
A-n37-k6,SSA,3,103029,111,1505.0
A-n37-k6,SSA,3,103029,112,1505.0
A-n37-k6,SSA,3,103029,113,1505.0
A-n37-k6,SSA,3,103029,114,1505.0
A-n37-k6,SSA,3,103029,115,1505.0
A-n37-k6,SSA,3,103029,116,1505.0
A-n37-k6,SSA,3,103029,117,1505.0
A-n37-k6,SSA,3,103029,118,1505.0
A-n37-k6,SSA,3,103029,119,1505.0
A-n37-k6,SSA,3,103029,120,1505.0
A-n37-k6,SSA,3,103029,121,1505.0
A-n37-k6,SSA,3,103029,122,1505.0
A-n37-k6,SSA,3,103029,123,1505.0
A-n37-k6,SSA,3,103029,124,1505.0
A-n37-k6,SSA,3,103029,125,1505.0
A-n37-k6,SSA,3,103029,126,1505.0
A-n37-k6,SSA,3,103029,127,1505.0
A-n37-k6,SSA,3,103029,128,1498.0
A-n37-k6,SSA,3,103029,129,1498.0
A-n37-k6,SSA,3,103029,130,1498.0
A-n37-k6,SSA,3,103029,131,1498.0
A-n37-k6,SSA,3,103029,132,1498.0
A-n37-k6,SSA,3,103029,133,1498.0
A-n37-k6,SSA,3,103029,134,1498.0
A-n37-k6,SSA,3,103029,135,1498.0
A-n37-k6,SSA,3,103029,136,1498.0
A-n37-k6,SSA,3,103029,137,1498.0
A-n37-k6,SSA,3,103029,138,1498.0
A-n37-k6,SSA,3,103029,139,1498.0
A-n37-k6,SSA,3,103029,140,1498.0
A-n37-k6,SSA,3,103029,141,1498.0
A-n37-k6,SSA,3,103029,142,1498.0
A-n37-k6,SSA,3,103029,143,1498.0
A-n37-k6,SSA,3,103029,144,1498.0
A-n37-k6,SSA,3,103029,145,1498.0
A-n37-k6,SSA,3,103029,146,1498.0
A-n37-k6,SSA,3,103029,147,1498.0
A-n37-k6,SSA,3,103029,148,1498.0
A-n37-k6,SSA,3,103029,149,1498.0
A-n37-k6,SSA,3,103029,150,1498.0
A-n37-k6,SSA,3,103029,151,1498.0
A-n37-k6,SSA,3,103029,152,1498.0
A-n37-k6,SSA,3,103029,153,1498.0
A-n37-k6,SSA,3,103029,154,1498.0
A-n37-k6,SSA,3,103029,155,1498.0
A-n37-k6,SSA,3,103029,156,1498.0
A-n37-k6,SSA,3,103029,157,1498.0
A-n37-k6,SSA,3,103029,158,1498.0
A-n37-k6,SSA,3,103029,159,1498.0
A-n37-k6,SSA,3,103029,160,1498.0
A-n37-k6,SSA,3,103029,161,1498.0
A-n37-k6,SSA,3,103029,162,1498.0
A-n37-k6,SSA,3,103029,163,1498.0
A-n37-k6,SSA,3,103029,164,1498.0
A-n37-k6,SSA,3,103029,165,1498.0
A-n37-k6,SSA,3,103029,166,1498.0
A-n37-k6,SSA,3,103029,167,1498.0
A-n37-k6,SSA,3,103029,168,1498.0
A-n37-k6,SSA,3,103029,169,1498.0
A-n37-k6,SSA,3,103029,170,1498.0
A-n37-k6,SSA,3,103029,171,1498.0
A-n37-k6,SSA,3,103029,172,1498.0
A-n37-k6,SSA,3,103029,173,1498.0
A-n37-k6,SSA,3,103029,174,1498.0
A-n37-k6,SSA,3,103029,175,1498.0
A-n37-k6,SSA,3,103029,176,1498.0
A-n37-k6,SSA,3,103029,177,1498.0
A-n37-k6,SSA,3,103029,178,1498.0
A-n37-k6,SSA,3,103029,179,1498.0
A-n37-k6,SSA,3,103029,180,1498.0
A-n37-k6,SSA,3,103029,181,1498.0
A-n37-k6,SSA,3,103029,182,1498.0
A-n37-k6,SSA,3,103029,183,1498.0
A-n37-k6,SSA,3,103029,184,1498.0
A-n37-k6,SSA,3,103029,185,1498.0
A-n37-k6,SSA,3,103029,186,1498.0
A-n37-k6,SSA,3,103029,187,1498.0
A-n37-k6,SSA,3,103029,188,1498.0
A-n37-k6,SSA,3,103029,189,1498.0
A-n37-k6,SSA,3,103029,190,1498.0
A-n37-k6,SSA,3,103029,191,1498.0
A-n37-k6,SSA,3,103029,192,1498.0
A-n37-k6,SSA,3,103029,193,1498.0
A-n37-k6,SSA,3,103029,194,1498.0
A-n37-k6,SSA,3,103029,195,1498.0
A-n37-k6,SSA,3,103029,196,1498.0
A-n37-k6,SSA,3,103029,197,1498.0
A-n37-k6,SSA,3,103029,198,1498.0
A-n37-k6,SSA,3,103029,199,1498.0
A-n37-k6,SSA,3,103029,200,1498.0
A-n37-k6,M-WOA,1,104027,1,1242.0
A-n37-k6,M-WOA,1,104027,2,1145.0
A-n37-k6,M-WOA,1,104027,3,1132.0
A-n37-k6,M-WOA,1,104027,4,1085.0
A-n37-k6,M-WOA,1,104027,5,1037.0
A-n37-k6,M-WOA,1,104027,6,986.0
A-n37-k6,M-WOA,1,104027,7,986.0
A-n37-k6,M-WOA,1,104027,8,986.0
A-n37-k6,M-WOA,1,104027,9,986.0
A-n37-k6,M-WOA,1,104027,10,981.0
A-n37-k6,M-WOA,1,104027,11,981.0
A-n37-k6,M-WOA,1,104027,12,977.0
A-n37-k6,M-WOA,1,104027,13,977.0
A-n37-k6,M-WOA,1,104027,14,977.0
A-n37-k6,M-WOA,1,104027,15,977.0
A-n37-k6,M-WOA,1,104027,16,977.0
A-n37-k6,M-WOA,1,104027,17,977.0
A-n37-k6,M-WOA,1,104027,18,977.0
A-n37-k6,M-WOA,1,104027,19,977.0
A-n37-k6,M-WOA,1,104027,20,977.0
A-n37-k6,M-WOA,1,104027,21,977.0
A-n37-k6,M-WOA,1,104027,22,977.0
A-n37-k6,M-WOA,1,104027,23,977.0
A-n37-k6,M-WOA,1,104027,24,977.0
A-n37-k6,M-WOA,1,104027,25,977.0
A-n37-k6,M-WOA,1,104027,26,977.0
A-n37-k6,M-WOA,1,104027,27,977.0
A-n37-k6,M-WOA,1,104027,28,977.0
A-n37-k6,M-WOA,1,104027,29,977.0
A-n37-k6,M-WOA,1,104027,30,977.0
A-n37-k6,M-WOA,1,104027,31,977.0
A-n37-k6,M-WOA,1,104027,32,977.0
A-n37-k6,M-WOA,1,104027,33,977.0
A-n37-k6,M-WOA,1,104027,34,977.0
A-n37-k6,M-WOA,1,104027,35,977.0
A-n37-k6,M-WOA,1,104027,36,977.0
A-n37-k6,M-WOA,1,104027,37,977.0
A-n37-k6,M-WOA,1,104027,38,977.0
A-n37-k6,M-WOA,1,104027,39,977.0
A-n37-k6,M-WOA,1,104027,40,977.0
A-n37-k6,M-WOA,1,104027,41,977.0
A-n37-k6,M-WOA,1,104027,42,977.0
A-n37-k6,M-WOA,1,104027,43,977.0
A-n37-k6,M-WOA,1,104027,44,977.0
A-n37-k6,M-WOA,1,104027,45,977.0
A-n37-k6,M-WOA,1,104027,46,977.0
A-n37-k6,M-WOA,1,104027,47,977.0
A-n37-k6,M-WOA,1,104027,48,977.0
A-n37-k6,M-WOA,1,104027,49,977.0
A-n37-k6,M-WOA,1,104027,50,977.0
A-n37-k6,M-WOA,1,104027,51,977.0
A-n37-k6,M-WOA,1,104027,52,977.0
A-n37-k6,M-WOA,1,104027,53,977.0
A-n37-k6,M-WOA,1,104027,54,977.0
A-n37-k6,M-WOA,1,104027,55,977.0
A-n37-k6,M-WOA,1,104027,56,977.0
A-n37-k6,M-WOA,1,104027,57,977.0
A-n37-k6,M-WOA,1,104027,58,977.0
A-n37-k6,M-WOA,1,104027,59,977.0
A-n37-k6,M-WOA,1,104027,60,977.0
A-n37-k6,M-WOA,1,104027,61,977.0
A-n37-k6,M-WOA,1,104027,62,977.0
A-n37-k6,M-WOA,1,104027,63,977.0
A-n37-k6,M-WOA,1,104027,64,977.0
A-n37-k6,M-WOA,1,104027,65,977.0
A-n37-k6,M-WOA,1,104027,66,977.0
A-n37-k6,M-WOA,1,104027,67,977.0
A-n37-k6,M-WOA,1,104027,68,977.0
A-n37-k6,M-WOA,1,104027,69,977.0
A-n37-k6,M-WOA,1,104027,70,977.0
A-n37-k6,M-WOA,1,104027,71,977.0
A-n37-k6,M-WOA,1,104027,72,977.0
A-n37-k6,M-WOA,1,104027,73,977.0
A-n37-k6,M-WOA,1,104027,74,977.0
A-n37-k6,M-WOA,1,104027,75,977.0
A-n37-k6,M-WOA,1,104027,76,977.0
A-n37-k6,M-WOA,1,104027,77,977.0
A-n37-k6,M-WOA,1,104027,78,977.0
A-n37-k6,M-WOA,1,104027,79,977.0
A-n37-k6,M-WOA,1,104027,80,977.0
A-n37-k6,M-WOA,1,104027,81,977.0
A-n37-k6,M-WOA,1,104027,82,977.0
A-n37-k6,M-WOA,1,104027,83,977.0
A-n37-k6,M-WOA,1,104027,84,977.0
A-n37-k6,M-WOA,1,104027,85,977.0
A-n37-k6,M-WOA,1,104027,86,977.0
A-n37-k6,M-WOA,1,104027,87,977.0
A-n37-k6,M-WOA,1,104027,88,977.0
A-n37-k6,M-WOA,1,104027,89,977.0
A-n37-k6,M-WOA,1,104027,90,977.0
A-n37-k6,M-WOA,1,104027,91,977.0
A-n37-k6,M-WOA,1,104027,92,977.0
A-n37-k6,M-WOA,1,104027,93,977.0
A-n37-k6,M-WOA,1,104027,94,977.0
A-n37-k6,M-WOA,1,104027,95,977.0
A-n37-k6,M-WOA,1,104027,96,977.0
A-n37-k6,M-WOA,1,104027,97,977.0
A-n37-k6,M-WOA,1,104027,98,977.0
A-n37-k6,M-WOA,1,104027,99,977.0
A-n37-k6,M-WOA,1,104027,100,977.0
A-n37-k6,M-WOA,1,104027,101,977.0
A-n37-k6,M-WOA,1,104027,102,977.0
A-n37-k6,M-WOA,1,104027,103,977.0
A-n37-k6,M-WOA,1,104027,104,977.0
A-n37-k6,M-WOA,1,104027,105,977.0
A-n37-k6,M-WOA,1,104027,106,977.0
A-n37-k6,M-WOA,1,104027,107,977.0
A-n37-k6,M-WOA,1,104027,108,977.0
A-n37-k6,M-WOA,1,104027,109,977.0
A-n37-k6,M-WOA,1,104027,110,977.0
A-n37-k6,M-WOA,1,104027,111,977.0
A-n37-k6,M-WOA,1,104027,112,977.0
A-n37-k6,M-WOA,1,104027,113,977.0
A-n37-k6,M-WOA,1,104027,114,977.0
A-n37-k6,M-WOA,1,104027,115,977.0
A-n37-k6,M-WOA,1,104027,116,977.0
A-n37-k6,M-WOA,1,104027,117,977.0
A-n37-k6,M-WOA,1,104027,118,977.0
A-n37-k6,M-WOA,1,104027,119,977.0
A-n37-k6,M-WOA,1,104027,120,977.0
A-n37-k6,M-WOA,1,104027,121,977.0
A-n37-k6,M-WOA,1,104027,122,977.0
A-n37-k6,M-WOA,1,104027,123,977.0
A-n37-k6,M-WOA,1,104027,124,977.0
A-n37-k6,M-WOA,1,104027,125,977.0
A-n37-k6,M-WOA,1,104027,126,977.0
A-n37-k6,M-WOA,1,104027,127,977.0
A-n37-k6,M-WOA,1,104027,128,977.0
A-n37-k6,M-WOA,1,104027,129,977.0
A-n37-k6,M-WOA,1,104027,130,977.0
A-n37-k6,M-WOA,1,104027,131,977.0
A-n37-k6,M-WOA,1,104027,132,977.0
A-n37-k6,M-WOA,1,104027,133,977.0
A-n37-k6,M-WOA,1,104027,134,977.0
A-n37-k6,M-WOA,1,104027,135,977.0
A-n37-k6,M-WOA,1,104027,136,977.0
A-n37-k6,M-WOA,1,104027,137,977.0
A-n37-k6,M-WOA,1,104027,138,977.0
A-n37-k6,M-WOA,1,104027,139,977.0
A-n37-k6,M-WOA,1,104027,140,977.0
A-n37-k6,M-WOA,1,104027,141,977.0
A-n37-k6,M-WOA,1,104027,142,977.0
A-n37-k6,M-WOA,1,104027,143,977.0
A-n37-k6,M-WOA,1,104027,144,977.0
A-n37-k6,M-WOA,1,104027,145,977.0
A-n37-k6,M-WOA,1,104027,146,977.0
A-n37-k6,M-WOA,1,104027,147,977.0
A-n37-k6,M-WOA,1,104027,148,977.0
A-n37-k6,M-WOA,1,104027,149,977.0
A-n37-k6,M-WOA,1,104027,150,977.0
A-n37-k6,M-WOA,1,104027,151,977.0
A-n37-k6,M-WOA,1,104027,152,977.0
A-n37-k6,M-WOA,1,104027,153,977.0
A-n37-k6,M-WOA,1,104027,154,977.0
A-n37-k6,M-WOA,1,104027,155,977.0
A-n37-k6,M-WOA,1,104027,156,977.0
A-n37-k6,M-WOA,1,104027,157,977.0
A-n37-k6,M-WOA,1,104027,158,977.0
A-n37-k6,M-WOA,1,104027,159,977.0
A-n37-k6,M-WOA,1,104027,160,977.0
A-n37-k6,M-WOA,1,104027,161,977.0
A-n37-k6,M-WOA,1,104027,162,977.0
A-n37-k6,M-WOA,1,104027,163,977.0
A-n37-k6,M-WOA,1,104027,164,977.0
A-n37-k6,M-WOA,1,104027,165,977.0
A-n37-k6,M-WOA,1,104027,166,977.0
A-n37-k6,M-WOA,1,104027,167,977.0
A-n37-k6,M-WOA,1,104027,168,977.0
A-n37-k6,M-WOA,1,104027,169,977.0
A-n37-k6,M-WOA,1,104027,170,977.0
A-n37-k6,M-WOA,1,104027,171,977.0
A-n37-k6,M-WOA,1,104027,172,977.0
A-n37-k6,M-WOA,1,104027,173,977.0
A-n37-k6,M-WOA,1,104027,174,977.0
A-n37-k6,M-WOA,1,104027,175,977.0
A-n37-k6,M-WOA,1,104027,176,977.0
A-n37-k6,M-WOA,1,104027,177,977.0
A-n37-k6,M-WOA,1,104027,178,977.0
A-n37-k6,M-WOA,1,104027,179,977.0
A-n37-k6,M-WOA,1,104027,180,977.0
A-n37-k6,M-WOA,1,104027,181,977.0
A-n37-k6,M-WOA,1,104027,182,977.0
A-n37-k6,M-WOA,1,104027,183,977.0
A-n37-k6,M-WOA,1,104027,184,977.0
A-n37-k6,M-WOA,1,104027,185,977.0
A-n37-k6,M-WOA,1,104027,186,977.0
A-n37-k6,M-WOA,1,104027,187,977.0
A-n37-k6,M-WOA,1,104027,188,977.0
A-n37-k6,M-WOA,1,104027,189,977.0
A-n37-k6,M-WOA,1,104027,190,977.0
A-n37-k6,M-WOA,1,104027,191,977.0
A-n37-k6,M-WOA,1,104027,192,977.0
A-n37-k6,M-WOA,1,104027,193,977.0
A-n37-k6,M-WOA,1,104027,194,977.0
A-n37-k6,M-WOA,1,104027,195,977.0
A-n37-k6,M-WOA,1,104027,196,977.0
A-n37-k6,M-WOA,1,104027,197,977.0
A-n37-k6,M-WOA,1,104027,198,977.0
A-n37-k6,M-WOA,1,104027,199,977.0
A-n37-k6,M-WOA,1,104027,200,977.0
A-n37-k6,M-WOA,2,104028,1,1308.0
A-n37-k6,M-WOA,2,104028,2,1228.0
A-n37-k6,M-WOA,2,104028,3,1167.0
A-n37-k6,M-WOA,2,104028,4,1113.0
A-n37-k6,M-WOA,2,104028,5,1102.0
A-n37-k6,M-WOA,2,104028,6,1102.0
A-n37-k6,M-WOA,2,104028,7,1099.0
A-n37-k6,M-WOA,2,104028,8,1088.0
A-n37-k6,M-WOA,2,104028,9,1088.0
A-n37-k6,M-WOA,2,104028,10,1080.0
A-n37-k6,M-WOA,2,104028,11,1080.0
A-n37-k6,M-WOA,2,104028,12,1080.0
A-n37-k6,M-WOA,2,104028,13,1078.0
A-n37-k6,M-WOA,2,104028,14,1073.0
A-n37-k6,M-WOA,2,104028,15,1040.0
A-n37-k6,M-WOA,2,104028,16,1038.0
A-n37-k6,M-WOA,2,104028,17,1023.0
A-n37-k6,M-WOA,2,104028,18,1023.0
A-n37-k6,M-WOA,2,104028,19,1014.0
A-n37-k6,M-WOA,2,104028,20,1005.0
A-n37-k6,M-WOA,2,104028,21,1005.0
A-n37-k6,M-WOA,2,104028,22,1003.0
A-n37-k6,M-WOA,2,104028,23,1003.0
A-n37-k6,M-WOA,2,104028,24,1003.0
A-n37-k6,M-WOA,2,104028,25,1003.0
A-n37-k6,M-WOA,2,104028,26,1003.0
A-n37-k6,M-WOA,2,104028,27,1003.0
A-n37-k6,M-WOA,2,104028,28,1003.0
A-n37-k6,M-WOA,2,104028,29,997.0
A-n37-k6,M-WOA,2,104028,30,997.0
A-n37-k6,M-WOA,2,104028,31,997.0
A-n37-k6,M-WOA,2,104028,32,997.0
A-n37-k6,M-WOA,2,104028,33,997.0
A-n37-k6,M-WOA,2,104028,34,997.0
A-n37-k6,M-WOA,2,104028,35,997.0
A-n37-k6,M-WOA,2,104028,36,997.0
A-n37-k6,M-WOA,2,104028,37,997.0
A-n37-k6,M-WOA,2,104028,38,997.0
A-n37-k6,M-WOA,2,104028,39,997.0
A-n37-k6,M-WOA,2,104028,40,997.0
A-n37-k6,M-WOA,2,104028,41,997.0
A-n37-k6,M-WOA,2,104028,42,997.0
A-n37-k6,M-WOA,2,104028,43,997.0
A-n37-k6,M-WOA,2,104028,44,997.0
A-n37-k6,M-WOA,2,104028,45,997.0
A-n37-k6,M-WOA,2,104028,46,997.0
A-n37-k6,M-WOA,2,104028,47,997.0
A-n37-k6,M-WOA,2,104028,48,997.0
A-n37-k6,M-WOA,2,104028,49,997.0
A-n37-k6,M-WOA,2,104028,50,997.0
A-n37-k6,M-WOA,2,104028,51,997.0
A-n37-k6,M-WOA,2,104028,52,997.0
A-n37-k6,M-WOA,2,104028,53,997.0
A-n37-k6,M-WOA,2,104028,54,997.0
A-n37-k6,M-WOA,2,104028,55,997.0
A-n37-k6,M-WOA,2,104028,56,997.0
A-n37-k6,M-WOA,2,104028,57,997.0
A-n37-k6,M-WOA,2,104028,58,997.0
A-n37-k6,M-WOA,2,104028,59,997.0
A-n37-k6,M-WOA,2,104028,60,997.0
A-n37-k6,M-WOA,2,104028,61,997.0
A-n37-k6,M-WOA,2,104028,62,997.0
A-n37-k6,M-WOA,2,104028,63,997.0
A-n37-k6,M-WOA,2,104028,64,997.0
A-n37-k6,M-WOA,2,104028,65,997.0
A-n37-k6,M-WOA,2,104028,66,997.0
A-n37-k6,M-WOA,2,104028,67,997.0
A-n37-k6,M-WOA,2,104028,68,997.0
A-n37-k6,M-WOA,2,104028,69,997.0
A-n37-k6,M-WOA,2,104028,70,997.0
A-n37-k6,M-WOA,2,104028,71,997.0
A-n37-k6,M-WOA,2,104028,72,997.0
A-n37-k6,M-WOA,2,104028,73,997.0
A-n37-k6,M-WOA,2,104028,74,997.0
A-n37-k6,M-WOA,2,104028,75,997.0
A-n37-k6,M-WOA,2,104028,76,997.0
A-n37-k6,M-WOA,2,104028,77,997.0
A-n37-k6,M-WOA,2,104028,78,997.0
A-n37-k6,M-WOA,2,104028,79,997.0
A-n37-k6,M-WOA,2,104028,80,966.0
A-n37-k6,M-WOA,2,104028,81,966.0
A-n37-k6,M-WOA,2,104028,82,966.0
A-n37-k6,M-WOA,2,104028,83,966.0
A-n37-k6,M-WOA,2,104028,84,966.0
A-n37-k6,M-WOA,2,104028,85,966.0
A-n37-k6,M-WOA,2,104028,86,966.0
A-n37-k6,M-WOA,2,104028,87,966.0
A-n37-k6,M-WOA,2,104028,88,966.0
A-n37-k6,M-WOA,2,104028,89,966.0
A-n37-k6,M-WOA,2,104028,90,966.0
A-n37-k6,M-WOA,2,104028,91,966.0
A-n37-k6,M-WOA,2,104028,92,966.0
A-n37-k6,M-WOA,2,104028,93,966.0
A-n37-k6,M-WOA,2,104028,94,966.0
A-n37-k6,M-WOA,2,104028,95,966.0
A-n37-k6,M-WOA,2,104028,96,966.0
A-n37-k6,M-WOA,2,104028,97,966.0
A-n37-k6,M-WOA,2,104028,98,966.0
A-n37-k6,M-WOA,2,104028,99,966.0
A-n37-k6,M-WOA,2,104028,100,966.0
A-n37-k6,M-WOA,2,104028,101,966.0
A-n37-k6,M-WOA,2,104028,102,966.0
A-n37-k6,M-WOA,2,104028,103,966.0
A-n37-k6,M-WOA,2,104028,104,966.0
A-n37-k6,M-WOA,2,104028,105,966.0
A-n37-k6,M-WOA,2,104028,106,966.0
A-n37-k6,M-WOA,2,104028,107,966.0
A-n37-k6,M-WOA,2,104028,108,966.0
A-n37-k6,M-WOA,2,104028,109,966.0
A-n37-k6,M-WOA,2,104028,110,966.0
A-n37-k6,M-WOA,2,104028,111,966.0
A-n37-k6,M-WOA,2,104028,112,966.0
A-n37-k6,M-WOA,2,104028,113,966.0
A-n37-k6,M-WOA,2,104028,114,966.0
A-n37-k6,M-WOA,2,104028,115,966.0
A-n37-k6,M-WOA,2,104028,116,966.0
A-n37-k6,M-WOA,2,104028,117,966.0
A-n37-k6,M-WOA,2,104028,118,966.0
A-n37-k6,M-WOA,2,104028,119,966.0
A-n37-k6,M-WOA,2,104028,120,966.0
A-n37-k6,M-WOA,2,104028,121,966.0
A-n37-k6,M-WOA,2,104028,122,966.0
A-n37-k6,M-WOA,2,104028,123,966.0
A-n37-k6,M-WOA,2,104028,124,966.0
A-n37-k6,M-WOA,2,104028,125,966.0
A-n37-k6,M-WOA,2,104028,126,966.0
A-n37-k6,M-WOA,2,104028,127,966.0
A-n37-k6,M-WOA,2,104028,128,966.0
A-n37-k6,M-WOA,2,104028,129,966.0
A-n37-k6,M-WOA,2,104028,130,966.0
A-n37-k6,M-WOA,2,104028,131,966.0
A-n37-k6,M-WOA,2,104028,132,966.0
A-n37-k6,M-WOA,2,104028,133,966.0
A-n37-k6,M-WOA,2,104028,134,966.0
A-n37-k6,M-WOA,2,104028,135,966.0
A-n37-k6,M-WOA,2,104028,136,966.0
A-n37-k6,M-WOA,2,104028,137,966.0
A-n37-k6,M-WOA,2,104028,138,966.0
A-n37-k6,M-WOA,2,104028,139,966.0
A-n37-k6,M-WOA,2,104028,140,966.0
A-n37-k6,M-WOA,2,104028,141,966.0
A-n37-k6,M-WOA,2,104028,142,966.0
A-n37-k6,M-WOA,2,104028,143,966.0
A-n37-k6,M-WOA,2,104028,144,966.0
A-n37-k6,M-WOA,2,104028,145,966.0
A-n37-k6,M-WOA,2,104028,146,966.0
A-n37-k6,M-WOA,2,104028,147,966.0
A-n37-k6,M-WOA,2,104028,148,966.0
A-n37-k6,M-WOA,2,104028,149,966.0
A-n37-k6,M-WOA,2,104028,150,966.0
A-n37-k6,M-WOA,2,104028,151,966.0
A-n37-k6,M-WOA,2,104028,152,966.0
A-n37-k6,M-WOA,2,104028,153,966.0
A-n37-k6,M-WOA,2,104028,154,966.0
A-n37-k6,M-WOA,2,104028,155,966.0
A-n37-k6,M-WOA,2,104028,156,966.0
A-n37-k6,M-WOA,2,104028,157,966.0
A-n37-k6,M-WOA,2,104028,158,966.0
A-n37-k6,M-WOA,2,104028,159,966.0
A-n37-k6,M-WOA,2,104028,160,966.0
A-n37-k6,M-WOA,2,104028,161,966.0
A-n37-k6,M-WOA,2,104028,162,966.0
A-n37-k6,M-WOA,2,104028,163,966.0
A-n37-k6,M-WOA,2,104028,164,966.0
A-n37-k6,M-WOA,2,104028,165,966.0
A-n37-k6,M-WOA,2,104028,166,966.0
A-n37-k6,M-WOA,2,104028,167,966.0
A-n37-k6,M-WOA,2,104028,168,966.0
A-n37-k6,M-WOA,2,104028,169,966.0
A-n37-k6,M-WOA,2,104028,170,966.0
A-n37-k6,M-WOA,2,104028,171,966.0
A-n37-k6,M-WOA,2,104028,172,966.0
A-n37-k6,M-WOA,2,104028,173,966.0
A-n37-k6,M-WOA,2,104028,174,966.0
A-n37-k6,M-WOA,2,104028,175,966.0
A-n37-k6,M-WOA,2,104028,176,966.0
A-n37-k6,M-WOA,2,104028,177,966.0
A-n37-k6,M-WOA,2,104028,178,966.0
A-n37-k6,M-WOA,2,104028,179,966.0
A-n37-k6,M-WOA,2,104028,180,966.0
A-n37-k6,M-WOA,2,104028,181,966.0
A-n37-k6,M-WOA,2,104028,182,966.0
A-n37-k6,M-WOA,2,104028,183,966.0
A-n37-k6,M-WOA,2,104028,184,966.0
A-n37-k6,M-WOA,2,104028,185,966.0
A-n37-k6,M-WOA,2,104028,186,966.0
A-n37-k6,M-WOA,2,104028,187,966.0
A-n37-k6,M-WOA,2,104028,188,966.0
A-n37-k6,M-WOA,2,104028,189,966.0
A-n37-k6,M-WOA,2,104028,190,966.0
A-n37-k6,M-WOA,2,104028,191,966.0
A-n37-k6,M-WOA,2,104028,192,966.0
A-n37-k6,M-WOA,2,104028,193,966.0
A-n37-k6,M-WOA,2,104028,194,966.0
A-n37-k6,M-WOA,2,104028,195,966.0
A-n37-k6,M-WOA,2,104028,196,966.0
A-n37-k6,M-WOA,2,104028,197,966.0
A-n37-k6,M-WOA,2,104028,198,966.0
A-n37-k6,M-WOA,2,104028,199,966.0
A-n37-k6,M-WOA,2,104028,200,966.0
A-n37-k6,M-WOA,3,104029,1,1278.0
A-n37-k6,M-WOA,3,104029,2,1245.0
A-n37-k6,M-WOA,3,104029,3,1181.0
A-n37-k6,M-WOA,3,104029,4,1065.0
A-n37-k6,M-WOA,3,104029,5,1064.0
A-n37-k6,M-WOA,3,104029,6,1063.0
A-n37-k6,M-WOA,3,104029,7,1063.0
A-n37-k6,M-WOA,3,104029,8,1063.0
A-n37-k6,M-WOA,3,104029,9,1063.0
A-n37-k6,M-WOA,3,104029,10,1047.0
A-n37-k6,M-WOA,3,104029,11,1047.0
A-n37-k6,M-WOA,3,104029,12,1040.0
A-n37-k6,M-WOA,3,104029,13,1039.0
A-n37-k6,M-WOA,3,104029,14,1039.0
A-n37-k6,M-WOA,3,104029,15,1039.0
A-n37-k6,M-WOA,3,104029,16,1037.0
A-n37-k6,M-WOA,3,104029,17,1037.0
A-n37-k6,M-WOA,3,104029,18,1037.0
A-n37-k6,M-WOA,3,104029,19,1037.0
A-n37-k6,M-WOA,3,104029,20,1037.0
A-n37-k6,M-WOA,3,104029,21,1037.0
A-n37-k6,M-WOA,3,104029,22,1037.0
A-n37-k6,M-WOA,3,104029,23,1037.0
A-n37-k6,M-WOA,3,104029,24,1030.0
A-n37-k6,M-WOA,3,104029,25,1030.0
A-n37-k6,M-WOA,3,104029,26,1030.0
A-n37-k6,M-WOA,3,104029,27,1030.0
A-n37-k6,M-WOA,3,104029,28,1030.0
A-n37-k6,M-WOA,3,104029,29,1030.0
A-n37-k6,M-WOA,3,104029,30,1030.0
A-n37-k6,M-WOA,3,104029,31,1030.0
A-n37-k6,M-WOA,3,104029,32,1030.0
A-n37-k6,M-WOA,3,104029,33,1030.0
A-n37-k6,M-WOA,3,104029,34,1030.0
A-n37-k6,M-WOA,3,104029,35,1030.0
A-n37-k6,M-WOA,3,104029,36,1019.0
A-n37-k6,M-WOA,3,104029,37,1019.0
A-n37-k6,M-WOA,3,104029,38,1019.0
A-n37-k6,M-WOA,3,104029,39,1019.0
A-n37-k6,M-WOA,3,104029,40,1019.0
A-n37-k6,M-WOA,3,104029,41,1019.0
A-n37-k6,M-WOA,3,104029,42,1019.0
A-n37-k6,M-WOA,3,104029,43,1019.0
A-n37-k6,M-WOA,3,104029,44,1019.0
A-n37-k6,M-WOA,3,104029,45,1019.0
A-n37-k6,M-WOA,3,104029,46,1019.0
A-n37-k6,M-WOA,3,104029,47,1019.0
A-n37-k6,M-WOA,3,104029,48,1019.0
A-n37-k6,M-WOA,3,104029,49,1019.0
A-n37-k6,M-WOA,3,104029,50,1019.0
A-n37-k6,M-WOA,3,104029,51,1019.0
A-n37-k6,M-WOA,3,104029,52,1019.0
A-n37-k6,M-WOA,3,104029,53,1016.0
A-n37-k6,M-WOA,3,104029,54,1012.0
A-n37-k6,M-WOA,3,104029,55,1012.0
A-n37-k6,M-WOA,3,104029,56,1007.0
A-n37-k6,M-WOA,3,104029,57,1007.0
A-n37-k6,M-WOA,3,104029,58,1002.0
A-n37-k6,M-WOA,3,104029,59,1002.0
A-n37-k6,M-WOA,3,104029,60,1002.0
A-n37-k6,M-WOA,3,104029,61,1002.0
A-n37-k6,M-WOA,3,104029,62,1002.0
A-n37-k6,M-WOA,3,104029,63,1002.0
A-n37-k6,M-WOA,3,104029,64,1002.0
A-n37-k6,M-WOA,3,104029,65,1002.0
A-n37-k6,M-WOA,3,104029,66,1002.0
A-n37-k6,M-WOA,3,104029,67,1002.0
A-n37-k6,M-WOA,3,104029,68,1002.0
A-n37-k6,M-WOA,3,104029,69,1002.0
A-n37-k6,M-WOA,3,104029,70,1002.0
A-n37-k6,M-WOA,3,104029,71,1002.0
A-n37-k6,M-WOA,3,104029,72,1002.0
A-n37-k6,M-WOA,3,104029,73,1002.0
A-n37-k6,M-WOA,3,104029,74,1002.0
A-n37-k6,M-WOA,3,104029,75,1002.0
A-n37-k6,M-WOA,3,104029,76,1002.0
A-n37-k6,M-WOA,3,104029,77,1002.0
A-n37-k6,M-WOA,3,104029,78,1002.0
A-n37-k6,M-WOA,3,104029,79,1002.0
A-n37-k6,M-WOA,3,104029,80,1002.0
A-n37-k6,M-WOA,3,104029,81,1002.0
A-n37-k6,M-WOA,3,104029,82,1002.0
A-n37-k6,M-WOA,3,104029,83,1002.0
A-n37-k6,M-WOA,3,104029,84,1002.0
A-n37-k6,M-WOA,3,104029,85,1002.0
A-n37-k6,M-WOA,3,104029,86,1002.0
A-n37-k6,M-WOA,3,104029,87,1002.0
A-n37-k6,M-WOA,3,104029,88,1002.0
A-n37-k6,M-WOA,3,104029,89,1002.0
A-n37-k6,M-WOA,3,104029,90,1002.0
A-n37-k6,M-WOA,3,104029,91,1002.0
A-n37-k6,M-WOA,3,104029,92,1002.0
A-n37-k6,M-WOA,3,104029,93,1002.0
A-n37-k6,M-WOA,3,104029,94,1002.0
A-n37-k6,M-WOA,3,104029,95,1002.0
A-n37-k6,M-WOA,3,104029,96,1002.0
A-n37-k6,M-WOA,3,104029,97,1002.0
A-n37-k6,M-WOA,3,104029,98,1002.0
A-n37-k6,M-WOA,3,104029,99,1002.0
A-n37-k6,M-WOA,3,104029,100,1002.0
A-n37-k6,M-WOA,3,104029,101,1002.0
A-n37-k6,M-WOA,3,104029,102,1002.0
A-n37-k6,M-WOA,3,104029,103,1002.0
A-n37-k6,M-WOA,3,104029,104,1002.0
A-n37-k6,M-WOA,3,104029,105,1002.0
A-n37-k6,M-WOA,3,104029,106,1002.0
A-n37-k6,M-WOA,3,104029,107,1002.0
A-n37-k6,M-WOA,3,104029,108,1002.0
A-n37-k6,M-WOA,3,104029,109,1002.0
A-n37-k6,M-WOA,3,104029,110,1002.0
A-n37-k6,M-WOA,3,104029,111,1002.0
A-n37-k6,M-WOA,3,104029,112,1002.0
A-n37-k6,M-WOA,3,104029,113,1002.0
A-n37-k6,M-WOA,3,104029,114,1002.0
A-n37-k6,M-WOA,3,104029,115,1002.0
A-n37-k6,M-WOA,3,104029,116,1002.0
A-n37-k6,M-WOA,3,104029,117,1002.0
A-n37-k6,M-WOA,3,104029,118,1002.0
A-n37-k6,M-WOA,3,104029,119,1002.0
A-n37-k6,M-WOA,3,104029,120,1002.0
A-n37-k6,M-WOA,3,104029,121,1002.0
A-n37-k6,M-WOA,3,104029,122,1002.0
A-n37-k6,M-WOA,3,104029,123,1002.0
A-n37-k6,M-WOA,3,104029,124,1002.0
A-n37-k6,M-WOA,3,104029,125,1002.0
A-n37-k6,M-WOA,3,104029,126,1002.0
A-n37-k6,M-WOA,3,104029,127,1002.0
A-n37-k6,M-WOA,3,104029,128,1002.0
A-n37-k6,M-WOA,3,104029,129,1002.0
A-n37-k6,M-WOA,3,104029,130,1002.0
A-n37-k6,M-WOA,3,104029,131,1002.0
A-n37-k6,M-WOA,3,104029,132,1002.0
A-n37-k6,M-WOA,3,104029,133,1002.0
A-n37-k6,M-WOA,3,104029,134,1002.0
A-n37-k6,M-WOA,3,104029,135,1002.0
A-n37-k6,M-WOA,3,104029,136,1002.0
A-n37-k6,M-WOA,3,104029,137,1002.0
A-n37-k6,M-WOA,3,104029,138,1002.0
A-n37-k6,M-WOA,3,104029,139,1002.0
A-n37-k6,M-WOA,3,104029,140,1002.0
A-n37-k6,M-WOA,3,104029,141,1002.0
A-n37-k6,M-WOA,3,104029,142,1002.0
A-n37-k6,M-WOA,3,104029,143,1002.0
A-n37-k6,M-WOA,3,104029,144,1002.0
A-n37-k6,M-WOA,3,104029,145,1002.0
A-n37-k6,M-WOA,3,104029,146,1002.0
A-n37-k6,M-WOA,3,104029,147,1002.0
A-n37-k6,M-WOA,3,104029,148,1002.0
A-n37-k6,M-WOA,3,104029,149,1002.0
A-n37-k6,M-WOA,3,104029,150,1002.0
A-n37-k6,M-WOA,3,104029,151,1002.0
A-n37-k6,M-WOA,3,104029,152,1002.0
A-n37-k6,M-WOA,3,104029,153,1002.0
A-n37-k6,M-WOA,3,104029,154,1002.0
A-n37-k6,M-WOA,3,104029,155,1002.0
A-n37-k6,M-WOA,3,104029,156,1002.0
A-n37-k6,M-WOA,3,104029,157,1002.0
A-n37-k6,M-WOA,3,104029,158,1002.0
A-n37-k6,M-WOA,3,104029,159,1002.0
A-n37-k6,M-WOA,3,104029,160,1002.0
A-n37-k6,M-WOA,3,104029,161,1002.0
A-n37-k6,M-WOA,3,104029,162,1002.0
A-n37-k6,M-WOA,3,104029,163,1002.0
A-n37-k6,M-WOA,3,104029,164,1002.0
A-n37-k6,M-WOA,3,104029,165,1002.0
A-n37-k6,M-WOA,3,104029,166,1002.0
A-n37-k6,M-WOA,3,104029,167,1002.0
A-n37-k6,M-WOA,3,104029,168,1002.0
A-n37-k6,M-WOA,3,104029,169,1002.0
A-n37-k6,M-WOA,3,104029,170,1002.0
A-n37-k6,M-WOA,3,104029,171,1002.0
A-n37-k6,M-WOA,3,104029,172,1002.0
A-n37-k6,M-WOA,3,104029,173,1002.0
A-n37-k6,M-WOA,3,104029,174,1002.0
A-n37-k6,M-WOA,3,104029,175,1002.0
A-n37-k6,M-WOA,3,104029,176,1002.0
A-n37-k6,M-WOA,3,104029,177,1002.0
A-n37-k6,M-WOA,3,104029,178,1002.0
A-n37-k6,M-WOA,3,104029,179,1002.0
A-n37-k6,M-WOA,3,104029,180,1002.0
A-n37-k6,M-WOA,3,104029,181,1002.0
A-n37-k6,M-WOA,3,104029,182,1002.0
A-n37-k6,M-WOA,3,104029,183,1002.0
A-n37-k6,M-WOA,3,104029,184,1002.0
A-n37-k6,M-WOA,3,104029,185,1002.0
A-n37-k6,M-WOA,3,104029,186,1002.0
A-n37-k6,M-WOA,3,104029,187,1002.0
A-n37-k6,M-WOA,3,104029,188,1002.0
A-n37-k6,M-WOA,3,104029,189,1002.0
A-n37-k6,M-WOA,3,104029,190,1002.0
A-n37-k6,M-WOA,3,104029,191,1002.0
A-n37-k6,M-WOA,3,104029,192,1002.0
A-n37-k6,M-WOA,3,104029,193,1002.0
A-n37-k6,M-WOA,3,104029,194,1002.0
A-n37-k6,M-WOA,3,104029,195,1002.0
A-n37-k6,M-WOA,3,104029,196,1002.0
A-n37-k6,M-WOA,3,104029,197,1002.0
A-n37-k6,M-WOA,3,104029,198,1002.0
A-n37-k6,M-WOA,3,104029,199,1002.0
A-n37-k6,M-WOA,3,104029,200,1002.0
A-n37-k6,M-SSA,1,105027,1,1239.0
A-n37-k6,M-SSA,1,105027,2,1239.0
A-n37-k6,M-SSA,1,105027,3,1226.0
A-n37-k6,M-SSA,1,105027,4,1226.0
A-n37-k6,M-SSA,1,105027,5,1165.0
A-n37-k6,M-SSA,1,105027,6,1165.0
A-n37-k6,M-SSA,1,105027,7,1165.0
A-n37-k6,M-SSA,1,105027,8,1165.0
A-n37-k6,M-SSA,1,105027,9,1165.0
A-n37-k6,M-SSA,1,105027,10,1097.0
A-n37-k6,M-SSA,1,105027,11,1097.0
A-n37-k6,M-SSA,1,105027,12,1097.0
A-n37-k6,M-SSA,1,105027,13,1097.0
A-n37-k6,M-SSA,1,105027,14,1097.0
A-n37-k6,M-SSA,1,105027,15,1097.0
A-n37-k6,M-SSA,1,105027,16,1097.0
A-n37-k6,M-SSA,1,105027,17,1097.0
A-n37-k6,M-SSA,1,105027,18,1097.0
A-n37-k6,M-SSA,1,105027,19,1097.0
A-n37-k6,M-SSA,1,105027,20,1097.0
A-n37-k6,M-SSA,1,105027,21,1097.0
A-n37-k6,M-SSA,1,105027,22,1097.0
A-n37-k6,M-SSA,1,105027,23,1097.0
A-n37-k6,M-SSA,1,105027,24,1097.0
A-n37-k6,M-SSA,1,105027,25,1097.0
A-n37-k6,M-SSA,1,105027,26,1097.0
A-n37-k6,M-SSA,1,105027,27,1097.0
A-n37-k6,M-SSA,1,105027,28,1097.0
A-n37-k6,M-SSA,1,105027,29,1097.0
A-n37-k6,M-SSA,1,105027,30,1097.0
A-n37-k6,M-SSA,1,105027,31,1097.0
A-n37-k6,M-SSA,1,105027,32,1097.0
A-n37-k6,M-SSA,1,105027,33,1097.0
A-n37-k6,M-SSA,1,105027,34,1097.0
A-n37-k6,M-SSA,1,105027,35,1097.0
A-n37-k6,M-SSA,1,105027,36,1097.0
A-n37-k6,M-SSA,1,105027,37,1097.0
A-n37-k6,M-SSA,1,105027,38,1097.0
A-n37-k6,M-SSA,1,105027,39,1097.0
A-n37-k6,M-SSA,1,105027,40,1097.0
A-n37-k6,M-SSA,1,105027,41,1092.0
A-n37-k6,M-SSA,1,105027,42,1092.0
A-n37-k6,M-SSA,1,105027,43,1092.0
A-n37-k6,M-SSA,1,105027,44,1092.0
A-n37-k6,M-SSA,1,105027,45,1092.0
A-n37-k6,M-SSA,1,105027,46,1092.0
A-n37-k6,M-SSA,1,105027,47,1092.0
A-n37-k6,M-SSA,1,105027,48,1092.0
A-n37-k6,M-SSA,1,105027,49,1092.0
A-n37-k6,M-SSA,1,105027,50,1092.0
A-n37-k6,M-SSA,1,105027,51,1092.0
A-n37-k6,M-SSA,1,105027,52,1092.0
A-n37-k6,M-SSA,1,105027,53,1092.0
A-n37-k6,M-SSA,1,105027,54,1092.0
A-n37-k6,M-SSA,1,105027,55,1092.0
A-n37-k6,M-SSA,1,105027,56,1092.0
A-n37-k6,M-SSA,1,105027,57,1073.0
A-n37-k6,M-SSA,1,105027,58,1073.0
A-n37-k6,M-SSA,1,105027,59,1073.0
A-n37-k6,M-SSA,1,105027,60,1073.0
A-n37-k6,M-SSA,1,105027,61,1073.0
A-n37-k6,M-SSA,1,105027,62,1073.0
A-n37-k6,M-SSA,1,105027,63,1073.0
A-n37-k6,M-SSA,1,105027,64,1073.0
A-n37-k6,M-SSA,1,105027,65,1073.0
A-n37-k6,M-SSA,1,105027,66,1073.0
A-n37-k6,M-SSA,1,105027,67,1073.0
A-n37-k6,M-SSA,1,105027,68,1073.0
A-n37-k6,M-SSA,1,105027,69,1073.0
A-n37-k6,M-SSA,1,105027,70,1073.0
A-n37-k6,M-SSA,1,105027,71,1073.0
A-n37-k6,M-SSA,1,105027,72,1073.0
A-n37-k6,M-SSA,1,105027,73,1073.0
A-n37-k6,M-SSA,1,105027,74,1064.0
A-n37-k6,M-SSA,1,105027,75,1064.0
A-n37-k6,M-SSA,1,105027,76,1046.0
A-n37-k6,M-SSA,1,105027,77,1046.0
A-n37-k6,M-SSA,1,105027,78,1046.0
A-n37-k6,M-SSA,1,105027,79,1046.0
A-n37-k6,M-SSA,1,105027,80,1046.0
A-n37-k6,M-SSA,1,105027,81,1046.0
A-n37-k6,M-SSA,1,105027,82,1046.0
A-n37-k6,M-SSA,1,105027,83,1046.0
A-n37-k6,M-SSA,1,105027,84,1046.0
A-n37-k6,M-SSA,1,105027,85,1046.0
A-n37-k6,M-SSA,1,105027,86,1046.0
A-n37-k6,M-SSA,1,105027,87,1046.0
A-n37-k6,M-SSA,1,105027,88,1046.0
A-n37-k6,M-SSA,1,105027,89,1046.0
A-n37-k6,M-SSA,1,105027,90,1046.0
A-n37-k6,M-SSA,1,105027,91,1046.0
A-n37-k6,M-SSA,1,105027,92,1046.0
A-n37-k6,M-SSA,1,105027,93,1046.0
A-n37-k6,M-SSA,1,105027,94,1046.0
A-n37-k6,M-SSA,1,105027,95,1046.0
A-n37-k6,M-SSA,1,105027,96,1046.0
A-n37-k6,M-SSA,1,105027,97,1046.0
A-n37-k6,M-SSA,1,105027,98,1046.0
A-n37-k6,M-SSA,1,105027,99,1046.0
A-n37-k6,M-SSA,1,105027,100,1046.0
A-n37-k6,M-SSA,1,105027,101,1046.0
A-n37-k6,M-SSA,1,105027,102,1046.0
A-n37-k6,M-SSA,1,105027,103,1046.0
A-n37-k6,M-SSA,1,105027,104,1046.0
A-n37-k6,M-SSA,1,105027,105,1046.0
A-n37-k6,M-SSA,1,105027,106,1046.0
A-n37-k6,M-SSA,1,105027,107,1046.0
A-n37-k6,M-SSA,1,105027,108,1046.0
A-n37-k6,M-SSA,1,105027,109,1046.0
A-n37-k6,M-SSA,1,105027,110,1046.0
A-n37-k6,M-SSA,1,105027,111,1046.0
A-n37-k6,M-SSA,1,105027,112,1046.0
A-n37-k6,M-SSA,1,105027,113,1046.0
A-n37-k6,M-SSA,1,105027,114,1046.0
A-n37-k6,M-SSA,1,105027,115,1046.0
A-n37-k6,M-SSA,1,105027,116,1046.0
A-n37-k6,M-SSA,1,105027,117,1046.0
A-n37-k6,M-SSA,1,105027,118,1046.0
A-n37-k6,M-SSA,1,105027,119,1046.0
A-n37-k6,M-SSA,1,105027,120,1046.0
A-n37-k6,M-SSA,1,105027,121,1046.0
A-n37-k6,M-SSA,1,105027,122,1046.0
A-n37-k6,M-SSA,1,105027,123,1046.0
A-n37-k6,M-SSA,1,105027,124,1046.0
A-n37-k6,M-SSA,1,105027,125,1046.0
A-n37-k6,M-SSA,1,105027,126,1046.0
A-n37-k6,M-SSA,1,105027,127,1046.0
A-n37-k6,M-SSA,1,105027,128,1046.0
A-n37-k6,M-SSA,1,105027,129,1046.0
A-n37-k6,M-SSA,1,105027,130,1046.0
A-n37-k6,M-SSA,1,105027,131,1046.0
A-n37-k6,M-SSA,1,105027,132,1046.0
A-n37-k6,M-SSA,1,105027,133,1046.0
A-n37-k6,M-SSA,1,105027,134,1046.0
A-n37-k6,M-SSA,1,105027,135,1046.0
A-n37-k6,M-SSA,1,105027,136,1046.0
A-n37-k6,M-SSA,1,105027,137,1046.0
A-n37-k6,M-SSA,1,105027,138,1046.0
A-n37-k6,M-SSA,1,105027,139,1046.0
A-n37-k6,M-SSA,1,105027,140,1046.0
A-n37-k6,M-SSA,1,105027,141,1046.0
A-n37-k6,M-SSA,1,105027,142,1046.0
A-n37-k6,M-SSA,1,105027,143,1046.0
A-n37-k6,M-SSA,1,105027,144,1046.0
A-n37-k6,M-SSA,1,105027,145,1046.0
A-n37-k6,M-SSA,1,105027,146,1046.0
A-n37-k6,M-SSA,1,105027,147,1046.0
A-n37-k6,M-SSA,1,105027,148,1046.0
A-n37-k6,M-SSA,1,105027,149,1046.0
A-n37-k6,M-SSA,1,105027,150,1046.0
A-n37-k6,M-SSA,1,105027,151,1046.0
A-n37-k6,M-SSA,1,105027,152,1046.0
A-n37-k6,M-SSA,1,105027,153,1046.0
A-n37-k6,M-SSA,1,105027,154,1046.0
A-n37-k6,M-SSA,1,105027,155,1046.0
A-n37-k6,M-SSA,1,105027,156,1046.0
A-n37-k6,M-SSA,1,105027,157,1046.0
A-n37-k6,M-SSA,1,105027,158,1046.0
A-n37-k6,M-SSA,1,105027,159,1046.0
A-n37-k6,M-SSA,1,105027,160,1046.0
A-n37-k6,M-SSA,1,105027,161,1036.0
A-n37-k6,M-SSA,1,105027,162,1036.0
A-n37-k6,M-SSA,1,105027,163,1015.0
A-n37-k6,M-SSA,1,105027,164,1015.0
A-n37-k6,M-SSA,1,105027,165,1015.0
A-n37-k6,M-SSA,1,105027,166,1015.0
A-n37-k6,M-SSA,1,105027,167,1015.0
A-n37-k6,M-SSA,1,105027,168,1015.0
A-n37-k6,M-SSA,1,105027,169,1015.0
A-n37-k6,M-SSA,1,105027,170,1015.0
A-n37-k6,M-SSA,1,105027,171,1015.0
A-n37-k6,M-SSA,1,105027,172,1015.0
A-n37-k6,M-SSA,1,105027,173,1014.0
A-n37-k6,M-SSA,1,105027,174,1014.0
A-n37-k6,M-SSA,1,105027,175,1001.0
A-n37-k6,M-SSA,1,105027,176,1001.0
A-n37-k6,M-SSA,1,105027,177,1001.0
A-n37-k6,M-SSA,1,105027,178,1001.0
A-n37-k6,M-SSA,1,105027,179,1001.0
A-n37-k6,M-SSA,1,105027,180,1001.0
A-n37-k6,M-SSA,1,105027,181,1001.0
A-n37-k6,M-SSA,1,105027,182,1001.0
A-n37-k6,M-SSA,1,105027,183,999.0
A-n37-k6,M-SSA,1,105027,184,999.0
A-n37-k6,M-SSA,1,105027,185,999.0
A-n37-k6,M-SSA,1,105027,186,999.0
A-n37-k6,M-SSA,1,105027,187,999.0
A-n37-k6,M-SSA,1,105027,188,999.0
A-n37-k6,M-SSA,1,105027,189,999.0
A-n37-k6,M-SSA,1,105027,190,999.0
A-n37-k6,M-SSA,1,105027,191,999.0
A-n37-k6,M-SSA,1,105027,192,999.0
A-n37-k6,M-SSA,1,105027,193,999.0
A-n37-k6,M-SSA,1,105027,194,999.0
A-n37-k6,M-SSA,1,105027,195,999.0
A-n37-k6,M-SSA,1,105027,196,988.0
A-n37-k6,M-SSA,1,105027,197,988.0
A-n37-k6,M-SSA,1,105027,198,988.0
A-n37-k6,M-SSA,1,105027,199,988.0
A-n37-k6,M-SSA,1,105027,200,988.0
A-n37-k6,M-SSA,2,105028,1,1279.0
A-n37-k6,M-SSA,2,105028,2,1279.0
A-n37-k6,M-SSA,2,105028,3,1279.0
A-n37-k6,M-SSA,2,105028,4,1273.0
A-n37-k6,M-SSA,2,105028,5,1244.0
A-n37-k6,M-SSA,2,105028,6,1205.0
A-n37-k6,M-SSA,2,105028,7,1159.0
A-n37-k6,M-SSA,2,105028,8,1141.0
A-n37-k6,M-SSA,2,105028,9,1129.0
A-n37-k6,M-SSA,2,105028,10,1122.0
A-n37-k6,M-SSA,2,105028,11,1122.0
A-n37-k6,M-SSA,2,105028,12,1122.0
A-n37-k6,M-SSA,2,105028,13,1122.0
A-n37-k6,M-SSA,2,105028,14,1122.0
A-n37-k6,M-SSA,2,105028,15,1122.0
A-n37-k6,M-SSA,2,105028,16,1122.0
A-n37-k6,M-SSA,2,105028,17,1122.0
A-n37-k6,M-SSA,2,105028,18,1122.0
A-n37-k6,M-SSA,2,105028,19,1099.0
A-n37-k6,M-SSA,2,105028,20,1099.0
A-n37-k6,M-SSA,2,105028,21,1099.0
A-n37-k6,M-SSA,2,105028,22,1099.0
A-n37-k6,M-SSA,2,105028,23,1099.0
A-n37-k6,M-SSA,2,105028,24,1099.0
A-n37-k6,M-SSA,2,105028,25,1099.0
A-n37-k6,M-SSA,2,105028,26,1099.0
A-n37-k6,M-SSA,2,105028,27,1099.0
A-n37-k6,M-SSA,2,105028,28,1099.0
A-n37-k6,M-SSA,2,105028,29,1094.0
A-n37-k6,M-SSA,2,105028,30,1094.0
A-n37-k6,M-SSA,2,105028,31,1094.0
A-n37-k6,M-SSA,2,105028,32,1094.0
A-n37-k6,M-SSA,2,105028,33,1094.0
A-n37-k6,M-SSA,2,105028,34,1094.0
A-n37-k6,M-SSA,2,105028,35,1094.0
A-n37-k6,M-SSA,2,105028,36,1094.0
A-n37-k6,M-SSA,2,105028,37,1094.0
A-n37-k6,M-SSA,2,105028,38,1094.0
A-n37-k6,M-SSA,2,105028,39,1094.0
A-n37-k6,M-SSA,2,105028,40,1094.0
A-n37-k6,M-SSA,2,105028,41,1094.0
A-n37-k6,M-SSA,2,105028,42,1094.0
A-n37-k6,M-SSA,2,105028,43,1094.0
A-n37-k6,M-SSA,2,105028,44,1094.0
A-n37-k6,M-SSA,2,105028,45,1094.0
A-n37-k6,M-SSA,2,105028,46,1094.0
A-n37-k6,M-SSA,2,105028,47,1094.0
A-n37-k6,M-SSA,2,105028,48,1094.0
A-n37-k6,M-SSA,2,105028,49,1094.0
A-n37-k6,M-SSA,2,105028,50,1094.0
A-n37-k6,M-SSA,2,105028,51,1094.0
A-n37-k6,M-SSA,2,105028,52,1094.0
A-n37-k6,M-SSA,2,105028,53,1094.0
A-n37-k6,M-SSA,2,105028,54,1094.0
A-n37-k6,M-SSA,2,105028,55,1094.0
A-n37-k6,M-SSA,2,105028,56,1094.0
A-n37-k6,M-SSA,2,105028,57,1094.0
A-n37-k6,M-SSA,2,105028,58,1094.0
A-n37-k6,M-SSA,2,105028,59,1094.0
A-n37-k6,M-SSA,2,105028,60,1094.0
A-n37-k6,M-SSA,2,105028,61,1094.0
A-n37-k6,M-SSA,2,105028,62,1094.0
A-n37-k6,M-SSA,2,105028,63,1094.0
A-n37-k6,M-SSA,2,105028,64,1094.0
A-n37-k6,M-SSA,2,105028,65,1094.0
A-n37-k6,M-SSA,2,105028,66,1094.0
A-n37-k6,M-SSA,2,105028,67,1094.0
A-n37-k6,M-SSA,2,105028,68,1094.0
A-n37-k6,M-SSA,2,105028,69,1094.0
A-n37-k6,M-SSA,2,105028,70,1089.0
A-n37-k6,M-SSA,2,105028,71,1089.0
A-n37-k6,M-SSA,2,105028,72,1089.0
A-n37-k6,M-SSA,2,105028,73,1089.0
A-n37-k6,M-SSA,2,105028,74,1089.0
A-n37-k6,M-SSA,2,105028,75,1089.0
A-n37-k6,M-SSA,2,105028,76,1089.0
A-n37-k6,M-SSA,2,105028,77,1089.0
A-n37-k6,M-SSA,2,105028,78,1089.0
A-n37-k6,M-SSA,2,105028,79,1089.0
A-n37-k6,M-SSA,2,105028,80,1089.0
A-n37-k6,M-SSA,2,105028,81,1089.0
A-n37-k6,M-SSA,2,105028,82,1089.0
A-n37-k6,M-SSA,2,105028,83,1089.0
A-n37-k6,M-SSA,2,105028,84,1089.0
A-n37-k6,M-SSA,2,105028,85,1089.0
A-n37-k6,M-SSA,2,105028,86,1071.0
A-n37-k6,M-SSA,2,105028,87,1071.0
A-n37-k6,M-SSA,2,105028,88,1071.0
A-n37-k6,M-SSA,2,105028,89,1071.0
A-n37-k6,M-SSA,2,105028,90,1071.0
A-n37-k6,M-SSA,2,105028,91,1071.0
A-n37-k6,M-SSA,2,105028,92,1071.0
A-n37-k6,M-SSA,2,105028,93,1071.0
A-n37-k6,M-SSA,2,105028,94,1071.0
A-n37-k6,M-SSA,2,105028,95,1071.0
A-n37-k6,M-SSA,2,105028,96,1071.0
A-n37-k6,M-SSA,2,105028,97,1071.0
A-n37-k6,M-SSA,2,105028,98,1071.0
A-n37-k6,M-SSA,2,105028,99,1071.0
A-n37-k6,M-SSA,2,105028,100,1071.0
A-n37-k6,M-SSA,2,105028,101,1071.0
A-n37-k6,M-SSA,2,105028,102,988.0
A-n37-k6,M-SSA,2,105028,103,988.0
A-n37-k6,M-SSA,2,105028,104,988.0
A-n37-k6,M-SSA,2,105028,105,988.0
A-n37-k6,M-SSA,2,105028,106,988.0
A-n37-k6,M-SSA,2,105028,107,988.0
A-n37-k6,M-SSA,2,105028,108,988.0
A-n37-k6,M-SSA,2,105028,109,988.0
A-n37-k6,M-SSA,2,105028,110,988.0
A-n37-k6,M-SSA,2,105028,111,988.0
A-n37-k6,M-SSA,2,105028,112,988.0
A-n37-k6,M-SSA,2,105028,113,988.0
A-n37-k6,M-SSA,2,105028,114,988.0
A-n37-k6,M-SSA,2,105028,115,988.0
A-n37-k6,M-SSA,2,105028,116,988.0
A-n37-k6,M-SSA,2,105028,117,988.0
A-n37-k6,M-SSA,2,105028,118,988.0
A-n37-k6,M-SSA,2,105028,119,988.0
A-n37-k6,M-SSA,2,105028,120,988.0
A-n37-k6,M-SSA,2,105028,121,988.0
A-n37-k6,M-SSA,2,105028,122,988.0
A-n37-k6,M-SSA,2,105028,123,988.0
A-n37-k6,M-SSA,2,105028,124,988.0
A-n37-k6,M-SSA,2,105028,125,988.0
A-n37-k6,M-SSA,2,105028,126,988.0
A-n37-k6,M-SSA,2,105028,127,988.0
A-n37-k6,M-SSA,2,105028,128,988.0
A-n37-k6,M-SSA,2,105028,129,988.0
A-n37-k6,M-SSA,2,105028,130,988.0
A-n37-k6,M-SSA,2,105028,131,988.0
A-n37-k6,M-SSA,2,105028,132,988.0
A-n37-k6,M-SSA,2,105028,133,988.0
A-n37-k6,M-SSA,2,105028,134,988.0
A-n37-k6,M-SSA,2,105028,135,988.0
A-n37-k6,M-SSA,2,105028,136,988.0
A-n37-k6,M-SSA,2,105028,137,988.0
A-n37-k6,M-SSA,2,105028,138,988.0
A-n37-k6,M-SSA,2,105028,139,988.0
A-n37-k6,M-SSA,2,105028,140,988.0
A-n37-k6,M-SSA,2,105028,141,988.0
A-n37-k6,M-SSA,2,105028,142,988.0
A-n37-k6,M-SSA,2,105028,143,988.0
A-n37-k6,M-SSA,2,105028,144,988.0
A-n37-k6,M-SSA,2,105028,145,988.0
A-n37-k6,M-SSA,2,105028,146,988.0
A-n37-k6,M-SSA,2,105028,147,988.0
A-n37-k6,M-SSA,2,105028,148,988.0
A-n37-k6,M-SSA,2,105028,149,988.0
A-n37-k6,M-SSA,2,105028,150,988.0
A-n37-k6,M-SSA,2,105028,151,988.0
A-n37-k6,M-SSA,2,105028,152,988.0
A-n37-k6,M-SSA,2,105028,153,988.0
A-n37-k6,M-SSA,2,105028,154,988.0
A-n37-k6,M-SSA,2,105028,155,988.0
A-n37-k6,M-SSA,2,105028,156,988.0
A-n37-k6,M-SSA,2,105028,157,988.0
A-n37-k6,M-SSA,2,105028,158,986.0
A-n37-k6,M-SSA,2,105028,159,986.0
A-n37-k6,M-SSA,2,105028,160,986.0
A-n37-k6,M-SSA,2,105028,161,966.0
A-n37-k6,M-SSA,2,105028,162,966.0
A-n37-k6,M-SSA,2,105028,163,966.0
A-n37-k6,M-SSA,2,105028,164,966.0
A-n37-k6,M-SSA,2,105028,165,966.0
A-n37-k6,M-SSA,2,105028,166,966.0
A-n37-k6,M-SSA,2,105028,167,966.0
A-n37-k6,M-SSA,2,105028,168,966.0
A-n37-k6,M-SSA,2,105028,169,966.0
A-n37-k6,M-SSA,2,105028,170,966.0
A-n37-k6,M-SSA,2,105028,171,966.0
A-n37-k6,M-SSA,2,105028,172,966.0
A-n37-k6,M-SSA,2,105028,173,966.0
A-n37-k6,M-SSA,2,105028,174,966.0
A-n37-k6,M-SSA,2,105028,175,966.0
A-n37-k6,M-SSA,2,105028,176,966.0
A-n37-k6,M-SSA,2,105028,177,966.0
A-n37-k6,M-SSA,2,105028,178,966.0
A-n37-k6,M-SSA,2,105028,179,966.0
A-n37-k6,M-SSA,2,105028,180,966.0
A-n37-k6,M-SSA,2,105028,181,966.0
A-n37-k6,M-SSA,2,105028,182,966.0
A-n37-k6,M-SSA,2,105028,183,966.0
A-n37-k6,M-SSA,2,105028,184,966.0
A-n37-k6,M-SSA,2,105028,185,966.0
A-n37-k6,M-SSA,2,105028,186,966.0
A-n37-k6,M-SSA,2,105028,187,966.0
A-n37-k6,M-SSA,2,105028,188,966.0
A-n37-k6,M-SSA,2,105028,189,966.0
A-n37-k6,M-SSA,2,105028,190,966.0
A-n37-k6,M-SSA,2,105028,191,966.0
A-n37-k6,M-SSA,2,105028,192,966.0
A-n37-k6,M-SSA,2,105028,193,966.0
A-n37-k6,M-SSA,2,105028,194,966.0
A-n37-k6,M-SSA,2,105028,195,966.0
A-n37-k6,M-SSA,2,105028,196,966.0
A-n37-k6,M-SSA,2,105028,197,966.0
A-n37-k6,M-SSA,2,105028,198,966.0
A-n37-k6,M-SSA,2,105028,199,966.0
A-n37-k6,M-SSA,2,105028,200,966.0
A-n37-k6,M-SSA,3,105029,1,1324.0
A-n37-k6,M-SSA,3,105029,2,1270.0
A-n37-k6,M-SSA,3,105029,3,1242.0
A-n37-k6,M-SSA,3,105029,4,1242.0
A-n37-k6,M-SSA,3,105029,5,1163.0
A-n37-k6,M-SSA,3,105029,6,1163.0
A-n37-k6,M-SSA,3,105029,7,1163.0
A-n37-k6,M-SSA,3,105029,8,1163.0
A-n37-k6,M-SSA,3,105029,9,1163.0
A-n37-k6,M-SSA,3,105029,10,1163.0
A-n37-k6,M-SSA,3,105029,11,1163.0
A-n37-k6,M-SSA,3,105029,12,1140.0
A-n37-k6,M-SSA,3,105029,13,1140.0
A-n37-k6,M-SSA,3,105029,14,1130.0
A-n37-k6,M-SSA,3,105029,15,1130.0
A-n37-k6,M-SSA,3,105029,16,1130.0
A-n37-k6,M-SSA,3,105029,17,1114.0
A-n37-k6,M-SSA,3,105029,18,1114.0
A-n37-k6,M-SSA,3,105029,19,1114.0
A-n37-k6,M-SSA,3,105029,20,1070.0
A-n37-k6,M-SSA,3,105029,21,1070.0
A-n37-k6,M-SSA,3,105029,22,1070.0
A-n37-k6,M-SSA,3,105029,23,1070.0
A-n37-k6,M-SSA,3,105029,24,1070.0
A-n37-k6,M-SSA,3,105029,25,1070.0
A-n37-k6,M-SSA,3,105029,26,1070.0
A-n37-k6,M-SSA,3,105029,27,1070.0
A-n37-k6,M-SSA,3,105029,28,1070.0
A-n37-k6,M-SSA,3,105029,29,1070.0
A-n37-k6,M-SSA,3,105029,30,1070.0
A-n37-k6,M-SSA,3,105029,31,1070.0
A-n37-k6,M-SSA,3,105029,32,1070.0
A-n37-k6,M-SSA,3,105029,33,1070.0
A-n37-k6,M-SSA,3,105029,34,1070.0
A-n37-k6,M-SSA,3,105029,35,1070.0
A-n37-k6,M-SSA,3,105029,36,1070.0
A-n37-k6,M-SSA,3,105029,37,1070.0
A-n37-k6,M-SSA,3,105029,38,1070.0
A-n37-k6,M-SSA,3,105029,39,1070.0
A-n37-k6,M-SSA,3,105029,40,1070.0
A-n37-k6,M-SSA,3,105029,41,1070.0
A-n37-k6,M-SSA,3,105029,42,1070.0
A-n37-k6,M-SSA,3,105029,43,1070.0
A-n37-k6,M-SSA,3,105029,44,1070.0
A-n37-k6,M-SSA,3,105029,45,1070.0
A-n37-k6,M-SSA,3,105029,46,1070.0
A-n37-k6,M-SSA,3,105029,47,1070.0
A-n37-k6,M-SSA,3,105029,48,1070.0
A-n37-k6,M-SSA,3,105029,49,1070.0
A-n37-k6,M-SSA,3,105029,50,1070.0
A-n37-k6,M-SSA,3,105029,51,1070.0
A-n37-k6,M-SSA,3,105029,52,1070.0
A-n37-k6,M-SSA,3,105029,53,1070.0
A-n37-k6,M-SSA,3,105029,54,1070.0
A-n37-k6,M-SSA,3,105029,55,1070.0
A-n37-k6,M-SSA,3,105029,56,1070.0
A-n37-k6,M-SSA,3,105029,57,1070.0
A-n37-k6,M-SSA,3,105029,58,1070.0
A-n37-k6,M-SSA,3,105029,59,1070.0
A-n37-k6,M-SSA,3,105029,60,1070.0
A-n37-k6,M-SSA,3,105029,61,1070.0
A-n37-k6,M-SSA,3,105029,62,1070.0
A-n37-k6,M-SSA,3,105029,63,1070.0
A-n37-k6,M-SSA,3,105029,64,1070.0
A-n37-k6,M-SSA,3,105029,65,1070.0
A-n37-k6,M-SSA,3,105029,66,1070.0
A-n37-k6,M-SSA,3,105029,67,1070.0
A-n37-k6,M-SSA,3,105029,68,1070.0
A-n37-k6,M-SSA,3,105029,69,1070.0
A-n37-k6,M-SSA,3,105029,70,1070.0
A-n37-k6,M-SSA,3,105029,71,1053.0
A-n37-k6,M-SSA,3,105029,72,1053.0
A-n37-k6,M-SSA,3,105029,73,1053.0
A-n37-k6,M-SSA,3,105029,74,1053.0
A-n37-k6,M-SSA,3,105029,75,1053.0
A-n37-k6,M-SSA,3,105029,76,1053.0
A-n37-k6,M-SSA,3,105029,77,1053.0
A-n37-k6,M-SSA,3,105029,78,1053.0
A-n37-k6,M-SSA,3,105029,79,1053.0
A-n37-k6,M-SSA,3,105029,80,1053.0
A-n37-k6,M-SSA,3,105029,81,1053.0
A-n37-k6,M-SSA,3,105029,82,1053.0
A-n37-k6,M-SSA,3,105029,83,1053.0
A-n37-k6,M-SSA,3,105029,84,1053.0
A-n37-k6,M-SSA,3,105029,85,1053.0
A-n37-k6,M-SSA,3,105029,86,1053.0
A-n37-k6,M-SSA,3,105029,87,1053.0
A-n37-k6,M-SSA,3,105029,88,1053.0
A-n37-k6,M-SSA,3,105029,89,1053.0
A-n37-k6,M-SSA,3,105029,90,1053.0
A-n37-k6,M-SSA,3,105029,91,1046.0
A-n37-k6,M-SSA,3,105029,92,1046.0
A-n37-k6,M-SSA,3,105029,93,1046.0
A-n37-k6,M-SSA,3,105029,94,1046.0
A-n37-k6,M-SSA,3,105029,95,1046.0
A-n37-k6,M-SSA,3,105029,96,1046.0
A-n37-k6,M-SSA,3,105029,97,1046.0
A-n37-k6,M-SSA,3,105029,98,1046.0
A-n37-k6,M-SSA,3,105029,99,1046.0
A-n37-k6,M-SSA,3,105029,100,1046.0
A-n37-k6,M-SSA,3,105029,101,1046.0
A-n37-k6,M-SSA,3,105029,102,1046.0
A-n37-k6,M-SSA,3,105029,103,1046.0
A-n37-k6,M-SSA,3,105029,104,1046.0
A-n37-k6,M-SSA,3,105029,105,1046.0
A-n37-k6,M-SSA,3,105029,106,1046.0
A-n37-k6,M-SSA,3,105029,107,1046.0
A-n37-k6,M-SSA,3,105029,108,1046.0
A-n37-k6,M-SSA,3,105029,109,1046.0
A-n37-k6,M-SSA,3,105029,110,1046.0
A-n37-k6,M-SSA,3,105029,111,1046.0
A-n37-k6,M-SSA,3,105029,112,1046.0
A-n37-k6,M-SSA,3,105029,113,1046.0
A-n37-k6,M-SSA,3,105029,114,1046.0
A-n37-k6,M-SSA,3,105029,115,1046.0
A-n37-k6,M-SSA,3,105029,116,1046.0
A-n37-k6,M-SSA,3,105029,117,1046.0
A-n37-k6,M-SSA,3,105029,118,1046.0
A-n37-k6,M-SSA,3,105029,119,1046.0
A-n37-k6,M-SSA,3,105029,120,1046.0
A-n37-k6,M-SSA,3,105029,121,1046.0
A-n37-k6,M-SSA,3,105029,122,1046.0
A-n37-k6,M-SSA,3,105029,123,1046.0
A-n37-k6,M-SSA,3,105029,124,1046.0
A-n37-k6,M-SSA,3,105029,125,1046.0
A-n37-k6,M-SSA,3,105029,126,1046.0
A-n37-k6,M-SSA,3,105029,127,1046.0
A-n37-k6,M-SSA,3,105029,128,1046.0
A-n37-k6,M-SSA,3,105029,129,1046.0
A-n37-k6,M-SSA,3,105029,130,1046.0
A-n37-k6,M-SSA,3,105029,131,1046.0
A-n37-k6,M-SSA,3,105029,132,1046.0
A-n37-k6,M-SSA,3,105029,133,1046.0
A-n37-k6,M-SSA,3,105029,134,1046.0
A-n37-k6,M-SSA,3,105029,135,1046.0
A-n37-k6,M-SSA,3,105029,136,1046.0
A-n37-k6,M-SSA,3,105029,137,1046.0
A-n37-k6,M-SSA,3,105029,138,1046.0
A-n37-k6,M-SSA,3,105029,139,1046.0
A-n37-k6,M-SSA,3,105029,140,1046.0
A-n37-k6,M-SSA,3,105029,141,1046.0
A-n37-k6,M-SSA,3,105029,142,1046.0
A-n37-k6,M-SSA,3,105029,143,1046.0
A-n37-k6,M-SSA,3,105029,144,1046.0
A-n37-k6,M-SSA,3,105029,145,1046.0
A-n37-k6,M-SSA,3,105029,146,1046.0
A-n37-k6,M-SSA,3,105029,147,1046.0
A-n37-k6,M-SSA,3,105029,148,1046.0
A-n37-k6,M-SSA,3,105029,149,1046.0
A-n37-k6,M-SSA,3,105029,150,1046.0
A-n37-k6,M-SSA,3,105029,151,1046.0
A-n37-k6,M-SSA,3,105029,152,1046.0
A-n37-k6,M-SSA,3,105029,153,1046.0
A-n37-k6,M-SSA,3,105029,154,1046.0
A-n37-k6,M-SSA,3,105029,155,1046.0
A-n37-k6,M-SSA,3,105029,156,1046.0
A-n37-k6,M-SSA,3,105029,157,1046.0
A-n37-k6,M-SSA,3,105029,158,1046.0
A-n37-k6,M-SSA,3,105029,159,1046.0
A-n37-k6,M-SSA,3,105029,160,1046.0
A-n37-k6,M-SSA,3,105029,161,1046.0
A-n37-k6,M-SSA,3,105029,162,1046.0
A-n37-k6,M-SSA,3,105029,163,1046.0
A-n37-k6,M-SSA,3,105029,164,1046.0
A-n37-k6,M-SSA,3,105029,165,1046.0
A-n37-k6,M-SSA,3,105029,166,1046.0
A-n37-k6,M-SSA,3,105029,167,1046.0
A-n37-k6,M-SSA,3,105029,168,1046.0
A-n37-k6,M-SSA,3,105029,169,1046.0
A-n37-k6,M-SSA,3,105029,170,1046.0
A-n37-k6,M-SSA,3,105029,171,1046.0
A-n37-k6,M-SSA,3,105029,172,1029.0
A-n37-k6,M-SSA,3,105029,173,1029.0
A-n37-k6,M-SSA,3,105029,174,1029.0
A-n37-k6,M-SSA,3,105029,175,1029.0
A-n37-k6,M-SSA,3,105029,176,1029.0
A-n37-k6,M-SSA,3,105029,177,1029.0
A-n37-k6,M-SSA,3,105029,178,1029.0
A-n37-k6,M-SSA,3,105029,179,1029.0
A-n37-k6,M-SSA,3,105029,180,1029.0
A-n37-k6,M-SSA,3,105029,181,1029.0
A-n37-k6,M-SSA,3,105029,182,1029.0
A-n37-k6,M-SSA,3,105029,183,1029.0
A-n37-k6,M-SSA,3,105029,184,1029.0
A-n37-k6,M-SSA,3,105029,185,1029.0
A-n37-k6,M-SSA,3,105029,186,1029.0
A-n37-k6,M-SSA,3,105029,187,1029.0
A-n37-k6,M-SSA,3,105029,188,1029.0
A-n37-k6,M-SSA,3,105029,189,1029.0
A-n37-k6,M-SSA,3,105029,190,1029.0
A-n37-k6,M-SSA,3,105029,191,1029.0
A-n37-k6,M-SSA,3,105029,192,1029.0
A-n37-k6,M-SSA,3,105029,193,1013.0
A-n37-k6,M-SSA,3,105029,194,1013.0
A-n37-k6,M-SSA,3,105029,195,1013.0
A-n37-k6,M-SSA,3,105029,196,1013.0
A-n37-k6,M-SSA,3,105029,197,1013.0
A-n37-k6,M-SSA,3,105029,198,1013.0
A-n37-k6,M-SSA,3,105029,199,1013.0
A-n37-k6,M-SSA,3,105029,200,1013.0
A-n45-k6,WOA,1,202027,1,2338.0
A-n45-k6,WOA,1,202027,2,2263.0
A-n45-k6,WOA,1,202027,3,2052.0
A-n45-k6,WOA,1,202027,4,2052.0
A-n45-k6,WOA,1,202027,5,1962.0
A-n45-k6,WOA,1,202027,6,1962.0
A-n45-k6,WOA,1,202027,7,1958.0
A-n45-k6,WOA,1,202027,8,1958.0
A-n45-k6,WOA,1,202027,9,1958.0
A-n45-k6,WOA,1,202027,10,1921.0
A-n45-k6,WOA,1,202027,11,1775.0
A-n45-k6,WOA,1,202027,12,1775.0
A-n45-k6,WOA,1,202027,13,1775.0
A-n45-k6,WOA,1,202027,14,1775.0
A-n45-k6,WOA,1,202027,15,1775.0
A-n45-k6,WOA,1,202027,16,1743.0
A-n45-k6,WOA,1,202027,17,1743.0
A-n45-k6,WOA,1,202027,18,1743.0
A-n45-k6,WOA,1,202027,19,1743.0
A-n45-k6,WOA,1,202027,20,1743.0
A-n45-k6,WOA,1,202027,21,1743.0
A-n45-k6,WOA,1,202027,22,1743.0
A-n45-k6,WOA,1,202027,23,1743.0
A-n45-k6,WOA,1,202027,24,1743.0
A-n45-k6,WOA,1,202027,25,1743.0
A-n45-k6,WOA,1,202027,26,1743.0
A-n45-k6,WOA,1,202027,27,1743.0
A-n45-k6,WOA,1,202027,28,1743.0
A-n45-k6,WOA,1,202027,29,1743.0
A-n45-k6,WOA,1,202027,30,1743.0
A-n45-k6,WOA,1,202027,31,1725.0
A-n45-k6,WOA,1,202027,32,1725.0
A-n45-k6,WOA,1,202027,33,1725.0
A-n45-k6,WOA,1,202027,34,1725.0
A-n45-k6,WOA,1,202027,35,1711.0
A-n45-k6,WOA,1,202027,36,1711.0
A-n45-k6,WOA,1,202027,37,1711.0
A-n45-k6,WOA,1,202027,38,1711.0
A-n45-k6,WOA,1,202027,39,1711.0
A-n45-k6,WOA,1,202027,40,1711.0
A-n45-k6,WOA,1,202027,41,1711.0
A-n45-k6,WOA,1,202027,42,1711.0
A-n45-k6,WOA,1,202027,43,1711.0
A-n45-k6,WOA,1,202027,44,1711.0
A-n45-k6,WOA,1,202027,45,1711.0
A-n45-k6,WOA,1,202027,46,1711.0
A-n45-k6,WOA,1,202027,47,1684.0
A-n45-k6,WOA,1,202027,48,1684.0
A-n45-k6,WOA,1,202027,49,1659.0
A-n45-k6,WOA,1,202027,50,1659.0
A-n45-k6,WOA,1,202027,51,1640.0
A-n45-k6,WOA,1,202027,52,1640.0
A-n45-k6,WOA,1,202027,53,1640.0
A-n45-k6,WOA,1,202027,54,1640.0
A-n45-k6,WOA,1,202027,55,1640.0
A-n45-k6,WOA,1,202027,56,1640.0
A-n45-k6,WOA,1,202027,57,1628.0
A-n45-k6,WOA,1,202027,58,1628.0
A-n45-k6,WOA,1,202027,59,1596.0
A-n45-k6,WOA,1,202027,60,1596.0
A-n45-k6,WOA,1,202027,61,1596.0
A-n45-k6,WOA,1,202027,62,1596.0
A-n45-k6,WOA,1,202027,63,1596.0
A-n45-k6,WOA,1,202027,64,1596.0
A-n45-k6,WOA,1,202027,65,1596.0
A-n45-k6,WOA,1,202027,66,1596.0
A-n45-k6,WOA,1,202027,67,1596.0
A-n45-k6,WOA,1,202027,68,1596.0
A-n45-k6,WOA,1,202027,69,1596.0
A-n45-k6,WOA,1,202027,70,1596.0
A-n45-k6,WOA,1,202027,71,1596.0
A-n45-k6,WOA,1,202027,72,1596.0
A-n45-k6,WOA,1,202027,73,1596.0
A-n45-k6,WOA,1,202027,74,1596.0
A-n45-k6,WOA,1,202027,75,1596.0
A-n45-k6,WOA,1,202027,76,1596.0
A-n45-k6,WOA,1,202027,77,1596.0
A-n45-k6,WOA,1,202027,78,1596.0
A-n45-k6,WOA,1,202027,79,1596.0
A-n45-k6,WOA,1,202027,80,1596.0
A-n45-k6,WOA,1,202027,81,1596.0
A-n45-k6,WOA,1,202027,82,1596.0
A-n45-k6,WOA,1,202027,83,1596.0
A-n45-k6,WOA,1,202027,84,1596.0
A-n45-k6,WOA,1,202027,85,1596.0
A-n45-k6,WOA,1,202027,86,1596.0
A-n45-k6,WOA,1,202027,87,1596.0
A-n45-k6,WOA,1,202027,88,1596.0
A-n45-k6,WOA,1,202027,89,1596.0
A-n45-k6,WOA,1,202027,90,1596.0
A-n45-k6,WOA,1,202027,91,1596.0
A-n45-k6,WOA,1,202027,92,1596.0
A-n45-k6,WOA,1,202027,93,1596.0
A-n45-k6,WOA,1,202027,94,1596.0
A-n45-k6,WOA,1,202027,95,1596.0
A-n45-k6,WOA,1,202027,96,1596.0
A-n45-k6,WOA,1,202027,97,1596.0
A-n45-k6,WOA,1,202027,98,1596.0
A-n45-k6,WOA,1,202027,99,1596.0
A-n45-k6,WOA,1,202027,100,1590.0
A-n45-k6,WOA,1,202027,101,1578.0
A-n45-k6,WOA,1,202027,102,1553.0
A-n45-k6,WOA,1,202027,103,1539.0
A-n45-k6,WOA,1,202027,104,1539.0
A-n45-k6,WOA,1,202027,105,1539.0
A-n45-k6,WOA,1,202027,106,1539.0
A-n45-k6,WOA,1,202027,107,1539.0
A-n45-k6,WOA,1,202027,108,1539.0
A-n45-k6,WOA,1,202027,109,1539.0
A-n45-k6,WOA,1,202027,110,1539.0
A-n45-k6,WOA,1,202027,111,1539.0
A-n45-k6,WOA,1,202027,112,1539.0
A-n45-k6,WOA,1,202027,113,1539.0
A-n45-k6,WOA,1,202027,114,1539.0
A-n45-k6,WOA,1,202027,115,1539.0
A-n45-k6,WOA,1,202027,116,1539.0
A-n45-k6,WOA,1,202027,117,1539.0
A-n45-k6,WOA,1,202027,118,1539.0
A-n45-k6,WOA,1,202027,119,1539.0
A-n45-k6,WOA,1,202027,120,1539.0
A-n45-k6,WOA,1,202027,121,1539.0
A-n45-k6,WOA,1,202027,122,1539.0
A-n45-k6,WOA,1,202027,123,1539.0
A-n45-k6,WOA,1,202027,124,1539.0
A-n45-k6,WOA,1,202027,125,1539.0
A-n45-k6,WOA,1,202027,126,1539.0
A-n45-k6,WOA,1,202027,127,1539.0
A-n45-k6,WOA,1,202027,128,1539.0
A-n45-k6,WOA,1,202027,129,1539.0
A-n45-k6,WOA,1,202027,130,1539.0
A-n45-k6,WOA,1,202027,131,1539.0
A-n45-k6,WOA,1,202027,132,1539.0
A-n45-k6,WOA,1,202027,133,1539.0
A-n45-k6,WOA,1,202027,134,1539.0
A-n45-k6,WOA,1,202027,135,1539.0
A-n45-k6,WOA,1,202027,136,1539.0
A-n45-k6,WOA,1,202027,137,1539.0
A-n45-k6,WOA,1,202027,138,1539.0
A-n45-k6,WOA,1,202027,139,1539.0
A-n45-k6,WOA,1,202027,140,1539.0
A-n45-k6,WOA,1,202027,141,1539.0
A-n45-k6,WOA,1,202027,142,1539.0
A-n45-k6,WOA,1,202027,143,1539.0
A-n45-k6,WOA,1,202027,144,1539.0
A-n45-k6,WOA,1,202027,145,1539.0
A-n45-k6,WOA,1,202027,146,1539.0
A-n45-k6,WOA,1,202027,147,1539.0
A-n45-k6,WOA,1,202027,148,1539.0
A-n45-k6,WOA,1,202027,149,1539.0
A-n45-k6,WOA,1,202027,150,1539.0
A-n45-k6,WOA,1,202027,151,1539.0
A-n45-k6,WOA,1,202027,152,1539.0
A-n45-k6,WOA,1,202027,153,1539.0
A-n45-k6,WOA,1,202027,154,1539.0
A-n45-k6,WOA,1,202027,155,1539.0
A-n45-k6,WOA,1,202027,156,1539.0
A-n45-k6,WOA,1,202027,157,1539.0
A-n45-k6,WOA,1,202027,158,1539.0
A-n45-k6,WOA,1,202027,159,1539.0
A-n45-k6,WOA,1,202027,160,1539.0
A-n45-k6,WOA,1,202027,161,1539.0
A-n45-k6,WOA,1,202027,162,1539.0
A-n45-k6,WOA,1,202027,163,1539.0
A-n45-k6,WOA,1,202027,164,1539.0
A-n45-k6,WOA,1,202027,165,1539.0
A-n45-k6,WOA,1,202027,166,1539.0
A-n45-k6,WOA,1,202027,167,1539.0
A-n45-k6,WOA,1,202027,168,1539.0
A-n45-k6,WOA,1,202027,169,1539.0
A-n45-k6,WOA,1,202027,170,1539.0
A-n45-k6,WOA,1,202027,171,1539.0
A-n45-k6,WOA,1,202027,172,1539.0
A-n45-k6,WOA,1,202027,173,1539.0
A-n45-k6,WOA,1,202027,174,1539.0
A-n45-k6,WOA,1,202027,175,1539.0
A-n45-k6,WOA,1,202027,176,1539.0
A-n45-k6,WOA,1,202027,177,1539.0
A-n45-k6,WOA,1,202027,178,1539.0
A-n45-k6,WOA,1,202027,179,1539.0
A-n45-k6,WOA,1,202027,180,1539.0
A-n45-k6,WOA,1,202027,181,1539.0
A-n45-k6,WOA,1,202027,182,1539.0
A-n45-k6,WOA,1,202027,183,1539.0
A-n45-k6,WOA,1,202027,184,1539.0
A-n45-k6,WOA,1,202027,185,1539.0
A-n45-k6,WOA,1,202027,186,1539.0
A-n45-k6,WOA,1,202027,187,1539.0
A-n45-k6,WOA,1,202027,188,1539.0
A-n45-k6,WOA,1,202027,189,1539.0
A-n45-k6,WOA,1,202027,190,1539.0
A-n45-k6,WOA,1,202027,191,1539.0
A-n45-k6,WOA,1,202027,192,1539.0
A-n45-k6,WOA,1,202027,193,1539.0
A-n45-k6,WOA,1,202027,194,1539.0
A-n45-k6,WOA,1,202027,195,1539.0
A-n45-k6,WOA,1,202027,196,1539.0
A-n45-k6,WOA,1,202027,197,1539.0
A-n45-k6,WOA,1,202027,198,1539.0
A-n45-k6,WOA,1,202027,199,1539.0
A-n45-k6,WOA,1,202027,200,1539.0
A-n45-k6,WOA,2,202028,1,2150.0
A-n45-k6,WOA,2,202028,2,1979.0
A-n45-k6,WOA,2,202028,3,1972.0
A-n45-k6,WOA,2,202028,4,1972.0
A-n45-k6,WOA,2,202028,5,1972.0
A-n45-k6,WOA,2,202028,6,1972.0
A-n45-k6,WOA,2,202028,7,1972.0
A-n45-k6,WOA,2,202028,8,1840.0
A-n45-k6,WOA,2,202028,9,1840.0
A-n45-k6,WOA,2,202028,10,1840.0
A-n45-k6,WOA,2,202028,11,1662.0
A-n45-k6,WOA,2,202028,12,1662.0
A-n45-k6,WOA,2,202028,13,1662.0
A-n45-k6,WOA,2,202028,14,1644.0
A-n45-k6,WOA,2,202028,15,1644.0
A-n45-k6,WOA,2,202028,16,1644.0
A-n45-k6,WOA,2,202028,17,1644.0
A-n45-k6,WOA,2,202028,18,1644.0
A-n45-k6,WOA,2,202028,19,1644.0
A-n45-k6,WOA,2,202028,20,1644.0
A-n45-k6,WOA,2,202028,21,1644.0
A-n45-k6,WOA,2,202028,22,1644.0
A-n45-k6,WOA,2,202028,23,1644.0
A-n45-k6,WOA,2,202028,24,1644.0
A-n45-k6,WOA,2,202028,25,1644.0
A-n45-k6,WOA,2,202028,26,1644.0
A-n45-k6,WOA,2,202028,27,1644.0
A-n45-k6,WOA,2,202028,28,1644.0
A-n45-k6,WOA,2,202028,29,1630.0
A-n45-k6,WOA,2,202028,30,1630.0
A-n45-k6,WOA,2,202028,31,1617.0
A-n45-k6,WOA,2,202028,32,1617.0
A-n45-k6,WOA,2,202028,33,1617.0
A-n45-k6,WOA,2,202028,34,1617.0
A-n45-k6,WOA,2,202028,35,1617.0
A-n45-k6,WOA,2,202028,36,1617.0
A-n45-k6,WOA,2,202028,37,1617.0
A-n45-k6,WOA,2,202028,38,1617.0
A-n45-k6,WOA,2,202028,39,1617.0
A-n45-k6,WOA,2,202028,40,1617.0
A-n45-k6,WOA,2,202028,41,1617.0
A-n45-k6,WOA,2,202028,42,1617.0
A-n45-k6,WOA,2,202028,43,1617.0
A-n45-k6,WOA,2,202028,44,1617.0
A-n45-k6,WOA,2,202028,45,1617.0
A-n45-k6,WOA,2,202028,46,1617.0
A-n45-k6,WOA,2,202028,47,1617.0
A-n45-k6,WOA,2,202028,48,1617.0
A-n45-k6,WOA,2,202028,49,1617.0
A-n45-k6,WOA,2,202028,50,1612.0
A-n45-k6,WOA,2,202028,51,1602.0
A-n45-k6,WOA,2,202028,52,1553.0
A-n45-k6,WOA,2,202028,53,1523.0
A-n45-k6,WOA,2,202028,54,1519.0
A-n45-k6,WOA,2,202028,55,1519.0
A-n45-k6,WOA,2,202028,56,1519.0
A-n45-k6,WOA,2,202028,57,1519.0
A-n45-k6,WOA,2,202028,58,1519.0
A-n45-k6,WOA,2,202028,59,1519.0
A-n45-k6,WOA,2,202028,60,1519.0
A-n45-k6,WOA,2,202028,61,1497.0
A-n45-k6,WOA,2,202028,62,1496.0
A-n45-k6,WOA,2,202028,63,1496.0
A-n45-k6,WOA,2,202028,64,1496.0
A-n45-k6,WOA,2,202028,65,1495.0
A-n45-k6,WOA,2,202028,66,1495.0
A-n45-k6,WOA,2,202028,67,1480.0
A-n45-k6,WOA,2,202028,68,1480.0
A-n45-k6,WOA,2,202028,69,1480.0
A-n45-k6,WOA,2,202028,70,1480.0
A-n45-k6,WOA,2,202028,71,1474.0
A-n45-k6,WOA,2,202028,72,1474.0
A-n45-k6,WOA,2,202028,73,1474.0
A-n45-k6,WOA,2,202028,74,1474.0
A-n45-k6,WOA,2,202028,75,1474.0
A-n45-k6,WOA,2,202028,76,1474.0
A-n45-k6,WOA,2,202028,77,1474.0
A-n45-k6,WOA,2,202028,78,1474.0
A-n45-k6,WOA,2,202028,79,1446.0
A-n45-k6,WOA,2,202028,80,1446.0
A-n45-k6,WOA,2,202028,81,1446.0
A-n45-k6,WOA,2,202028,82,1446.0
A-n45-k6,WOA,2,202028,83,1446.0
A-n45-k6,WOA,2,202028,84,1446.0
A-n45-k6,WOA,2,202028,85,1446.0
A-n45-k6,WOA,2,202028,86,1446.0
A-n45-k6,WOA,2,202028,87,1437.0
A-n45-k6,WOA,2,202028,88,1437.0
A-n45-k6,WOA,2,202028,89,1437.0
A-n45-k6,WOA,2,202028,90,1437.0
A-n45-k6,WOA,2,202028,91,1437.0
A-n45-k6,WOA,2,202028,92,1437.0
A-n45-k6,WOA,2,202028,93,1437.0
A-n45-k6,WOA,2,202028,94,1437.0
A-n45-k6,WOA,2,202028,95,1437.0
A-n45-k6,WOA,2,202028,96,1437.0
A-n45-k6,WOA,2,202028,97,1437.0
A-n45-k6,WOA,2,202028,98,1437.0
A-n45-k6,WOA,2,202028,99,1437.0
A-n45-k6,WOA,2,202028,100,1437.0
A-n45-k6,WOA,2,202028,101,1437.0
A-n45-k6,WOA,2,202028,102,1437.0
A-n45-k6,WOA,2,202028,103,1437.0
A-n45-k6,WOA,2,202028,104,1437.0
A-n45-k6,WOA,2,202028,105,1437.0
A-n45-k6,WOA,2,202028,106,1437.0
A-n45-k6,WOA,2,202028,107,1437.0
A-n45-k6,WOA,2,202028,108,1437.0
A-n45-k6,WOA,2,202028,109,1437.0
A-n45-k6,WOA,2,202028,110,1437.0
A-n45-k6,WOA,2,202028,111,1437.0
A-n45-k6,WOA,2,202028,112,1437.0
A-n45-k6,WOA,2,202028,113,1437.0
A-n45-k6,WOA,2,202028,114,1437.0
A-n45-k6,WOA,2,202028,115,1437.0
A-n45-k6,WOA,2,202028,116,1437.0
A-n45-k6,WOA,2,202028,117,1437.0
A-n45-k6,WOA,2,202028,118,1437.0
A-n45-k6,WOA,2,202028,119,1437.0
A-n45-k6,WOA,2,202028,120,1437.0
A-n45-k6,WOA,2,202028,121,1437.0
A-n45-k6,WOA,2,202028,122,1437.0
A-n45-k6,WOA,2,202028,123,1437.0
A-n45-k6,WOA,2,202028,124,1437.0
A-n45-k6,WOA,2,202028,125,1437.0
A-n45-k6,WOA,2,202028,126,1437.0
A-n45-k6,WOA,2,202028,127,1437.0
A-n45-k6,WOA,2,202028,128,1437.0
A-n45-k6,WOA,2,202028,129,1437.0
A-n45-k6,WOA,2,202028,130,1437.0
A-n45-k6,WOA,2,202028,131,1437.0
A-n45-k6,WOA,2,202028,132,1437.0
A-n45-k6,WOA,2,202028,133,1437.0
A-n45-k6,WOA,2,202028,134,1437.0
A-n45-k6,WOA,2,202028,135,1437.0
A-n45-k6,WOA,2,202028,136,1437.0
A-n45-k6,WOA,2,202028,137,1437.0
A-n45-k6,WOA,2,202028,138,1437.0
A-n45-k6,WOA,2,202028,139,1437.0
A-n45-k6,WOA,2,202028,140,1437.0
A-n45-k6,WOA,2,202028,141,1437.0
A-n45-k6,WOA,2,202028,142,1437.0
A-n45-k6,WOA,2,202028,143,1437.0
A-n45-k6,WOA,2,202028,144,1437.0
A-n45-k6,WOA,2,202028,145,1437.0
A-n45-k6,WOA,2,202028,146,1437.0
A-n45-k6,WOA,2,202028,147,1437.0
A-n45-k6,WOA,2,202028,148,1437.0
A-n45-k6,WOA,2,202028,149,1437.0
A-n45-k6,WOA,2,202028,150,1437.0
A-n45-k6,WOA,2,202028,151,1437.0
A-n45-k6,WOA,2,202028,152,1437.0
A-n45-k6,WOA,2,202028,153,1437.0
A-n45-k6,WOA,2,202028,154,1437.0
A-n45-k6,WOA,2,202028,155,1437.0
A-n45-k6,WOA,2,202028,156,1437.0
A-n45-k6,WOA,2,202028,157,1437.0
A-n45-k6,WOA,2,202028,158,1437.0
A-n45-k6,WOA,2,202028,159,1437.0
A-n45-k6,WOA,2,202028,160,1437.0
A-n45-k6,WOA,2,202028,161,1437.0
A-n45-k6,WOA,2,202028,162,1437.0
A-n45-k6,WOA,2,202028,163,1437.0
A-n45-k6,WOA,2,202028,164,1437.0
A-n45-k6,WOA,2,202028,165,1437.0
A-n45-k6,WOA,2,202028,166,1437.0
A-n45-k6,WOA,2,202028,167,1437.0
A-n45-k6,WOA,2,202028,168,1437.0
A-n45-k6,WOA,2,202028,169,1437.0
A-n45-k6,WOA,2,202028,170,1437.0
A-n45-k6,WOA,2,202028,171,1437.0
A-n45-k6,WOA,2,202028,172,1437.0
A-n45-k6,WOA,2,202028,173,1437.0
A-n45-k6,WOA,2,202028,174,1437.0
A-n45-k6,WOA,2,202028,175,1437.0
A-n45-k6,WOA,2,202028,176,1437.0
A-n45-k6,WOA,2,202028,177,1437.0
A-n45-k6,WOA,2,202028,178,1437.0
A-n45-k6,WOA,2,202028,179,1437.0
A-n45-k6,WOA,2,202028,180,1437.0
A-n45-k6,WOA,2,202028,181,1437.0
A-n45-k6,WOA,2,202028,182,1437.0
A-n45-k6,WOA,2,202028,183,1437.0
A-n45-k6,WOA,2,202028,184,1437.0
A-n45-k6,WOA,2,202028,185,1437.0
A-n45-k6,WOA,2,202028,186,1437.0
A-n45-k6,WOA,2,202028,187,1437.0
A-n45-k6,WOA,2,202028,188,1437.0
A-n45-k6,WOA,2,202028,189,1437.0
A-n45-k6,WOA,2,202028,190,1437.0
A-n45-k6,WOA,2,202028,191,1437.0
A-n45-k6,WOA,2,202028,192,1437.0
A-n45-k6,WOA,2,202028,193,1437.0
A-n45-k6,WOA,2,202028,194,1437.0
A-n45-k6,WOA,2,202028,195,1437.0
A-n45-k6,WOA,2,202028,196,1437.0
A-n45-k6,WOA,2,202028,197,1437.0
A-n45-k6,WOA,2,202028,198,1437.0
A-n45-k6,WOA,2,202028,199,1437.0
A-n45-k6,WOA,2,202028,200,1437.0
A-n45-k6,WOA,3,202029,1,2042.0
A-n45-k6,WOA,3,202029,2,2042.0
A-n45-k6,WOA,3,202029,3,2013.0
A-n45-k6,WOA,3,202029,4,1936.0
A-n45-k6,WOA,3,202029,5,1846.0
A-n45-k6,WOA,3,202029,6,1750.0
A-n45-k6,WOA,3,202029,7,1750.0
A-n45-k6,WOA,3,202029,8,1750.0
A-n45-k6,WOA,3,202029,9,1750.0
A-n45-k6,WOA,3,202029,10,1750.0
A-n45-k6,WOA,3,202029,11,1750.0
A-n45-k6,WOA,3,202029,12,1750.0
A-n45-k6,WOA,3,202029,13,1750.0
A-n45-k6,WOA,3,202029,14,1743.0
A-n45-k6,WOA,3,202029,15,1743.0
A-n45-k6,WOA,3,202029,16,1728.0
A-n45-k6,WOA,3,202029,17,1728.0
A-n45-k6,WOA,3,202029,18,1728.0
A-n45-k6,WOA,3,202029,19,1728.0
A-n45-k6,WOA,3,202029,20,1728.0
A-n45-k6,WOA,3,202029,21,1728.0
A-n45-k6,WOA,3,202029,22,1728.0
A-n45-k6,WOA,3,202029,23,1728.0
A-n45-k6,WOA,3,202029,24,1728.0
A-n45-k6,WOA,3,202029,25,1728.0
A-n45-k6,WOA,3,202029,26,1728.0
A-n45-k6,WOA,3,202029,27,1728.0
A-n45-k6,WOA,3,202029,28,1694.0
A-n45-k6,WOA,3,202029,29,1692.0
A-n45-k6,WOA,3,202029,30,1692.0
A-n45-k6,WOA,3,202029,31,1692.0
A-n45-k6,WOA,3,202029,32,1692.0
A-n45-k6,WOA,3,202029,33,1692.0
A-n45-k6,WOA,3,202029,34,1692.0
A-n45-k6,WOA,3,202029,35,1692.0
A-n45-k6,WOA,3,202029,36,1692.0
A-n45-k6,WOA,3,202029,37,1692.0
A-n45-k6,WOA,3,202029,38,1692.0
A-n45-k6,WOA,3,202029,39,1692.0
A-n45-k6,WOA,3,202029,40,1692.0
A-n45-k6,WOA,3,202029,41,1692.0
A-n45-k6,WOA,3,202029,42,1692.0
A-n45-k6,WOA,3,202029,43,1692.0
A-n45-k6,WOA,3,202029,44,1692.0
A-n45-k6,WOA,3,202029,45,1692.0
A-n45-k6,WOA,3,202029,46,1692.0
A-n45-k6,WOA,3,202029,47,1692.0
A-n45-k6,WOA,3,202029,48,1692.0
A-n45-k6,WOA,3,202029,49,1692.0
A-n45-k6,WOA,3,202029,50,1692.0
A-n45-k6,WOA,3,202029,51,1692.0
A-n45-k6,WOA,3,202029,52,1692.0
A-n45-k6,WOA,3,202029,53,1692.0
A-n45-k6,WOA,3,202029,54,1692.0
A-n45-k6,WOA,3,202029,55,1692.0
A-n45-k6,WOA,3,202029,56,1692.0
A-n45-k6,WOA,3,202029,57,1692.0
A-n45-k6,WOA,3,202029,58,1692.0
A-n45-k6,WOA,3,202029,59,1692.0
A-n45-k6,WOA,3,202029,60,1692.0
A-n45-k6,WOA,3,202029,61,1677.0
A-n45-k6,WOA,3,202029,62,1659.0
A-n45-k6,WOA,3,202029,63,1659.0
A-n45-k6,WOA,3,202029,64,1659.0
A-n45-k6,WOA,3,202029,65,1659.0
A-n45-k6,WOA,3,202029,66,1659.0
A-n45-k6,WOA,3,202029,67,1659.0
A-n45-k6,WOA,3,202029,68,1659.0
A-n45-k6,WOA,3,202029,69,1659.0
A-n45-k6,WOA,3,202029,70,1659.0
A-n45-k6,WOA,3,202029,71,1659.0
A-n45-k6,WOA,3,202029,72,1659.0
A-n45-k6,WOA,3,202029,73,1620.0
A-n45-k6,WOA,3,202029,74,1620.0
A-n45-k6,WOA,3,202029,75,1599.0
A-n45-k6,WOA,3,202029,76,1596.0
A-n45-k6,WOA,3,202029,77,1596.0
A-n45-k6,WOA,3,202029,78,1596.0
A-n45-k6,WOA,3,202029,79,1596.0
A-n45-k6,WOA,3,202029,80,1587.0
A-n45-k6,WOA,3,202029,81,1587.0
A-n45-k6,WOA,3,202029,82,1587.0
A-n45-k6,WOA,3,202029,83,1587.0
A-n45-k6,WOA,3,202029,84,1587.0
A-n45-k6,WOA,3,202029,85,1587.0
A-n45-k6,WOA,3,202029,86,1587.0
A-n45-k6,WOA,3,202029,87,1587.0
A-n45-k6,WOA,3,202029,88,1587.0
A-n45-k6,WOA,3,202029,89,1587.0
A-n45-k6,WOA,3,202029,90,1587.0
A-n45-k6,WOA,3,202029,91,1587.0
A-n45-k6,WOA,3,202029,92,1587.0
A-n45-k6,WOA,3,202029,93,1587.0
A-n45-k6,WOA,3,202029,94,1587.0
A-n45-k6,WOA,3,202029,95,1587.0
A-n45-k6,WOA,3,202029,96,1581.0
A-n45-k6,WOA,3,202029,97,1581.0
A-n45-k6,WOA,3,202029,98,1574.0
A-n45-k6,WOA,3,202029,99,1574.0
A-n45-k6,WOA,3,202029,100,1574.0
A-n45-k6,WOA,3,202029,101,1574.0
A-n45-k6,WOA,3,202029,102,1574.0
A-n45-k6,WOA,3,202029,103,1574.0
A-n45-k6,WOA,3,202029,104,1574.0
A-n45-k6,WOA,3,202029,105,1571.0
A-n45-k6,WOA,3,202029,106,1522.0
A-n45-k6,WOA,3,202029,107,1522.0
A-n45-k6,WOA,3,202029,108,1522.0
A-n45-k6,WOA,3,202029,109,1522.0
A-n45-k6,WOA,3,202029,110,1522.0
A-n45-k6,WOA,3,202029,111,1522.0
A-n45-k6,WOA,3,202029,112,1522.0
A-n45-k6,WOA,3,202029,113,1522.0
A-n45-k6,WOA,3,202029,114,1522.0
A-n45-k6,WOA,3,202029,115,1522.0
A-n45-k6,WOA,3,202029,116,1522.0
A-n45-k6,WOA,3,202029,117,1522.0
A-n45-k6,WOA,3,202029,118,1470.0
A-n45-k6,WOA,3,202029,119,1470.0
A-n45-k6,WOA,3,202029,120,1470.0
A-n45-k6,WOA,3,202029,121,1470.0
A-n45-k6,WOA,3,202029,122,1470.0
A-n45-k6,WOA,3,202029,123,1464.0
A-n45-k6,WOA,3,202029,124,1464.0
A-n45-k6,WOA,3,202029,125,1464.0
A-n45-k6,WOA,3,202029,126,1464.0
A-n45-k6,WOA,3,202029,127,1464.0
A-n45-k6,WOA,3,202029,128,1464.0
A-n45-k6,WOA,3,202029,129,1464.0
A-n45-k6,WOA,3,202029,130,1464.0
A-n45-k6,WOA,3,202029,131,1464.0
A-n45-k6,WOA,3,202029,132,1464.0
A-n45-k6,WOA,3,202029,133,1464.0
A-n45-k6,WOA,3,202029,134,1464.0
A-n45-k6,WOA,3,202029,135,1464.0
A-n45-k6,WOA,3,202029,136,1464.0
A-n45-k6,WOA,3,202029,137,1464.0
A-n45-k6,WOA,3,202029,138,1464.0
A-n45-k6,WOA,3,202029,139,1464.0
A-n45-k6,WOA,3,202029,140,1464.0
A-n45-k6,WOA,3,202029,141,1452.0
A-n45-k6,WOA,3,202029,142,1452.0
A-n45-k6,WOA,3,202029,143,1452.0
A-n45-k6,WOA,3,202029,144,1452.0
A-n45-k6,WOA,3,202029,145,1432.0
A-n45-k6,WOA,3,202029,146,1432.0
A-n45-k6,WOA,3,202029,147,1432.0
A-n45-k6,WOA,3,202029,148,1423.0
A-n45-k6,WOA,3,202029,149,1423.0
A-n45-k6,WOA,3,202029,150,1423.0
A-n45-k6,WOA,3,202029,151,1423.0
A-n45-k6,WOA,3,202029,152,1423.0
A-n45-k6,WOA,3,202029,153,1419.0
A-n45-k6,WOA,3,202029,154,1404.0
A-n45-k6,WOA,3,202029,155,1404.0
A-n45-k6,WOA,3,202029,156,1404.0
A-n45-k6,WOA,3,202029,157,1404.0
A-n45-k6,WOA,3,202029,158,1393.0
A-n45-k6,WOA,3,202029,159,1392.0
A-n45-k6,WOA,3,202029,160,1392.0
A-n45-k6,WOA,3,202029,161,1392.0
A-n45-k6,WOA,3,202029,162,1392.0
A-n45-k6,WOA,3,202029,163,1392.0
A-n45-k6,WOA,3,202029,164,1392.0
A-n45-k6,WOA,3,202029,165,1392.0
A-n45-k6,WOA,3,202029,166,1392.0
A-n45-k6,WOA,3,202029,167,1392.0
A-n45-k6,WOA,3,202029,168,1392.0
A-n45-k6,WOA,3,202029,169,1392.0
A-n45-k6,WOA,3,202029,170,1392.0
A-n45-k6,WOA,3,202029,171,1392.0
A-n45-k6,WOA,3,202029,172,1392.0
A-n45-k6,WOA,3,202029,173,1392.0
A-n45-k6,WOA,3,202029,174,1392.0
A-n45-k6,WOA,3,202029,175,1392.0
A-n45-k6,WOA,3,202029,176,1392.0
A-n45-k6,WOA,3,202029,177,1392.0
A-n45-k6,WOA,3,202029,178,1392.0
A-n45-k6,WOA,3,202029,179,1392.0
A-n45-k6,WOA,3,202029,180,1392.0
A-n45-k6,WOA,3,202029,181,1392.0
A-n45-k6,WOA,3,202029,182,1392.0
A-n45-k6,WOA,3,202029,183,1392.0
A-n45-k6,WOA,3,202029,184,1392.0
A-n45-k6,WOA,3,202029,185,1392.0
A-n45-k6,WOA,3,202029,186,1392.0
A-n45-k6,WOA,3,202029,187,1392.0
A-n45-k6,WOA,3,202029,188,1392.0
A-n45-k6,WOA,3,202029,189,1392.0
A-n45-k6,WOA,3,202029,190,1392.0
A-n45-k6,WOA,3,202029,191,1392.0
A-n45-k6,WOA,3,202029,192,1392.0
A-n45-k6,WOA,3,202029,193,1392.0
A-n45-k6,WOA,3,202029,194,1392.0
A-n45-k6,WOA,3,202029,195,1392.0
A-n45-k6,WOA,3,202029,196,1392.0
A-n45-k6,WOA,3,202029,197,1392.0
A-n45-k6,WOA,3,202029,198,1392.0
A-n45-k6,WOA,3,202029,199,1392.0
A-n45-k6,WOA,3,202029,200,1392.0
A-n45-k6,SSA,1,203027,1,2032.0
A-n45-k6,SSA,1,203027,2,2032.0
A-n45-k6,SSA,1,203027,3,2032.0
A-n45-k6,SSA,1,203027,4,2032.0
A-n45-k6,SSA,1,203027,5,2032.0
A-n45-k6,SSA,1,203027,6,2032.0
A-n45-k6,SSA,1,203027,7,2032.0
A-n45-k6,SSA,1,203027,8,2032.0
A-n45-k6,SSA,1,203027,9,2023.0
A-n45-k6,SSA,1,203027,10,2023.0
A-n45-k6,SSA,1,203027,11,2023.0
A-n45-k6,SSA,1,203027,12,2023.0
A-n45-k6,SSA,1,203027,13,1944.0
A-n45-k6,SSA,1,203027,14,1944.0
A-n45-k6,SSA,1,203027,15,1944.0
A-n45-k6,SSA,1,203027,16,1944.0
A-n45-k6,SSA,1,203027,17,1944.0
A-n45-k6,SSA,1,203027,18,1944.0
A-n45-k6,SSA,1,203027,19,1944.0
A-n45-k6,SSA,1,203027,20,1944.0
A-n45-k6,SSA,1,203027,21,1944.0
A-n45-k6,SSA,1,203027,22,1944.0
A-n45-k6,SSA,1,203027,23,1944.0
A-n45-k6,SSA,1,203027,24,1944.0
A-n45-k6,SSA,1,203027,25,1944.0
A-n45-k6,SSA,1,203027,26,1944.0
A-n45-k6,SSA,1,203027,27,1944.0
A-n45-k6,SSA,1,203027,28,1944.0
A-n45-k6,SSA,1,203027,29,1944.0
A-n45-k6,SSA,1,203027,30,1944.0
A-n45-k6,SSA,1,203027,31,1944.0
A-n45-k6,SSA,1,203027,32,1944.0
A-n45-k6,SSA,1,203027,33,1944.0
A-n45-k6,SSA,1,203027,34,1944.0
A-n45-k6,SSA,1,203027,35,1944.0
A-n45-k6,SSA,1,203027,36,1944.0
A-n45-k6,SSA,1,203027,37,1944.0
A-n45-k6,SSA,1,203027,38,1944.0
A-n45-k6,SSA,1,203027,39,1944.0
A-n45-k6,SSA,1,203027,40,1944.0
A-n45-k6,SSA,1,203027,41,1944.0
A-n45-k6,SSA,1,203027,42,1944.0
A-n45-k6,SSA,1,203027,43,1944.0
A-n45-k6,SSA,1,203027,44,1944.0
A-n45-k6,SSA,1,203027,45,1944.0
A-n45-k6,SSA,1,203027,46,1944.0
A-n45-k6,SSA,1,203027,47,1944.0
A-n45-k6,SSA,1,203027,48,1944.0
A-n45-k6,SSA,1,203027,49,1944.0
A-n45-k6,SSA,1,203027,50,1944.0
A-n45-k6,SSA,1,203027,51,1944.0
A-n45-k6,SSA,1,203027,52,1944.0
A-n45-k6,SSA,1,203027,53,1944.0
A-n45-k6,SSA,1,203027,54,1944.0
A-n45-k6,SSA,1,203027,55,1944.0
A-n45-k6,SSA,1,203027,56,1944.0
A-n45-k6,SSA,1,203027,57,1944.0
A-n45-k6,SSA,1,203027,58,1944.0
A-n45-k6,SSA,1,203027,59,1847.0
A-n45-k6,SSA,1,203027,60,1847.0
A-n45-k6,SSA,1,203027,61,1847.0
A-n45-k6,SSA,1,203027,62,1847.0
A-n45-k6,SSA,1,203027,63,1847.0
A-n45-k6,SSA,1,203027,64,1847.0
A-n45-k6,SSA,1,203027,65,1847.0
A-n45-k6,SSA,1,203027,66,1847.0
A-n45-k6,SSA,1,203027,67,1847.0
A-n45-k6,SSA,1,203027,68,1847.0
A-n45-k6,SSA,1,203027,69,1847.0
A-n45-k6,SSA,1,203027,70,1847.0
A-n45-k6,SSA,1,203027,71,1847.0
A-n45-k6,SSA,1,203027,72,1847.0
A-n45-k6,SSA,1,203027,73,1847.0
A-n45-k6,SSA,1,203027,74,1847.0
A-n45-k6,SSA,1,203027,75,1847.0
A-n45-k6,SSA,1,203027,76,1847.0
A-n45-k6,SSA,1,203027,77,1847.0
A-n45-k6,SSA,1,203027,78,1847.0
A-n45-k6,SSA,1,203027,79,1847.0
A-n45-k6,SSA,1,203027,80,1847.0
A-n45-k6,SSA,1,203027,81,1847.0
A-n45-k6,SSA,1,203027,82,1847.0
A-n45-k6,SSA,1,203027,83,1847.0
A-n45-k6,SSA,1,203027,84,1847.0
A-n45-k6,SSA,1,203027,85,1847.0
A-n45-k6,SSA,1,203027,86,1847.0
A-n45-k6,SSA,1,203027,87,1847.0
A-n45-k6,SSA,1,203027,88,1847.0
A-n45-k6,SSA,1,203027,89,1847.0
A-n45-k6,SSA,1,203027,90,1847.0
A-n45-k6,SSA,1,203027,91,1847.0
A-n45-k6,SSA,1,203027,92,1847.0
A-n45-k6,SSA,1,203027,93,1847.0
A-n45-k6,SSA,1,203027,94,1847.0
A-n45-k6,SSA,1,203027,95,1847.0
A-n45-k6,SSA,1,203027,96,1847.0
A-n45-k6,SSA,1,203027,97,1847.0
A-n45-k6,SSA,1,203027,98,1847.0
A-n45-k6,SSA,1,203027,99,1847.0
A-n45-k6,SSA,1,203027,100,1847.0
A-n45-k6,SSA,1,203027,101,1847.0
A-n45-k6,SSA,1,203027,102,1847.0
A-n45-k6,SSA,1,203027,103,1847.0
A-n45-k6,SSA,1,203027,104,1847.0
A-n45-k6,SSA,1,203027,105,1847.0
A-n45-k6,SSA,1,203027,106,1847.0
A-n45-k6,SSA,1,203027,107,1847.0
A-n45-k6,SSA,1,203027,108,1847.0
A-n45-k6,SSA,1,203027,109,1847.0
A-n45-k6,SSA,1,203027,110,1847.0
A-n45-k6,SSA,1,203027,111,1847.0
A-n45-k6,SSA,1,203027,112,1802.0
A-n45-k6,SSA,1,203027,113,1802.0
A-n45-k6,SSA,1,203027,114,1802.0
A-n45-k6,SSA,1,203027,115,1802.0
A-n45-k6,SSA,1,203027,116,1802.0
A-n45-k6,SSA,1,203027,117,1802.0
A-n45-k6,SSA,1,203027,118,1802.0
A-n45-k6,SSA,1,203027,119,1802.0
A-n45-k6,SSA,1,203027,120,1802.0
A-n45-k6,SSA,1,203027,121,1802.0
A-n45-k6,SSA,1,203027,122,1802.0
A-n45-k6,SSA,1,203027,123,1802.0
A-n45-k6,SSA,1,203027,124,1802.0
A-n45-k6,SSA,1,203027,125,1802.0
A-n45-k6,SSA,1,203027,126,1802.0
A-n45-k6,SSA,1,203027,127,1802.0
A-n45-k6,SSA,1,203027,128,1802.0
A-n45-k6,SSA,1,203027,129,1802.0
A-n45-k6,SSA,1,203027,130,1802.0
A-n45-k6,SSA,1,203027,131,1802.0
A-n45-k6,SSA,1,203027,132,1802.0
A-n45-k6,SSA,1,203027,133,1802.0
A-n45-k6,SSA,1,203027,134,1802.0
A-n45-k6,SSA,1,203027,135,1802.0
A-n45-k6,SSA,1,203027,136,1802.0
A-n45-k6,SSA,1,203027,137,1802.0
A-n45-k6,SSA,1,203027,138,1802.0
A-n45-k6,SSA,1,203027,139,1802.0
A-n45-k6,SSA,1,203027,140,1802.0
A-n45-k6,SSA,1,203027,141,1802.0
A-n45-k6,SSA,1,203027,142,1802.0
A-n45-k6,SSA,1,203027,143,1802.0
A-n45-k6,SSA,1,203027,144,1802.0
A-n45-k6,SSA,1,203027,145,1802.0
A-n45-k6,SSA,1,203027,146,1802.0
A-n45-k6,SSA,1,203027,147,1802.0
A-n45-k6,SSA,1,203027,148,1802.0
A-n45-k6,SSA,1,203027,149,1802.0
A-n45-k6,SSA,1,203027,150,1802.0
A-n45-k6,SSA,1,203027,151,1794.0
A-n45-k6,SSA,1,203027,152,1794.0
A-n45-k6,SSA,1,203027,153,1794.0
A-n45-k6,SSA,1,203027,154,1794.0
A-n45-k6,SSA,1,203027,155,1794.0
A-n45-k6,SSA,1,203027,156,1794.0
A-n45-k6,SSA,1,203027,157,1794.0
A-n45-k6,SSA,1,203027,158,1794.0
A-n45-k6,SSA,1,203027,159,1794.0
A-n45-k6,SSA,1,203027,160,1794.0
A-n45-k6,SSA,1,203027,161,1794.0
A-n45-k6,SSA,1,203027,162,1794.0
A-n45-k6,SSA,1,203027,163,1794.0
A-n45-k6,SSA,1,203027,164,1794.0
A-n45-k6,SSA,1,203027,165,1794.0
A-n45-k6,SSA,1,203027,166,1794.0
A-n45-k6,SSA,1,203027,167,1794.0
A-n45-k6,SSA,1,203027,168,1794.0
A-n45-k6,SSA,1,203027,169,1794.0
A-n45-k6,SSA,1,203027,170,1794.0
A-n45-k6,SSA,1,203027,171,1794.0
A-n45-k6,SSA,1,203027,172,1794.0
A-n45-k6,SSA,1,203027,173,1794.0
A-n45-k6,SSA,1,203027,174,1794.0
A-n45-k6,SSA,1,203027,175,1794.0
A-n45-k6,SSA,1,203027,176,1794.0
A-n45-k6,SSA,1,203027,177,1794.0
A-n45-k6,SSA,1,203027,178,1794.0
A-n45-k6,SSA,1,203027,179,1794.0
A-n45-k6,SSA,1,203027,180,1794.0
A-n45-k6,SSA,1,203027,181,1794.0
A-n45-k6,SSA,1,203027,182,1794.0
A-n45-k6,SSA,1,203027,183,1794.0
A-n45-k6,SSA,1,203027,184,1794.0
A-n45-k6,SSA,1,203027,185,1794.0
A-n45-k6,SSA,1,203027,186,1794.0
A-n45-k6,SSA,1,203027,187,1794.0
A-n45-k6,SSA,1,203027,188,1794.0
A-n45-k6,SSA,1,203027,189,1794.0
A-n45-k6,SSA,1,203027,190,1794.0
A-n45-k6,SSA,1,203027,191,1794.0
A-n45-k6,SSA,1,203027,192,1794.0
A-n45-k6,SSA,1,203027,193,1794.0
A-n45-k6,SSA,1,203027,194,1794.0
A-n45-k6,SSA,1,203027,195,1794.0
A-n45-k6,SSA,1,203027,196,1794.0
A-n45-k6,SSA,1,203027,197,1794.0
A-n45-k6,SSA,1,203027,198,1794.0
A-n45-k6,SSA,1,203027,199,1794.0
A-n45-k6,SSA,1,203027,200,1794.0
A-n45-k6,SSA,2,203028,1,2185.0
A-n45-k6,SSA,2,203028,2,2170.0
A-n45-k6,SSA,2,203028,3,2170.0
A-n45-k6,SSA,2,203028,4,2071.0
A-n45-k6,SSA,2,203028,5,2071.0
A-n45-k6,SSA,2,203028,6,2033.0
A-n45-k6,SSA,2,203028,7,2033.0
A-n45-k6,SSA,2,203028,8,2033.0
A-n45-k6,SSA,2,203028,9,2033.0
A-n45-k6,SSA,2,203028,10,2033.0
A-n45-k6,SSA,2,203028,11,2033.0
A-n45-k6,SSA,2,203028,12,2033.0
A-n45-k6,SSA,2,203028,13,2033.0
A-n45-k6,SSA,2,203028,14,2033.0
A-n45-k6,SSA,2,203028,15,1935.0
A-n45-k6,SSA,2,203028,16,1935.0
A-n45-k6,SSA,2,203028,17,1935.0
A-n45-k6,SSA,2,203028,18,1935.0
A-n45-k6,SSA,2,203028,19,1935.0
A-n45-k6,SSA,2,203028,20,1935.0
A-n45-k6,SSA,2,203028,21,1935.0
A-n45-k6,SSA,2,203028,22,1935.0
A-n45-k6,SSA,2,203028,23,1935.0
A-n45-k6,SSA,2,203028,24,1935.0
A-n45-k6,SSA,2,203028,25,1935.0
A-n45-k6,SSA,2,203028,26,1935.0
A-n45-k6,SSA,2,203028,27,1935.0
A-n45-k6,SSA,2,203028,28,1935.0
A-n45-k6,SSA,2,203028,29,1935.0
A-n45-k6,SSA,2,203028,30,1935.0
A-n45-k6,SSA,2,203028,31,1935.0
A-n45-k6,SSA,2,203028,32,1935.0
A-n45-k6,SSA,2,203028,33,1935.0
A-n45-k6,SSA,2,203028,34,1935.0
A-n45-k6,SSA,2,203028,35,1935.0
A-n45-k6,SSA,2,203028,36,1935.0
A-n45-k6,SSA,2,203028,37,1935.0
A-n45-k6,SSA,2,203028,38,1935.0
A-n45-k6,SSA,2,203028,39,1935.0
A-n45-k6,SSA,2,203028,40,1935.0
A-n45-k6,SSA,2,203028,41,1935.0
A-n45-k6,SSA,2,203028,42,1935.0
A-n45-k6,SSA,2,203028,43,1935.0
A-n45-k6,SSA,2,203028,44,1935.0
A-n45-k6,SSA,2,203028,45,1935.0
A-n45-k6,SSA,2,203028,46,1935.0
A-n45-k6,SSA,2,203028,47,1935.0
A-n45-k6,SSA,2,203028,48,1935.0
A-n45-k6,SSA,2,203028,49,1935.0
A-n45-k6,SSA,2,203028,50,1935.0
A-n45-k6,SSA,2,203028,51,1935.0
A-n45-k6,SSA,2,203028,52,1935.0
A-n45-k6,SSA,2,203028,53,1935.0
A-n45-k6,SSA,2,203028,54,1935.0
A-n45-k6,SSA,2,203028,55,1935.0
A-n45-k6,SSA,2,203028,56,1935.0
A-n45-k6,SSA,2,203028,57,1785.0
A-n45-k6,SSA,2,203028,58,1785.0
A-n45-k6,SSA,2,203028,59,1785.0
A-n45-k6,SSA,2,203028,60,1785.0
A-n45-k6,SSA,2,203028,61,1785.0
A-n45-k6,SSA,2,203028,62,1785.0
A-n45-k6,SSA,2,203028,63,1785.0
A-n45-k6,SSA,2,203028,64,1785.0
A-n45-k6,SSA,2,203028,65,1785.0
A-n45-k6,SSA,2,203028,66,1785.0
A-n45-k6,SSA,2,203028,67,1785.0
A-n45-k6,SSA,2,203028,68,1785.0
A-n45-k6,SSA,2,203028,69,1785.0
A-n45-k6,SSA,2,203028,70,1785.0
A-n45-k6,SSA,2,203028,71,1785.0
A-n45-k6,SSA,2,203028,72,1785.0
A-n45-k6,SSA,2,203028,73,1785.0
A-n45-k6,SSA,2,203028,74,1785.0
A-n45-k6,SSA,2,203028,75,1785.0
A-n45-k6,SSA,2,203028,76,1785.0
A-n45-k6,SSA,2,203028,77,1785.0
A-n45-k6,SSA,2,203028,78,1785.0
A-n45-k6,SSA,2,203028,79,1785.0
A-n45-k6,SSA,2,203028,80,1785.0
A-n45-k6,SSA,2,203028,81,1785.0
A-n45-k6,SSA,2,203028,82,1785.0
A-n45-k6,SSA,2,203028,83,1785.0
A-n45-k6,SSA,2,203028,84,1785.0
A-n45-k6,SSA,2,203028,85,1785.0
A-n45-k6,SSA,2,203028,86,1785.0
A-n45-k6,SSA,2,203028,87,1785.0
A-n45-k6,SSA,2,203028,88,1785.0
A-n45-k6,SSA,2,203028,89,1785.0
A-n45-k6,SSA,2,203028,90,1785.0
A-n45-k6,SSA,2,203028,91,1785.0
A-n45-k6,SSA,2,203028,92,1785.0
A-n45-k6,SSA,2,203028,93,1785.0
A-n45-k6,SSA,2,203028,94,1785.0
A-n45-k6,SSA,2,203028,95,1785.0
A-n45-k6,SSA,2,203028,96,1785.0
A-n45-k6,SSA,2,203028,97,1785.0
A-n45-k6,SSA,2,203028,98,1785.0
A-n45-k6,SSA,2,203028,99,1785.0
A-n45-k6,SSA,2,203028,100,1785.0
A-n45-k6,SSA,2,203028,101,1785.0
A-n45-k6,SSA,2,203028,102,1785.0
A-n45-k6,SSA,2,203028,103,1785.0
A-n45-k6,SSA,2,203028,104,1785.0
A-n45-k6,SSA,2,203028,105,1785.0
A-n45-k6,SSA,2,203028,106,1785.0
A-n45-k6,SSA,2,203028,107,1785.0
A-n45-k6,SSA,2,203028,108,1785.0
A-n45-k6,SSA,2,203028,109,1785.0
A-n45-k6,SSA,2,203028,110,1785.0
A-n45-k6,SSA,2,203028,111,1785.0
A-n45-k6,SSA,2,203028,112,1785.0
A-n45-k6,SSA,2,203028,113,1785.0
A-n45-k6,SSA,2,203028,114,1785.0
A-n45-k6,SSA,2,203028,115,1785.0
A-n45-k6,SSA,2,203028,116,1785.0
A-n45-k6,SSA,2,203028,117,1785.0
A-n45-k6,SSA,2,203028,118,1785.0
A-n45-k6,SSA,2,203028,119,1785.0
A-n45-k6,SSA,2,203028,120,1785.0
A-n45-k6,SSA,2,203028,121,1785.0
A-n45-k6,SSA,2,203028,122,1785.0
A-n45-k6,SSA,2,203028,123,1785.0
A-n45-k6,SSA,2,203028,124,1785.0
A-n45-k6,SSA,2,203028,125,1774.0
A-n45-k6,SSA,2,203028,126,1774.0
A-n45-k6,SSA,2,203028,127,1774.0
A-n45-k6,SSA,2,203028,128,1774.0
A-n45-k6,SSA,2,203028,129,1774.0
A-n45-k6,SSA,2,203028,130,1774.0
A-n45-k6,SSA,2,203028,131,1774.0
A-n45-k6,SSA,2,203028,132,1774.0
A-n45-k6,SSA,2,203028,133,1774.0
A-n45-k6,SSA,2,203028,134,1774.0
A-n45-k6,SSA,2,203028,135,1774.0
A-n45-k6,SSA,2,203028,136,1704.0
A-n45-k6,SSA,2,203028,137,1704.0
A-n45-k6,SSA,2,203028,138,1704.0
A-n45-k6,SSA,2,203028,139,1704.0
A-n45-k6,SSA,2,203028,140,1704.0
A-n45-k6,SSA,2,203028,141,1704.0
A-n45-k6,SSA,2,203028,142,1704.0
A-n45-k6,SSA,2,203028,143,1704.0
A-n45-k6,SSA,2,203028,144,1704.0
A-n45-k6,SSA,2,203028,145,1704.0
A-n45-k6,SSA,2,203028,146,1704.0
A-n45-k6,SSA,2,203028,147,1704.0
A-n45-k6,SSA,2,203028,148,1704.0
A-n45-k6,SSA,2,203028,149,1704.0
A-n45-k6,SSA,2,203028,150,1704.0
A-n45-k6,SSA,2,203028,151,1704.0
A-n45-k6,SSA,2,203028,152,1704.0
A-n45-k6,SSA,2,203028,153,1704.0
A-n45-k6,SSA,2,203028,154,1704.0
A-n45-k6,SSA,2,203028,155,1704.0
A-n45-k6,SSA,2,203028,156,1704.0
A-n45-k6,SSA,2,203028,157,1704.0
A-n45-k6,SSA,2,203028,158,1704.0
A-n45-k6,SSA,2,203028,159,1704.0
A-n45-k6,SSA,2,203028,160,1704.0
A-n45-k6,SSA,2,203028,161,1702.0
A-n45-k6,SSA,2,203028,162,1702.0
A-n45-k6,SSA,2,203028,163,1702.0
A-n45-k6,SSA,2,203028,164,1702.0
A-n45-k6,SSA,2,203028,165,1662.0
A-n45-k6,SSA,2,203028,166,1662.0
A-n45-k6,SSA,2,203028,167,1662.0
A-n45-k6,SSA,2,203028,168,1662.0
A-n45-k6,SSA,2,203028,169,1662.0
A-n45-k6,SSA,2,203028,170,1662.0
A-n45-k6,SSA,2,203028,171,1662.0
A-n45-k6,SSA,2,203028,172,1662.0
A-n45-k6,SSA,2,203028,173,1662.0
A-n45-k6,SSA,2,203028,174,1650.0
A-n45-k6,SSA,2,203028,175,1650.0
A-n45-k6,SSA,2,203028,176,1650.0
A-n45-k6,SSA,2,203028,177,1650.0
A-n45-k6,SSA,2,203028,178,1650.0
A-n45-k6,SSA,2,203028,179,1650.0
A-n45-k6,SSA,2,203028,180,1650.0
A-n45-k6,SSA,2,203028,181,1650.0
A-n45-k6,SSA,2,203028,182,1650.0
A-n45-k6,SSA,2,203028,183,1650.0
A-n45-k6,SSA,2,203028,184,1650.0
A-n45-k6,SSA,2,203028,185,1650.0
A-n45-k6,SSA,2,203028,186,1650.0
A-n45-k6,SSA,2,203028,187,1650.0
A-n45-k6,SSA,2,203028,188,1650.0
A-n45-k6,SSA,2,203028,189,1650.0
A-n45-k6,SSA,2,203028,190,1650.0
A-n45-k6,SSA,2,203028,191,1650.0
A-n45-k6,SSA,2,203028,192,1650.0
A-n45-k6,SSA,2,203028,193,1650.0
A-n45-k6,SSA,2,203028,194,1650.0
A-n45-k6,SSA,2,203028,195,1650.0
A-n45-k6,SSA,2,203028,196,1650.0
A-n45-k6,SSA,2,203028,197,1650.0
A-n45-k6,SSA,2,203028,198,1650.0
A-n45-k6,SSA,2,203028,199,1650.0
A-n45-k6,SSA,2,203028,200,1650.0
A-n45-k6,SSA,3,203029,1,2039.0
A-n45-k6,SSA,3,203029,2,2039.0
A-n45-k6,SSA,3,203029,3,2039.0
A-n45-k6,SSA,3,203029,4,2039.0
A-n45-k6,SSA,3,203029,5,2039.0
A-n45-k6,SSA,3,203029,6,2039.0
A-n45-k6,SSA,3,203029,7,2039.0
A-n45-k6,SSA,3,203029,8,2039.0
A-n45-k6,SSA,3,203029,9,2039.0
A-n45-k6,SSA,3,203029,10,2039.0
A-n45-k6,SSA,3,203029,11,2039.0
A-n45-k6,SSA,3,203029,12,2039.0
A-n45-k6,SSA,3,203029,13,2039.0
A-n45-k6,SSA,3,203029,14,2039.0
A-n45-k6,SSA,3,203029,15,2039.0
A-n45-k6,SSA,3,203029,16,2039.0
A-n45-k6,SSA,3,203029,17,2039.0
A-n45-k6,SSA,3,203029,18,2039.0
A-n45-k6,SSA,3,203029,19,2039.0
A-n45-k6,SSA,3,203029,20,2033.0
A-n45-k6,SSA,3,203029,21,2033.0
A-n45-k6,SSA,3,203029,22,2015.0
A-n45-k6,SSA,3,203029,23,2015.0
A-n45-k6,SSA,3,203029,24,2015.0
A-n45-k6,SSA,3,203029,25,2015.0
A-n45-k6,SSA,3,203029,26,2015.0
A-n45-k6,SSA,3,203029,27,2015.0
A-n45-k6,SSA,3,203029,28,2015.0
A-n45-k6,SSA,3,203029,29,2015.0
A-n45-k6,SSA,3,203029,30,2015.0
A-n45-k6,SSA,3,203029,31,2015.0
A-n45-k6,SSA,3,203029,32,2015.0
A-n45-k6,SSA,3,203029,33,2015.0
A-n45-k6,SSA,3,203029,34,2015.0
A-n45-k6,SSA,3,203029,35,1955.0
A-n45-k6,SSA,3,203029,36,1955.0
A-n45-k6,SSA,3,203029,37,1955.0
A-n45-k6,SSA,3,203029,38,1955.0
A-n45-k6,SSA,3,203029,39,1955.0
A-n45-k6,SSA,3,203029,40,1955.0
A-n45-k6,SSA,3,203029,41,1955.0
A-n45-k6,SSA,3,203029,42,1955.0
A-n45-k6,SSA,3,203029,43,1885.0
A-n45-k6,SSA,3,203029,44,1885.0
A-n45-k6,SSA,3,203029,45,1885.0
A-n45-k6,SSA,3,203029,46,1885.0
A-n45-k6,SSA,3,203029,47,1885.0
A-n45-k6,SSA,3,203029,48,1885.0
A-n45-k6,SSA,3,203029,49,1885.0
A-n45-k6,SSA,3,203029,50,1885.0
A-n45-k6,SSA,3,203029,51,1885.0
A-n45-k6,SSA,3,203029,52,1885.0
A-n45-k6,SSA,3,203029,53,1885.0
A-n45-k6,SSA,3,203029,54,1885.0
A-n45-k6,SSA,3,203029,55,1885.0
A-n45-k6,SSA,3,203029,56,1885.0
A-n45-k6,SSA,3,203029,57,1885.0
A-n45-k6,SSA,3,203029,58,1885.0
A-n45-k6,SSA,3,203029,59,1885.0
A-n45-k6,SSA,3,203029,60,1885.0
A-n45-k6,SSA,3,203029,61,1885.0
A-n45-k6,SSA,3,203029,62,1885.0
A-n45-k6,SSA,3,203029,63,1885.0
A-n45-k6,SSA,3,203029,64,1885.0
A-n45-k6,SSA,3,203029,65,1885.0
A-n45-k6,SSA,3,203029,66,1885.0
A-n45-k6,SSA,3,203029,67,1885.0
A-n45-k6,SSA,3,203029,68,1885.0
A-n45-k6,SSA,3,203029,69,1885.0
A-n45-k6,SSA,3,203029,70,1885.0
A-n45-k6,SSA,3,203029,71,1885.0
A-n45-k6,SSA,3,203029,72,1885.0
A-n45-k6,SSA,3,203029,73,1885.0
A-n45-k6,SSA,3,203029,74,1885.0
A-n45-k6,SSA,3,203029,75,1885.0
A-n45-k6,SSA,3,203029,76,1885.0
A-n45-k6,SSA,3,203029,77,1885.0
A-n45-k6,SSA,3,203029,78,1885.0
A-n45-k6,SSA,3,203029,79,1885.0
A-n45-k6,SSA,3,203029,80,1885.0
A-n45-k6,SSA,3,203029,81,1885.0
A-n45-k6,SSA,3,203029,82,1885.0
A-n45-k6,SSA,3,203029,83,1885.0
A-n45-k6,SSA,3,203029,84,1885.0
A-n45-k6,SSA,3,203029,85,1885.0
A-n45-k6,SSA,3,203029,86,1885.0
A-n45-k6,SSA,3,203029,87,1885.0
A-n45-k6,SSA,3,203029,88,1885.0
A-n45-k6,SSA,3,203029,89,1885.0
A-n45-k6,SSA,3,203029,90,1885.0
A-n45-k6,SSA,3,203029,91,1885.0
A-n45-k6,SSA,3,203029,92,1885.0
A-n45-k6,SSA,3,203029,93,1885.0
A-n45-k6,SSA,3,203029,94,1885.0
A-n45-k6,SSA,3,203029,95,1885.0
A-n45-k6,SSA,3,203029,96,1885.0
A-n45-k6,SSA,3,203029,97,1885.0
A-n45-k6,SSA,3,203029,98,1885.0
A-n45-k6,SSA,3,203029,99,1885.0
A-n45-k6,SSA,3,203029,100,1885.0
A-n45-k6,SSA,3,203029,101,1885.0
A-n45-k6,SSA,3,203029,102,1885.0
A-n45-k6,SSA,3,203029,103,1885.0
A-n45-k6,SSA,3,203029,104,1885.0
A-n45-k6,SSA,3,203029,105,1885.0
A-n45-k6,SSA,3,203029,106,1885.0
A-n45-k6,SSA,3,203029,107,1885.0
A-n45-k6,SSA,3,203029,108,1885.0
A-n45-k6,SSA,3,203029,109,1885.0
A-n45-k6,SSA,3,203029,110,1885.0
A-n45-k6,SSA,3,203029,111,1885.0
A-n45-k6,SSA,3,203029,112,1885.0
A-n45-k6,SSA,3,203029,113,1885.0
A-n45-k6,SSA,3,203029,114,1885.0
A-n45-k6,SSA,3,203029,115,1885.0
A-n45-k6,SSA,3,203029,116,1885.0
A-n45-k6,SSA,3,203029,117,1885.0
A-n45-k6,SSA,3,203029,118,1885.0
A-n45-k6,SSA,3,203029,119,1885.0
A-n45-k6,SSA,3,203029,120,1885.0
A-n45-k6,SSA,3,203029,121,1885.0
A-n45-k6,SSA,3,203029,122,1885.0
A-n45-k6,SSA,3,203029,123,1885.0
A-n45-k6,SSA,3,203029,124,1885.0
A-n45-k6,SSA,3,203029,125,1885.0
A-n45-k6,SSA,3,203029,126,1885.0
A-n45-k6,SSA,3,203029,127,1885.0
A-n45-k6,SSA,3,203029,128,1885.0
A-n45-k6,SSA,3,203029,129,1885.0
A-n45-k6,SSA,3,203029,130,1885.0
A-n45-k6,SSA,3,203029,131,1885.0
A-n45-k6,SSA,3,203029,132,1885.0
A-n45-k6,SSA,3,203029,133,1885.0
A-n45-k6,SSA,3,203029,134,1885.0
A-n45-k6,SSA,3,203029,135,1885.0
A-n45-k6,SSA,3,203029,136,1885.0
A-n45-k6,SSA,3,203029,137,1885.0
A-n45-k6,SSA,3,203029,138,1885.0
A-n45-k6,SSA,3,203029,139,1885.0
A-n45-k6,SSA,3,203029,140,1885.0
A-n45-k6,SSA,3,203029,141,1885.0
A-n45-k6,SSA,3,203029,142,1885.0
A-n45-k6,SSA,3,203029,143,1885.0
A-n45-k6,SSA,3,203029,144,1885.0
A-n45-k6,SSA,3,203029,145,1885.0
A-n45-k6,SSA,3,203029,146,1885.0
A-n45-k6,SSA,3,203029,147,1885.0
A-n45-k6,SSA,3,203029,148,1885.0
A-n45-k6,SSA,3,203029,149,1885.0
A-n45-k6,SSA,3,203029,150,1885.0
A-n45-k6,SSA,3,203029,151,1885.0
A-n45-k6,SSA,3,203029,152,1885.0
A-n45-k6,SSA,3,203029,153,1885.0
A-n45-k6,SSA,3,203029,154,1885.0
A-n45-k6,SSA,3,203029,155,1885.0
A-n45-k6,SSA,3,203029,156,1885.0
A-n45-k6,SSA,3,203029,157,1885.0
A-n45-k6,SSA,3,203029,158,1885.0
A-n45-k6,SSA,3,203029,159,1885.0
A-n45-k6,SSA,3,203029,160,1885.0
A-n45-k6,SSA,3,203029,161,1885.0
A-n45-k6,SSA,3,203029,162,1885.0
A-n45-k6,SSA,3,203029,163,1885.0
A-n45-k6,SSA,3,203029,164,1885.0
A-n45-k6,SSA,3,203029,165,1885.0
A-n45-k6,SSA,3,203029,166,1885.0
A-n45-k6,SSA,3,203029,167,1885.0
A-n45-k6,SSA,3,203029,168,1885.0
A-n45-k6,SSA,3,203029,169,1885.0
A-n45-k6,SSA,3,203029,170,1885.0
A-n45-k6,SSA,3,203029,171,1885.0
A-n45-k6,SSA,3,203029,172,1885.0
A-n45-k6,SSA,3,203029,173,1885.0
A-n45-k6,SSA,3,203029,174,1885.0
A-n45-k6,SSA,3,203029,175,1885.0
A-n45-k6,SSA,3,203029,176,1838.0
A-n45-k6,SSA,3,203029,177,1838.0
A-n45-k6,SSA,3,203029,178,1838.0
A-n45-k6,SSA,3,203029,179,1838.0
A-n45-k6,SSA,3,203029,180,1838.0
A-n45-k6,SSA,3,203029,181,1838.0
A-n45-k6,SSA,3,203029,182,1838.0
A-n45-k6,SSA,3,203029,183,1838.0
A-n45-k6,SSA,3,203029,184,1838.0
A-n45-k6,SSA,3,203029,185,1838.0
A-n45-k6,SSA,3,203029,186,1838.0
A-n45-k6,SSA,3,203029,187,1838.0
A-n45-k6,SSA,3,203029,188,1838.0
A-n45-k6,SSA,3,203029,189,1817.0
A-n45-k6,SSA,3,203029,190,1817.0
A-n45-k6,SSA,3,203029,191,1817.0
A-n45-k6,SSA,3,203029,192,1817.0
A-n45-k6,SSA,3,203029,193,1817.0
A-n45-k6,SSA,3,203029,194,1817.0
A-n45-k6,SSA,3,203029,195,1817.0
A-n45-k6,SSA,3,203029,196,1817.0
A-n45-k6,SSA,3,203029,197,1817.0
A-n45-k6,SSA,3,203029,198,1817.0
A-n45-k6,SSA,3,203029,199,1817.0
A-n45-k6,SSA,3,203029,200,1817.0
A-n45-k6,M-WOA,1,204027,1,1525.0
A-n45-k6,M-WOA,1,204027,2,1477.0
A-n45-k6,M-WOA,1,204027,3,1423.0
A-n45-k6,M-WOA,1,204027,4,1398.0
A-n45-k6,M-WOA,1,204027,5,1398.0
A-n45-k6,M-WOA,1,204027,6,1398.0
A-n45-k6,M-WOA,1,204027,7,1398.0
A-n45-k6,M-WOA,1,204027,8,1398.0
A-n45-k6,M-WOA,1,204027,9,1398.0
A-n45-k6,M-WOA,1,204027,10,1398.0
A-n45-k6,M-WOA,1,204027,11,1398.0
A-n45-k6,M-WOA,1,204027,12,1398.0
A-n45-k6,M-WOA,1,204027,13,1398.0
A-n45-k6,M-WOA,1,204027,14,1387.0
A-n45-k6,M-WOA,1,204027,15,1387.0
A-n45-k6,M-WOA,1,204027,16,1387.0
A-n45-k6,M-WOA,1,204027,17,1377.0
A-n45-k6,M-WOA,1,204027,18,1377.0
A-n45-k6,M-WOA,1,204027,19,1372.0
A-n45-k6,M-WOA,1,204027,20,1365.0
A-n45-k6,M-WOA,1,204027,21,1327.0
A-n45-k6,M-WOA,1,204027,22,1327.0
A-n45-k6,M-WOA,1,204027,23,1327.0
A-n45-k6,M-WOA,1,204027,24,1325.0
A-n45-k6,M-WOA,1,204027,25,1304.0
A-n45-k6,M-WOA,1,204027,26,1300.0
A-n45-k6,M-WOA,1,204027,27,1300.0
A-n45-k6,M-WOA,1,204027,28,1300.0
A-n45-k6,M-WOA,1,204027,29,1288.0
A-n45-k6,M-WOA,1,204027,30,1261.0
A-n45-k6,M-WOA,1,204027,31,1261.0
A-n45-k6,M-WOA,1,204027,32,1261.0
A-n45-k6,M-WOA,1,204027,33,1261.0
A-n45-k6,M-WOA,1,204027,34,1261.0
A-n45-k6,M-WOA,1,204027,35,1261.0
A-n45-k6,M-WOA,1,204027,36,1244.0
A-n45-k6,M-WOA,1,204027,37,1238.0
A-n45-k6,M-WOA,1,204027,38,1217.0
A-n45-k6,M-WOA,1,204027,39,1214.0
A-n45-k6,M-WOA,1,204027,40,1214.0
A-n45-k6,M-WOA,1,204027,41,1214.0
A-n45-k6,M-WOA,1,204027,42,1214.0
A-n45-k6,M-WOA,1,204027,43,1214.0
A-n45-k6,M-WOA,1,204027,44,1214.0
A-n45-k6,M-WOA,1,204027,45,1214.0
A-n45-k6,M-WOA,1,204027,46,1214.0
A-n45-k6,M-WOA,1,204027,47,1214.0
A-n45-k6,M-WOA,1,204027,48,1214.0
A-n45-k6,M-WOA,1,204027,49,1214.0
A-n45-k6,M-WOA,1,204027,50,1214.0
A-n45-k6,M-WOA,1,204027,51,1214.0
A-n45-k6,M-WOA,1,204027,52,1214.0
A-n45-k6,M-WOA,1,204027,53,1214.0
A-n45-k6,M-WOA,1,204027,54,1214.0
A-n45-k6,M-WOA,1,204027,55,1214.0
A-n45-k6,M-WOA,1,204027,56,1214.0
A-n45-k6,M-WOA,1,204027,57,1214.0
A-n45-k6,M-WOA,1,204027,58,1214.0
A-n45-k6,M-WOA,1,204027,59,1214.0
A-n45-k6,M-WOA,1,204027,60,1214.0
A-n45-k6,M-WOA,1,204027,61,1214.0
A-n45-k6,M-WOA,1,204027,62,1214.0
A-n45-k6,M-WOA,1,204027,63,1214.0
A-n45-k6,M-WOA,1,204027,64,1214.0
A-n45-k6,M-WOA,1,204027,65,1214.0
A-n45-k6,M-WOA,1,204027,66,1214.0
A-n45-k6,M-WOA,1,204027,67,1214.0
A-n45-k6,M-WOA,1,204027,68,1214.0
A-n45-k6,M-WOA,1,204027,69,1214.0
A-n45-k6,M-WOA,1,204027,70,1214.0
A-n45-k6,M-WOA,1,204027,71,1214.0
A-n45-k6,M-WOA,1,204027,72,1214.0
A-n45-k6,M-WOA,1,204027,73,1214.0
A-n45-k6,M-WOA,1,204027,74,1214.0
A-n45-k6,M-WOA,1,204027,75,1214.0
A-n45-k6,M-WOA,1,204027,76,1214.0
A-n45-k6,M-WOA,1,204027,77,1214.0
A-n45-k6,M-WOA,1,204027,78,1214.0
A-n45-k6,M-WOA,1,204027,79,1214.0
A-n45-k6,M-WOA,1,204027,80,1214.0
A-n45-k6,M-WOA,1,204027,81,1214.0
A-n45-k6,M-WOA,1,204027,82,1214.0
A-n45-k6,M-WOA,1,204027,83,1214.0
A-n45-k6,M-WOA,1,204027,84,1214.0
A-n45-k6,M-WOA,1,204027,85,1214.0
A-n45-k6,M-WOA,1,204027,86,1214.0
A-n45-k6,M-WOA,1,204027,87,1214.0
A-n45-k6,M-WOA,1,204027,88,1214.0
A-n45-k6,M-WOA,1,204027,89,1214.0
A-n45-k6,M-WOA,1,204027,90,1214.0
A-n45-k6,M-WOA,1,204027,91,1214.0
A-n45-k6,M-WOA,1,204027,92,1214.0
A-n45-k6,M-WOA,1,204027,93,1214.0
A-n45-k6,M-WOA,1,204027,94,1214.0
A-n45-k6,M-WOA,1,204027,95,1214.0
A-n45-k6,M-WOA,1,204027,96,1214.0
A-n45-k6,M-WOA,1,204027,97,1214.0
A-n45-k6,M-WOA,1,204027,98,1214.0
A-n45-k6,M-WOA,1,204027,99,1214.0
A-n45-k6,M-WOA,1,204027,100,1214.0
A-n45-k6,M-WOA,1,204027,101,1214.0
A-n45-k6,M-WOA,1,204027,102,1214.0
A-n45-k6,M-WOA,1,204027,103,1214.0
A-n45-k6,M-WOA,1,204027,104,1214.0
A-n45-k6,M-WOA,1,204027,105,1214.0
A-n45-k6,M-WOA,1,204027,106,1214.0
A-n45-k6,M-WOA,1,204027,107,1214.0
A-n45-k6,M-WOA,1,204027,108,1214.0
A-n45-k6,M-WOA,1,204027,109,1214.0
A-n45-k6,M-WOA,1,204027,110,1214.0
A-n45-k6,M-WOA,1,204027,111,1214.0
A-n45-k6,M-WOA,1,204027,112,1214.0
A-n45-k6,M-WOA,1,204027,113,1214.0
A-n45-k6,M-WOA,1,204027,114,1214.0
A-n45-k6,M-WOA,1,204027,115,1214.0
A-n45-k6,M-WOA,1,204027,116,1214.0
A-n45-k6,M-WOA,1,204027,117,1214.0
A-n45-k6,M-WOA,1,204027,118,1214.0
A-n45-k6,M-WOA,1,204027,119,1214.0
A-n45-k6,M-WOA,1,204027,120,1214.0
A-n45-k6,M-WOA,1,204027,121,1214.0
A-n45-k6,M-WOA,1,204027,122,1214.0
A-n45-k6,M-WOA,1,204027,123,1214.0
A-n45-k6,M-WOA,1,204027,124,1214.0
A-n45-k6,M-WOA,1,204027,125,1214.0
A-n45-k6,M-WOA,1,204027,126,1214.0
A-n45-k6,M-WOA,1,204027,127,1214.0
A-n45-k6,M-WOA,1,204027,128,1214.0
A-n45-k6,M-WOA,1,204027,129,1214.0
A-n45-k6,M-WOA,1,204027,130,1214.0
A-n45-k6,M-WOA,1,204027,131,1214.0
A-n45-k6,M-WOA,1,204027,132,1214.0
A-n45-k6,M-WOA,1,204027,133,1214.0
A-n45-k6,M-WOA,1,204027,134,1214.0
A-n45-k6,M-WOA,1,204027,135,1214.0
A-n45-k6,M-WOA,1,204027,136,1214.0
A-n45-k6,M-WOA,1,204027,137,1214.0
A-n45-k6,M-WOA,1,204027,138,1214.0
A-n45-k6,M-WOA,1,204027,139,1214.0
A-n45-k6,M-WOA,1,204027,140,1214.0
A-n45-k6,M-WOA,1,204027,141,1214.0
A-n45-k6,M-WOA,1,204027,142,1214.0
A-n45-k6,M-WOA,1,204027,143,1214.0
A-n45-k6,M-WOA,1,204027,144,1214.0
A-n45-k6,M-WOA,1,204027,145,1214.0
A-n45-k6,M-WOA,1,204027,146,1214.0
A-n45-k6,M-WOA,1,204027,147,1214.0
A-n45-k6,M-WOA,1,204027,148,1214.0
A-n45-k6,M-WOA,1,204027,149,1214.0
A-n45-k6,M-WOA,1,204027,150,1214.0
A-n45-k6,M-WOA,1,204027,151,1214.0
A-n45-k6,M-WOA,1,204027,152,1214.0
A-n45-k6,M-WOA,1,204027,153,1214.0
A-n45-k6,M-WOA,1,204027,154,1214.0
A-n45-k6,M-WOA,1,204027,155,1214.0
A-n45-k6,M-WOA,1,204027,156,1214.0
A-n45-k6,M-WOA,1,204027,157,1214.0
A-n45-k6,M-WOA,1,204027,158,1205.0
A-n45-k6,M-WOA,1,204027,159,1205.0
A-n45-k6,M-WOA,1,204027,160,1205.0
A-n45-k6,M-WOA,1,204027,161,1199.0
A-n45-k6,M-WOA,1,204027,162,1199.0
A-n45-k6,M-WOA,1,204027,163,1197.0
A-n45-k6,M-WOA,1,204027,164,1168.0
A-n45-k6,M-WOA,1,204027,165,1168.0
A-n45-k6,M-WOA,1,204027,166,1168.0
A-n45-k6,M-WOA,1,204027,167,1168.0
A-n45-k6,M-WOA,1,204027,168,1168.0
A-n45-k6,M-WOA,1,204027,169,1168.0
A-n45-k6,M-WOA,1,204027,170,1168.0
A-n45-k6,M-WOA,1,204027,171,1168.0
A-n45-k6,M-WOA,1,204027,172,1168.0
A-n45-k6,M-WOA,1,204027,173,1168.0
A-n45-k6,M-WOA,1,204027,174,1168.0
A-n45-k6,M-WOA,1,204027,175,1168.0
A-n45-k6,M-WOA,1,204027,176,1168.0
A-n45-k6,M-WOA,1,204027,177,1168.0
A-n45-k6,M-WOA,1,204027,178,1168.0
A-n45-k6,M-WOA,1,204027,179,1168.0
A-n45-k6,M-WOA,1,204027,180,1168.0
A-n45-k6,M-WOA,1,204027,181,1168.0
A-n45-k6,M-WOA,1,204027,182,1156.0
A-n45-k6,M-WOA,1,204027,183,1153.0
A-n45-k6,M-WOA,1,204027,184,1153.0
A-n45-k6,M-WOA,1,204027,185,1153.0
A-n45-k6,M-WOA,1,204027,186,1124.0
A-n45-k6,M-WOA,1,204027,187,1117.0
A-n45-k6,M-WOA,1,204027,188,1117.0
A-n45-k6,M-WOA,1,204027,189,1117.0
A-n45-k6,M-WOA,1,204027,190,1117.0
A-n45-k6,M-WOA,1,204027,191,1117.0
A-n45-k6,M-WOA,1,204027,192,1117.0
A-n45-k6,M-WOA,1,204027,193,1117.0
A-n45-k6,M-WOA,1,204027,194,1117.0
A-n45-k6,M-WOA,1,204027,195,1117.0
A-n45-k6,M-WOA,1,204027,196,1117.0
A-n45-k6,M-WOA,1,204027,197,1117.0
A-n45-k6,M-WOA,1,204027,198,1117.0
A-n45-k6,M-WOA,1,204027,199,1117.0
A-n45-k6,M-WOA,1,204027,200,1117.0
A-n45-k6,M-WOA,2,204028,1,1629.0
A-n45-k6,M-WOA,2,204028,2,1519.0
A-n45-k6,M-WOA,2,204028,3,1516.0
A-n45-k6,M-WOA,2,204028,4,1494.0
A-n45-k6,M-WOA,2,204028,5,1448.0
A-n45-k6,M-WOA,2,204028,6,1448.0
A-n45-k6,M-WOA,2,204028,7,1436.0
A-n45-k6,M-WOA,2,204028,8,1424.0
A-n45-k6,M-WOA,2,204028,9,1424.0
A-n45-k6,M-WOA,2,204028,10,1402.0
A-n45-k6,M-WOA,2,204028,11,1283.0
A-n45-k6,M-WOA,2,204028,12,1283.0
A-n45-k6,M-WOA,2,204028,13,1250.0
A-n45-k6,M-WOA,2,204028,14,1250.0
A-n45-k6,M-WOA,2,204028,15,1245.0
A-n45-k6,M-WOA,2,204028,16,1245.0
A-n45-k6,M-WOA,2,204028,17,1231.0
A-n45-k6,M-WOA,2,204028,18,1231.0
A-n45-k6,M-WOA,2,204028,19,1146.0
A-n45-k6,M-WOA,2,204028,20,1146.0
A-n45-k6,M-WOA,2,204028,21,1146.0
A-n45-k6,M-WOA,2,204028,22,1146.0
A-n45-k6,M-WOA,2,204028,23,1146.0
A-n45-k6,M-WOA,2,204028,24,1146.0
A-n45-k6,M-WOA,2,204028,25,1146.0
A-n45-k6,M-WOA,2,204028,26,1146.0
A-n45-k6,M-WOA,2,204028,27,1146.0
A-n45-k6,M-WOA,2,204028,28,1146.0
A-n45-k6,M-WOA,2,204028,29,1146.0
A-n45-k6,M-WOA,2,204028,30,1146.0
A-n45-k6,M-WOA,2,204028,31,1146.0
A-n45-k6,M-WOA,2,204028,32,1146.0
A-n45-k6,M-WOA,2,204028,33,1146.0
A-n45-k6,M-WOA,2,204028,34,1146.0
A-n45-k6,M-WOA,2,204028,35,1146.0
A-n45-k6,M-WOA,2,204028,36,1146.0
A-n45-k6,M-WOA,2,204028,37,1146.0
A-n45-k6,M-WOA,2,204028,38,1146.0
A-n45-k6,M-WOA,2,204028,39,1146.0
A-n45-k6,M-WOA,2,204028,40,1146.0
A-n45-k6,M-WOA,2,204028,41,1146.0
A-n45-k6,M-WOA,2,204028,42,1146.0
A-n45-k6,M-WOA,2,204028,43,1146.0
A-n45-k6,M-WOA,2,204028,44,1146.0
A-n45-k6,M-WOA,2,204028,45,1146.0
A-n45-k6,M-WOA,2,204028,46,1146.0
A-n45-k6,M-WOA,2,204028,47,1146.0
A-n45-k6,M-WOA,2,204028,48,1146.0
A-n45-k6,M-WOA,2,204028,49,1146.0
A-n45-k6,M-WOA,2,204028,50,1146.0
A-n45-k6,M-WOA,2,204028,51,1146.0
A-n45-k6,M-WOA,2,204028,52,1146.0
A-n45-k6,M-WOA,2,204028,53,1146.0
A-n45-k6,M-WOA,2,204028,54,1146.0
A-n45-k6,M-WOA,2,204028,55,1146.0
A-n45-k6,M-WOA,2,204028,56,1146.0
A-n45-k6,M-WOA,2,204028,57,1146.0
A-n45-k6,M-WOA,2,204028,58,1146.0
A-n45-k6,M-WOA,2,204028,59,1146.0
A-n45-k6,M-WOA,2,204028,60,1146.0
A-n45-k6,M-WOA,2,204028,61,1146.0
A-n45-k6,M-WOA,2,204028,62,1146.0
A-n45-k6,M-WOA,2,204028,63,1146.0
A-n45-k6,M-WOA,2,204028,64,1146.0
A-n45-k6,M-WOA,2,204028,65,1146.0
A-n45-k6,M-WOA,2,204028,66,1146.0
A-n45-k6,M-WOA,2,204028,67,1146.0
A-n45-k6,M-WOA,2,204028,68,1146.0
A-n45-k6,M-WOA,2,204028,69,1146.0
A-n45-k6,M-WOA,2,204028,70,1146.0
A-n45-k6,M-WOA,2,204028,71,1146.0
A-n45-k6,M-WOA,2,204028,72,1146.0
A-n45-k6,M-WOA,2,204028,73,1146.0
A-n45-k6,M-WOA,2,204028,74,1146.0
A-n45-k6,M-WOA,2,204028,75,1146.0
A-n45-k6,M-WOA,2,204028,76,1146.0
A-n45-k6,M-WOA,2,204028,77,1146.0
A-n45-k6,M-WOA,2,204028,78,1146.0
A-n45-k6,M-WOA,2,204028,79,1146.0
A-n45-k6,M-WOA,2,204028,80,1146.0
A-n45-k6,M-WOA,2,204028,81,1146.0
A-n45-k6,M-WOA,2,204028,82,1146.0
A-n45-k6,M-WOA,2,204028,83,1146.0
A-n45-k6,M-WOA,2,204028,84,1146.0
A-n45-k6,M-WOA,2,204028,85,1146.0
A-n45-k6,M-WOA,2,204028,86,1146.0
A-n45-k6,M-WOA,2,204028,87,1146.0
A-n45-k6,M-WOA,2,204028,88,1146.0
A-n45-k6,M-WOA,2,204028,89,1146.0
A-n45-k6,M-WOA,2,204028,90,1146.0
A-n45-k6,M-WOA,2,204028,91,1146.0
A-n45-k6,M-WOA,2,204028,92,1146.0
A-n45-k6,M-WOA,2,204028,93,1128.0
A-n45-k6,M-WOA,2,204028,94,1128.0
A-n45-k6,M-WOA,2,204028,95,1124.0
A-n45-k6,M-WOA,2,204028,96,1121.0
A-n45-k6,M-WOA,2,204028,97,1121.0
A-n45-k6,M-WOA,2,204028,98,1121.0
A-n45-k6,M-WOA,2,204028,99,1121.0
A-n45-k6,M-WOA,2,204028,100,1121.0
A-n45-k6,M-WOA,2,204028,101,1121.0
A-n45-k6,M-WOA,2,204028,102,1121.0
A-n45-k6,M-WOA,2,204028,103,1121.0
A-n45-k6,M-WOA,2,204028,104,1121.0
A-n45-k6,M-WOA,2,204028,105,1121.0
A-n45-k6,M-WOA,2,204028,106,1121.0
A-n45-k6,M-WOA,2,204028,107,1121.0
A-n45-k6,M-WOA,2,204028,108,1121.0
A-n45-k6,M-WOA,2,204028,109,1121.0
A-n45-k6,M-WOA,2,204028,110,1121.0
A-n45-k6,M-WOA,2,204028,111,1121.0
A-n45-k6,M-WOA,2,204028,112,1121.0
A-n45-k6,M-WOA,2,204028,113,1121.0
A-n45-k6,M-WOA,2,204028,114,1121.0
A-n45-k6,M-WOA,2,204028,115,1121.0
A-n45-k6,M-WOA,2,204028,116,1121.0
A-n45-k6,M-WOA,2,204028,117,1121.0
A-n45-k6,M-WOA,2,204028,118,1121.0
A-n45-k6,M-WOA,2,204028,119,1121.0
A-n45-k6,M-WOA,2,204028,120,1121.0
A-n45-k6,M-WOA,2,204028,121,1121.0
A-n45-k6,M-WOA,2,204028,122,1121.0
A-n45-k6,M-WOA,2,204028,123,1121.0
A-n45-k6,M-WOA,2,204028,124,1121.0
A-n45-k6,M-WOA,2,204028,125,1121.0
A-n45-k6,M-WOA,2,204028,126,1121.0
A-n45-k6,M-WOA,2,204028,127,1121.0
A-n45-k6,M-WOA,2,204028,128,1121.0
A-n45-k6,M-WOA,2,204028,129,1121.0
A-n45-k6,M-WOA,2,204028,130,1121.0
A-n45-k6,M-WOA,2,204028,131,1121.0
A-n45-k6,M-WOA,2,204028,132,1121.0
A-n45-k6,M-WOA,2,204028,133,1121.0
A-n45-k6,M-WOA,2,204028,134,1121.0
A-n45-k6,M-WOA,2,204028,135,1121.0
A-n45-k6,M-WOA,2,204028,136,1121.0
A-n45-k6,M-WOA,2,204028,137,1121.0
A-n45-k6,M-WOA,2,204028,138,1121.0
A-n45-k6,M-WOA,2,204028,139,1121.0
A-n45-k6,M-WOA,2,204028,140,1121.0
A-n45-k6,M-WOA,2,204028,141,1121.0
A-n45-k6,M-WOA,2,204028,142,1121.0
A-n45-k6,M-WOA,2,204028,143,1121.0
A-n45-k6,M-WOA,2,204028,144,1121.0
A-n45-k6,M-WOA,2,204028,145,1121.0
A-n45-k6,M-WOA,2,204028,146,1121.0
A-n45-k6,M-WOA,2,204028,147,1121.0
A-n45-k6,M-WOA,2,204028,148,1121.0
A-n45-k6,M-WOA,2,204028,149,1121.0
A-n45-k6,M-WOA,2,204028,150,1121.0
A-n45-k6,M-WOA,2,204028,151,1121.0
A-n45-k6,M-WOA,2,204028,152,1121.0
A-n45-k6,M-WOA,2,204028,153,1121.0
A-n45-k6,M-WOA,2,204028,154,1121.0
A-n45-k6,M-WOA,2,204028,155,1121.0
A-n45-k6,M-WOA,2,204028,156,1121.0
A-n45-k6,M-WOA,2,204028,157,1121.0
A-n45-k6,M-WOA,2,204028,158,1121.0
A-n45-k6,M-WOA,2,204028,159,1121.0
A-n45-k6,M-WOA,2,204028,160,1121.0
A-n45-k6,M-WOA,2,204028,161,1121.0
A-n45-k6,M-WOA,2,204028,162,1121.0
A-n45-k6,M-WOA,2,204028,163,1121.0
A-n45-k6,M-WOA,2,204028,164,1121.0
A-n45-k6,M-WOA,2,204028,165,1121.0
A-n45-k6,M-WOA,2,204028,166,1121.0
A-n45-k6,M-WOA,2,204028,167,1121.0
A-n45-k6,M-WOA,2,204028,168,1121.0
A-n45-k6,M-WOA,2,204028,169,1121.0
A-n45-k6,M-WOA,2,204028,170,1121.0
A-n45-k6,M-WOA,2,204028,171,1121.0
A-n45-k6,M-WOA,2,204028,172,1121.0
A-n45-k6,M-WOA,2,204028,173,1121.0
A-n45-k6,M-WOA,2,204028,174,1121.0
A-n45-k6,M-WOA,2,204028,175,1121.0
A-n45-k6,M-WOA,2,204028,176,1121.0
A-n45-k6,M-WOA,2,204028,177,1121.0
A-n45-k6,M-WOA,2,204028,178,1121.0
A-n45-k6,M-WOA,2,204028,179,1121.0
A-n45-k6,M-WOA,2,204028,180,1121.0
A-n45-k6,M-WOA,2,204028,181,1121.0
A-n45-k6,M-WOA,2,204028,182,1121.0
A-n45-k6,M-WOA,2,204028,183,1121.0
A-n45-k6,M-WOA,2,204028,184,1121.0
A-n45-k6,M-WOA,2,204028,185,1121.0
A-n45-k6,M-WOA,2,204028,186,1121.0
A-n45-k6,M-WOA,2,204028,187,1121.0
A-n45-k6,M-WOA,2,204028,188,1121.0
A-n45-k6,M-WOA,2,204028,189,1121.0
A-n45-k6,M-WOA,2,204028,190,1121.0
A-n45-k6,M-WOA,2,204028,191,1121.0
A-n45-k6,M-WOA,2,204028,192,1121.0
A-n45-k6,M-WOA,2,204028,193,1121.0
A-n45-k6,M-WOA,2,204028,194,1121.0
A-n45-k6,M-WOA,2,204028,195,1121.0
A-n45-k6,M-WOA,2,204028,196,1121.0
A-n45-k6,M-WOA,2,204028,197,1121.0
A-n45-k6,M-WOA,2,204028,198,1121.0
A-n45-k6,M-WOA,2,204028,199,1121.0
A-n45-k6,M-WOA,2,204028,200,1121.0
A-n45-k6,M-WOA,3,204029,1,1664.0
A-n45-k6,M-WOA,3,204029,2,1555.0
A-n45-k6,M-WOA,3,204029,3,1506.0
A-n45-k6,M-WOA,3,204029,4,1467.0
A-n45-k6,M-WOA,3,204029,5,1394.0
A-n45-k6,M-WOA,3,204029,6,1340.0
A-n45-k6,M-WOA,3,204029,7,1340.0
A-n45-k6,M-WOA,3,204029,8,1340.0
A-n45-k6,M-WOA,3,204029,9,1334.0
A-n45-k6,M-WOA,3,204029,10,1321.0
A-n45-k6,M-WOA,3,204029,11,1198.0
A-n45-k6,M-WOA,3,204029,12,1197.0
A-n45-k6,M-WOA,3,204029,13,1197.0
A-n45-k6,M-WOA,3,204029,14,1179.0
A-n45-k6,M-WOA,3,204029,15,1179.0
A-n45-k6,M-WOA,3,204029,16,1111.0
A-n45-k6,M-WOA,3,204029,17,1111.0
A-n45-k6,M-WOA,3,204029,18,1091.0
A-n45-k6,M-WOA,3,204029,19,1091.0
A-n45-k6,M-WOA,3,204029,20,1091.0
A-n45-k6,M-WOA,3,204029,21,1091.0
A-n45-k6,M-WOA,3,204029,22,1091.0
A-n45-k6,M-WOA,3,204029,23,1091.0
A-n45-k6,M-WOA,3,204029,24,1091.0
A-n45-k6,M-WOA,3,204029,25,1091.0
A-n45-k6,M-WOA,3,204029,26,1091.0
A-n45-k6,M-WOA,3,204029,27,1091.0
A-n45-k6,M-WOA,3,204029,28,1091.0
A-n45-k6,M-WOA,3,204029,29,1091.0
A-n45-k6,M-WOA,3,204029,30,1091.0
A-n45-k6,M-WOA,3,204029,31,1091.0
A-n45-k6,M-WOA,3,204029,32,1091.0
A-n45-k6,M-WOA,3,204029,33,1091.0
A-n45-k6,M-WOA,3,204029,34,1091.0
A-n45-k6,M-WOA,3,204029,35,1091.0
A-n45-k6,M-WOA,3,204029,36,1091.0
A-n45-k6,M-WOA,3,204029,37,1091.0
A-n45-k6,M-WOA,3,204029,38,1091.0
A-n45-k6,M-WOA,3,204029,39,1091.0
A-n45-k6,M-WOA,3,204029,40,1091.0
A-n45-k6,M-WOA,3,204029,41,1091.0
A-n45-k6,M-WOA,3,204029,42,1091.0
A-n45-k6,M-WOA,3,204029,43,1091.0
A-n45-k6,M-WOA,3,204029,44,1091.0
A-n45-k6,M-WOA,3,204029,45,1091.0
A-n45-k6,M-WOA,3,204029,46,1091.0
A-n45-k6,M-WOA,3,204029,47,1091.0
A-n45-k6,M-WOA,3,204029,48,1091.0
A-n45-k6,M-WOA,3,204029,49,1091.0
A-n45-k6,M-WOA,3,204029,50,1091.0
A-n45-k6,M-WOA,3,204029,51,1091.0
A-n45-k6,M-WOA,3,204029,52,1091.0
A-n45-k6,M-WOA,3,204029,53,1091.0
A-n45-k6,M-WOA,3,204029,54,1091.0
A-n45-k6,M-WOA,3,204029,55,1091.0
A-n45-k6,M-WOA,3,204029,56,1091.0
A-n45-k6,M-WOA,3,204029,57,1091.0
A-n45-k6,M-WOA,3,204029,58,1091.0
A-n45-k6,M-WOA,3,204029,59,1091.0
A-n45-k6,M-WOA,3,204029,60,1091.0
A-n45-k6,M-WOA,3,204029,61,1091.0
A-n45-k6,M-WOA,3,204029,62,1091.0
A-n45-k6,M-WOA,3,204029,63,1091.0
A-n45-k6,M-WOA,3,204029,64,1091.0
A-n45-k6,M-WOA,3,204029,65,1091.0
A-n45-k6,M-WOA,3,204029,66,1091.0
A-n45-k6,M-WOA,3,204029,67,1091.0
A-n45-k6,M-WOA,3,204029,68,1088.0
A-n45-k6,M-WOA,3,204029,69,1088.0
A-n45-k6,M-WOA,3,204029,70,1088.0
A-n45-k6,M-WOA,3,204029,71,1088.0
A-n45-k6,M-WOA,3,204029,72,1088.0
A-n45-k6,M-WOA,3,204029,73,1088.0
A-n45-k6,M-WOA,3,204029,74,1088.0
A-n45-k6,M-WOA,3,204029,75,1088.0
A-n45-k6,M-WOA,3,204029,76,1088.0
A-n45-k6,M-WOA,3,204029,77,1088.0
A-n45-k6,M-WOA,3,204029,78,1088.0
A-n45-k6,M-WOA,3,204029,79,1088.0
A-n45-k6,M-WOA,3,204029,80,1088.0
A-n45-k6,M-WOA,3,204029,81,1088.0
A-n45-k6,M-WOA,3,204029,82,1088.0
A-n45-k6,M-WOA,3,204029,83,1088.0
A-n45-k6,M-WOA,3,204029,84,1088.0
A-n45-k6,M-WOA,3,204029,85,1088.0
A-n45-k6,M-WOA,3,204029,86,1087.0
A-n45-k6,M-WOA,3,204029,87,1044.0
A-n45-k6,M-WOA,3,204029,88,1043.0
A-n45-k6,M-WOA,3,204029,89,1043.0
A-n45-k6,M-WOA,3,204029,90,1043.0
A-n45-k6,M-WOA,3,204029,91,1043.0
A-n45-k6,M-WOA,3,204029,92,1043.0
A-n45-k6,M-WOA,3,204029,93,1043.0
A-n45-k6,M-WOA,3,204029,94,1043.0
A-n45-k6,M-WOA,3,204029,95,1043.0
A-n45-k6,M-WOA,3,204029,96,1043.0
A-n45-k6,M-WOA,3,204029,97,1043.0
A-n45-k6,M-WOA,3,204029,98,1043.0
A-n45-k6,M-WOA,3,204029,99,1037.0
A-n45-k6,M-WOA,3,204029,100,1037.0
A-n45-k6,M-WOA,3,204029,101,1037.0
A-n45-k6,M-WOA,3,204029,102,1037.0
A-n45-k6,M-WOA,3,204029,103,1037.0
A-n45-k6,M-WOA,3,204029,104,1037.0
A-n45-k6,M-WOA,3,204029,105,1037.0
A-n45-k6,M-WOA,3,204029,106,1037.0
A-n45-k6,M-WOA,3,204029,107,1037.0
A-n45-k6,M-WOA,3,204029,108,1037.0
A-n45-k6,M-WOA,3,204029,109,1037.0
A-n45-k6,M-WOA,3,204029,110,1037.0
A-n45-k6,M-WOA,3,204029,111,1037.0
A-n45-k6,M-WOA,3,204029,112,1037.0
A-n45-k6,M-WOA,3,204029,113,1037.0
A-n45-k6,M-WOA,3,204029,114,1037.0
A-n45-k6,M-WOA,3,204029,115,1037.0
A-n45-k6,M-WOA,3,204029,116,1037.0
A-n45-k6,M-WOA,3,204029,117,1037.0
A-n45-k6,M-WOA,3,204029,118,1037.0
A-n45-k6,M-WOA,3,204029,119,1037.0
A-n45-k6,M-WOA,3,204029,120,1037.0
A-n45-k6,M-WOA,3,204029,121,1037.0
A-n45-k6,M-WOA,3,204029,122,1037.0
A-n45-k6,M-WOA,3,204029,123,1037.0
A-n45-k6,M-WOA,3,204029,124,1037.0
A-n45-k6,M-WOA,3,204029,125,1037.0
A-n45-k6,M-WOA,3,204029,126,1037.0
A-n45-k6,M-WOA,3,204029,127,1037.0
A-n45-k6,M-WOA,3,204029,128,1037.0
A-n45-k6,M-WOA,3,204029,129,1037.0
A-n45-k6,M-WOA,3,204029,130,1037.0
A-n45-k6,M-WOA,3,204029,131,1037.0
A-n45-k6,M-WOA,3,204029,132,1037.0
A-n45-k6,M-WOA,3,204029,133,1037.0
A-n45-k6,M-WOA,3,204029,134,1037.0
A-n45-k6,M-WOA,3,204029,135,1037.0
A-n45-k6,M-WOA,3,204029,136,1037.0
A-n45-k6,M-WOA,3,204029,137,1037.0
A-n45-k6,M-WOA,3,204029,138,1037.0
A-n45-k6,M-WOA,3,204029,139,1037.0
A-n45-k6,M-WOA,3,204029,140,1037.0
A-n45-k6,M-WOA,3,204029,141,1037.0
A-n45-k6,M-WOA,3,204029,142,1037.0
A-n45-k6,M-WOA,3,204029,143,1037.0
A-n45-k6,M-WOA,3,204029,144,1037.0
A-n45-k6,M-WOA,3,204029,145,1037.0
A-n45-k6,M-WOA,3,204029,146,1037.0
A-n45-k6,M-WOA,3,204029,147,1037.0
A-n45-k6,M-WOA,3,204029,148,1037.0
A-n45-k6,M-WOA,3,204029,149,1037.0
A-n45-k6,M-WOA,3,204029,150,1037.0
A-n45-k6,M-WOA,3,204029,151,1037.0
A-n45-k6,M-WOA,3,204029,152,1037.0
A-n45-k6,M-WOA,3,204029,153,1037.0
A-n45-k6,M-WOA,3,204029,154,1037.0
A-n45-k6,M-WOA,3,204029,155,1037.0
A-n45-k6,M-WOA,3,204029,156,1037.0
A-n45-k6,M-WOA,3,204029,157,1037.0
A-n45-k6,M-WOA,3,204029,158,1037.0
A-n45-k6,M-WOA,3,204029,159,1037.0
A-n45-k6,M-WOA,3,204029,160,1037.0
A-n45-k6,M-WOA,3,204029,161,1037.0
A-n45-k6,M-WOA,3,204029,162,1037.0
A-n45-k6,M-WOA,3,204029,163,1037.0
A-n45-k6,M-WOA,3,204029,164,1037.0
A-n45-k6,M-WOA,3,204029,165,1037.0
A-n45-k6,M-WOA,3,204029,166,1037.0
A-n45-k6,M-WOA,3,204029,167,1037.0
A-n45-k6,M-WOA,3,204029,168,1037.0
A-n45-k6,M-WOA,3,204029,169,1037.0
A-n45-k6,M-WOA,3,204029,170,1037.0
A-n45-k6,M-WOA,3,204029,171,1037.0
A-n45-k6,M-WOA,3,204029,172,1037.0
A-n45-k6,M-WOA,3,204029,173,1037.0
A-n45-k6,M-WOA,3,204029,174,1037.0
A-n45-k6,M-WOA,3,204029,175,1037.0
A-n45-k6,M-WOA,3,204029,176,1037.0
A-n45-k6,M-WOA,3,204029,177,1037.0
A-n45-k6,M-WOA,3,204029,178,1037.0
A-n45-k6,M-WOA,3,204029,179,1037.0
A-n45-k6,M-WOA,3,204029,180,1037.0
A-n45-k6,M-WOA,3,204029,181,1037.0
A-n45-k6,M-WOA,3,204029,182,1037.0
A-n45-k6,M-WOA,3,204029,183,1037.0
A-n45-k6,M-WOA,3,204029,184,1037.0
A-n45-k6,M-WOA,3,204029,185,1037.0
A-n45-k6,M-WOA,3,204029,186,1037.0
A-n45-k6,M-WOA,3,204029,187,1037.0
A-n45-k6,M-WOA,3,204029,188,1037.0
A-n45-k6,M-WOA,3,204029,189,1037.0
A-n45-k6,M-WOA,3,204029,190,1037.0
A-n45-k6,M-WOA,3,204029,191,1037.0
A-n45-k6,M-WOA,3,204029,192,1037.0
A-n45-k6,M-WOA,3,204029,193,1037.0
A-n45-k6,M-WOA,3,204029,194,1037.0
A-n45-k6,M-WOA,3,204029,195,1037.0
A-n45-k6,M-WOA,3,204029,196,1037.0
A-n45-k6,M-WOA,3,204029,197,1037.0
A-n45-k6,M-WOA,3,204029,198,1037.0
A-n45-k6,M-WOA,3,204029,199,1037.0
A-n45-k6,M-WOA,3,204029,200,1037.0
A-n45-k6,M-SSA,1,205027,1,1548.0
A-n45-k6,M-SSA,1,205027,2,1513.0
A-n45-k6,M-SSA,1,205027,3,1448.0
A-n45-k6,M-SSA,1,205027,4,1439.0
A-n45-k6,M-SSA,1,205027,5,1439.0
A-n45-k6,M-SSA,1,205027,6,1439.0
A-n45-k6,M-SSA,1,205027,7,1439.0
A-n45-k6,M-SSA,1,205027,8,1392.0
A-n45-k6,M-SSA,1,205027,9,1392.0
A-n45-k6,M-SSA,1,205027,10,1392.0
A-n45-k6,M-SSA,1,205027,11,1392.0
A-n45-k6,M-SSA,1,205027,12,1392.0
A-n45-k6,M-SSA,1,205027,13,1392.0
A-n45-k6,M-SSA,1,205027,14,1392.0
A-n45-k6,M-SSA,1,205027,15,1375.0
A-n45-k6,M-SSA,1,205027,16,1375.0
A-n45-k6,M-SSA,1,205027,17,1375.0
A-n45-k6,M-SSA,1,205027,18,1375.0
A-n45-k6,M-SSA,1,205027,19,1375.0
A-n45-k6,M-SSA,1,205027,20,1375.0
A-n45-k6,M-SSA,1,205027,21,1375.0
A-n45-k6,M-SSA,1,205027,22,1375.0
A-n45-k6,M-SSA,1,205027,23,1375.0
A-n45-k6,M-SSA,1,205027,24,1375.0
A-n45-k6,M-SSA,1,205027,25,1375.0
A-n45-k6,M-SSA,1,205027,26,1375.0
A-n45-k6,M-SSA,1,205027,27,1375.0
A-n45-k6,M-SSA,1,205027,28,1375.0
A-n45-k6,M-SSA,1,205027,29,1375.0
A-n45-k6,M-SSA,1,205027,30,1375.0
A-n45-k6,M-SSA,1,205027,31,1307.0
A-n45-k6,M-SSA,1,205027,32,1307.0
A-n45-k6,M-SSA,1,205027,33,1307.0
A-n45-k6,M-SSA,1,205027,34,1307.0
A-n45-k6,M-SSA,1,205027,35,1307.0
A-n45-k6,M-SSA,1,205027,36,1307.0
A-n45-k6,M-SSA,1,205027,37,1307.0
A-n45-k6,M-SSA,1,205027,38,1307.0
A-n45-k6,M-SSA,1,205027,39,1307.0
A-n45-k6,M-SSA,1,205027,40,1307.0
A-n45-k6,M-SSA,1,205027,41,1307.0
A-n45-k6,M-SSA,1,205027,42,1307.0
A-n45-k6,M-SSA,1,205027,43,1307.0
A-n45-k6,M-SSA,1,205027,44,1307.0
A-n45-k6,M-SSA,1,205027,45,1307.0
A-n45-k6,M-SSA,1,205027,46,1307.0
A-n45-k6,M-SSA,1,205027,47,1307.0
A-n45-k6,M-SSA,1,205027,48,1307.0
A-n45-k6,M-SSA,1,205027,49,1307.0
A-n45-k6,M-SSA,1,205027,50,1307.0
A-n45-k6,M-SSA,1,205027,51,1307.0
A-n45-k6,M-SSA,1,205027,52,1307.0
A-n45-k6,M-SSA,1,205027,53,1307.0
A-n45-k6,M-SSA,1,205027,54,1307.0
A-n45-k6,M-SSA,1,205027,55,1307.0
A-n45-k6,M-SSA,1,205027,56,1307.0
A-n45-k6,M-SSA,1,205027,57,1307.0
A-n45-k6,M-SSA,1,205027,58,1307.0
A-n45-k6,M-SSA,1,205027,59,1307.0
A-n45-k6,M-SSA,1,205027,60,1307.0
A-n45-k6,M-SSA,1,205027,61,1307.0
A-n45-k6,M-SSA,1,205027,62,1307.0
A-n45-k6,M-SSA,1,205027,63,1307.0
A-n45-k6,M-SSA,1,205027,64,1307.0
A-n45-k6,M-SSA,1,205027,65,1307.0
A-n45-k6,M-SSA,1,205027,66,1307.0
A-n45-k6,M-SSA,1,205027,67,1307.0
A-n45-k6,M-SSA,1,205027,68,1307.0
A-n45-k6,M-SSA,1,205027,69,1307.0
A-n45-k6,M-SSA,1,205027,70,1307.0
A-n45-k6,M-SSA,1,205027,71,1307.0
A-n45-k6,M-SSA,1,205027,72,1307.0
A-n45-k6,M-SSA,1,205027,73,1307.0
A-n45-k6,M-SSA,1,205027,74,1307.0
A-n45-k6,M-SSA,1,205027,75,1307.0
A-n45-k6,M-SSA,1,205027,76,1307.0
A-n45-k6,M-SSA,1,205027,77,1307.0
A-n45-k6,M-SSA,1,205027,78,1307.0
A-n45-k6,M-SSA,1,205027,79,1307.0
A-n45-k6,M-SSA,1,205027,80,1307.0
A-n45-k6,M-SSA,1,205027,81,1307.0
A-n45-k6,M-SSA,1,205027,82,1307.0
A-n45-k6,M-SSA,1,205027,83,1307.0
A-n45-k6,M-SSA,1,205027,84,1307.0
A-n45-k6,M-SSA,1,205027,85,1307.0
A-n45-k6,M-SSA,1,205027,86,1307.0
A-n45-k6,M-SSA,1,205027,87,1307.0
A-n45-k6,M-SSA,1,205027,88,1307.0
A-n45-k6,M-SSA,1,205027,89,1307.0
A-n45-k6,M-SSA,1,205027,90,1307.0
A-n45-k6,M-SSA,1,205027,91,1307.0
A-n45-k6,M-SSA,1,205027,92,1307.0
A-n45-k6,M-SSA,1,205027,93,1307.0
A-n45-k6,M-SSA,1,205027,94,1307.0
A-n45-k6,M-SSA,1,205027,95,1307.0
A-n45-k6,M-SSA,1,205027,96,1307.0
A-n45-k6,M-SSA,1,205027,97,1307.0
A-n45-k6,M-SSA,1,205027,98,1307.0
A-n45-k6,M-SSA,1,205027,99,1307.0
A-n45-k6,M-SSA,1,205027,100,1307.0
A-n45-k6,M-SSA,1,205027,101,1307.0
A-n45-k6,M-SSA,1,205027,102,1307.0
A-n45-k6,M-SSA,1,205027,103,1269.0
A-n45-k6,M-SSA,1,205027,104,1269.0
A-n45-k6,M-SSA,1,205027,105,1269.0
A-n45-k6,M-SSA,1,205027,106,1269.0
A-n45-k6,M-SSA,1,205027,107,1269.0
A-n45-k6,M-SSA,1,205027,108,1269.0
A-n45-k6,M-SSA,1,205027,109,1269.0
A-n45-k6,M-SSA,1,205027,110,1269.0
A-n45-k6,M-SSA,1,205027,111,1269.0
A-n45-k6,M-SSA,1,205027,112,1269.0
A-n45-k6,M-SSA,1,205027,113,1269.0
A-n45-k6,M-SSA,1,205027,114,1269.0
A-n45-k6,M-SSA,1,205027,115,1269.0
A-n45-k6,M-SSA,1,205027,116,1269.0
A-n45-k6,M-SSA,1,205027,117,1269.0
A-n45-k6,M-SSA,1,205027,118,1269.0
A-n45-k6,M-SSA,1,205027,119,1269.0
A-n45-k6,M-SSA,1,205027,120,1269.0
A-n45-k6,M-SSA,1,205027,121,1269.0
A-n45-k6,M-SSA,1,205027,122,1269.0
A-n45-k6,M-SSA,1,205027,123,1269.0
A-n45-k6,M-SSA,1,205027,124,1269.0
A-n45-k6,M-SSA,1,205027,125,1269.0
A-n45-k6,M-SSA,1,205027,126,1269.0
A-n45-k6,M-SSA,1,205027,127,1269.0
A-n45-k6,M-SSA,1,205027,128,1269.0
A-n45-k6,M-SSA,1,205027,129,1269.0
A-n45-k6,M-SSA,1,205027,130,1269.0
A-n45-k6,M-SSA,1,205027,131,1269.0
A-n45-k6,M-SSA,1,205027,132,1269.0
A-n45-k6,M-SSA,1,205027,133,1269.0
A-n45-k6,M-SSA,1,205027,134,1269.0
A-n45-k6,M-SSA,1,205027,135,1269.0
A-n45-k6,M-SSA,1,205027,136,1269.0
A-n45-k6,M-SSA,1,205027,137,1269.0
A-n45-k6,M-SSA,1,205027,138,1269.0
A-n45-k6,M-SSA,1,205027,139,1269.0
A-n45-k6,M-SSA,1,205027,140,1269.0
A-n45-k6,M-SSA,1,205027,141,1269.0
A-n45-k6,M-SSA,1,205027,142,1269.0
A-n45-k6,M-SSA,1,205027,143,1269.0
A-n45-k6,M-SSA,1,205027,144,1269.0
A-n45-k6,M-SSA,1,205027,145,1269.0
A-n45-k6,M-SSA,1,205027,146,1269.0
A-n45-k6,M-SSA,1,205027,147,1269.0
A-n45-k6,M-SSA,1,205027,148,1269.0
A-n45-k6,M-SSA,1,205027,149,1269.0
A-n45-k6,M-SSA,1,205027,150,1269.0
A-n45-k6,M-SSA,1,205027,151,1269.0
A-n45-k6,M-SSA,1,205027,152,1269.0
A-n45-k6,M-SSA,1,205027,153,1269.0
A-n45-k6,M-SSA,1,205027,154,1269.0
A-n45-k6,M-SSA,1,205027,155,1262.0
A-n45-k6,M-SSA,1,205027,156,1249.0
A-n45-k6,M-SSA,1,205027,157,1249.0
A-n45-k6,M-SSA,1,205027,158,1249.0
A-n45-k6,M-SSA,1,205027,159,1249.0
A-n45-k6,M-SSA,1,205027,160,1249.0
A-n45-k6,M-SSA,1,205027,161,1249.0
A-n45-k6,M-SSA,1,205027,162,1249.0
A-n45-k6,M-SSA,1,205027,163,1249.0
A-n45-k6,M-SSA,1,205027,164,1249.0
A-n45-k6,M-SSA,1,205027,165,1249.0
A-n45-k6,M-SSA,1,205027,166,1249.0
A-n45-k6,M-SSA,1,205027,167,1249.0
A-n45-k6,M-SSA,1,205027,168,1249.0
A-n45-k6,M-SSA,1,205027,169,1249.0
A-n45-k6,M-SSA,1,205027,170,1249.0
A-n45-k6,M-SSA,1,205027,171,1249.0
A-n45-k6,M-SSA,1,205027,172,1249.0
A-n45-k6,M-SSA,1,205027,173,1249.0
A-n45-k6,M-SSA,1,205027,174,1249.0
A-n45-k6,M-SSA,1,205027,175,1249.0
A-n45-k6,M-SSA,1,205027,176,1249.0
A-n45-k6,M-SSA,1,205027,177,1249.0
A-n45-k6,M-SSA,1,205027,178,1249.0
A-n45-k6,M-SSA,1,205027,179,1249.0
A-n45-k6,M-SSA,1,205027,180,1249.0
A-n45-k6,M-SSA,1,205027,181,1249.0
A-n45-k6,M-SSA,1,205027,182,1249.0
A-n45-k6,M-SSA,1,205027,183,1249.0
A-n45-k6,M-SSA,1,205027,184,1249.0
A-n45-k6,M-SSA,1,205027,185,1249.0
A-n45-k6,M-SSA,1,205027,186,1249.0
A-n45-k6,M-SSA,1,205027,187,1249.0
A-n45-k6,M-SSA,1,205027,188,1249.0
A-n45-k6,M-SSA,1,205027,189,1249.0
A-n45-k6,M-SSA,1,205027,190,1249.0
A-n45-k6,M-SSA,1,205027,191,1249.0
A-n45-k6,M-SSA,1,205027,192,1249.0
A-n45-k6,M-SSA,1,205027,193,1249.0
A-n45-k6,M-SSA,1,205027,194,1249.0
A-n45-k6,M-SSA,1,205027,195,1249.0
A-n45-k6,M-SSA,1,205027,196,1249.0
A-n45-k6,M-SSA,1,205027,197,1249.0
A-n45-k6,M-SSA,1,205027,198,1249.0
A-n45-k6,M-SSA,1,205027,199,1249.0
A-n45-k6,M-SSA,1,205027,200,1249.0
A-n45-k6,M-SSA,2,205028,1,1597.0
A-n45-k6,M-SSA,2,205028,2,1545.0
A-n45-k6,M-SSA,2,205028,3,1545.0
A-n45-k6,M-SSA,2,205028,4,1356.0
A-n45-k6,M-SSA,2,205028,5,1356.0
A-n45-k6,M-SSA,2,205028,6,1356.0
A-n45-k6,M-SSA,2,205028,7,1356.0
A-n45-k6,M-SSA,2,205028,8,1356.0
A-n45-k6,M-SSA,2,205028,9,1356.0
A-n45-k6,M-SSA,2,205028,10,1356.0
A-n45-k6,M-SSA,2,205028,11,1356.0
A-n45-k6,M-SSA,2,205028,12,1356.0
A-n45-k6,M-SSA,2,205028,13,1356.0
A-n45-k6,M-SSA,2,205028,14,1356.0
A-n45-k6,M-SSA,2,205028,15,1356.0
A-n45-k6,M-SSA,2,205028,16,1356.0
A-n45-k6,M-SSA,2,205028,17,1356.0
A-n45-k6,M-SSA,2,205028,18,1356.0
A-n45-k6,M-SSA,2,205028,19,1356.0
A-n45-k6,M-SSA,2,205028,20,1356.0
A-n45-k6,M-SSA,2,205028,21,1356.0
A-n45-k6,M-SSA,2,205028,22,1356.0
A-n45-k6,M-SSA,2,205028,23,1356.0
A-n45-k6,M-SSA,2,205028,24,1356.0
A-n45-k6,M-SSA,2,205028,25,1356.0
A-n45-k6,M-SSA,2,205028,26,1356.0
A-n45-k6,M-SSA,2,205028,27,1356.0
A-n45-k6,M-SSA,2,205028,28,1356.0
A-n45-k6,M-SSA,2,205028,29,1356.0
A-n45-k6,M-SSA,2,205028,30,1356.0
A-n45-k6,M-SSA,2,205028,31,1356.0
A-n45-k6,M-SSA,2,205028,32,1356.0
A-n45-k6,M-SSA,2,205028,33,1356.0
A-n45-k6,M-SSA,2,205028,34,1356.0
A-n45-k6,M-SSA,2,205028,35,1356.0
A-n45-k6,M-SSA,2,205028,36,1356.0
A-n45-k6,M-SSA,2,205028,37,1356.0
A-n45-k6,M-SSA,2,205028,38,1356.0
A-n45-k6,M-SSA,2,205028,39,1356.0
A-n45-k6,M-SSA,2,205028,40,1356.0
A-n45-k6,M-SSA,2,205028,41,1356.0
A-n45-k6,M-SSA,2,205028,42,1356.0
A-n45-k6,M-SSA,2,205028,43,1356.0
A-n45-k6,M-SSA,2,205028,44,1310.0
A-n45-k6,M-SSA,2,205028,45,1310.0
A-n45-k6,M-SSA,2,205028,46,1310.0
A-n45-k6,M-SSA,2,205028,47,1310.0
A-n45-k6,M-SSA,2,205028,48,1310.0
A-n45-k6,M-SSA,2,205028,49,1310.0
A-n45-k6,M-SSA,2,205028,50,1310.0
A-n45-k6,M-SSA,2,205028,51,1310.0
A-n45-k6,M-SSA,2,205028,52,1310.0
A-n45-k6,M-SSA,2,205028,53,1310.0
A-n45-k6,M-SSA,2,205028,54,1310.0
A-n45-k6,M-SSA,2,205028,55,1310.0
A-n45-k6,M-SSA,2,205028,56,1310.0
A-n45-k6,M-SSA,2,205028,57,1310.0
A-n45-k6,M-SSA,2,205028,58,1310.0
A-n45-k6,M-SSA,2,205028,59,1310.0
A-n45-k6,M-SSA,2,205028,60,1310.0
A-n45-k6,M-SSA,2,205028,61,1310.0
A-n45-k6,M-SSA,2,205028,62,1310.0
A-n45-k6,M-SSA,2,205028,63,1310.0
A-n45-k6,M-SSA,2,205028,64,1302.0
A-n45-k6,M-SSA,2,205028,65,1302.0
A-n45-k6,M-SSA,2,205028,66,1302.0
A-n45-k6,M-SSA,2,205028,67,1302.0
A-n45-k6,M-SSA,2,205028,68,1302.0
A-n45-k6,M-SSA,2,205028,69,1302.0
A-n45-k6,M-SSA,2,205028,70,1302.0
A-n45-k6,M-SSA,2,205028,71,1302.0
A-n45-k6,M-SSA,2,205028,72,1302.0
A-n45-k6,M-SSA,2,205028,73,1302.0
A-n45-k6,M-SSA,2,205028,74,1302.0
A-n45-k6,M-SSA,2,205028,75,1302.0
A-n45-k6,M-SSA,2,205028,76,1302.0
A-n45-k6,M-SSA,2,205028,77,1302.0
A-n45-k6,M-SSA,2,205028,78,1302.0
A-n45-k6,M-SSA,2,205028,79,1302.0
A-n45-k6,M-SSA,2,205028,80,1302.0
A-n45-k6,M-SSA,2,205028,81,1302.0
A-n45-k6,M-SSA,2,205028,82,1302.0
A-n45-k6,M-SSA,2,205028,83,1302.0
A-n45-k6,M-SSA,2,205028,84,1302.0
A-n45-k6,M-SSA,2,205028,85,1302.0
A-n45-k6,M-SSA,2,205028,86,1302.0
A-n45-k6,M-SSA,2,205028,87,1302.0
A-n45-k6,M-SSA,2,205028,88,1302.0
A-n45-k6,M-SSA,2,205028,89,1302.0
A-n45-k6,M-SSA,2,205028,90,1302.0
A-n45-k6,M-SSA,2,205028,91,1302.0
A-n45-k6,M-SSA,2,205028,92,1302.0
A-n45-k6,M-SSA,2,205028,93,1302.0
A-n45-k6,M-SSA,2,205028,94,1302.0
A-n45-k6,M-SSA,2,205028,95,1302.0
A-n45-k6,M-SSA,2,205028,96,1302.0
A-n45-k6,M-SSA,2,205028,97,1302.0
A-n45-k6,M-SSA,2,205028,98,1302.0
A-n45-k6,M-SSA,2,205028,99,1302.0
A-n45-k6,M-SSA,2,205028,100,1302.0
A-n45-k6,M-SSA,2,205028,101,1302.0
A-n45-k6,M-SSA,2,205028,102,1278.0
A-n45-k6,M-SSA,2,205028,103,1278.0
A-n45-k6,M-SSA,2,205028,104,1278.0
A-n45-k6,M-SSA,2,205028,105,1278.0
A-n45-k6,M-SSA,2,205028,106,1278.0
A-n45-k6,M-SSA,2,205028,107,1278.0
A-n45-k6,M-SSA,2,205028,108,1278.0
A-n45-k6,M-SSA,2,205028,109,1278.0
A-n45-k6,M-SSA,2,205028,110,1278.0
A-n45-k6,M-SSA,2,205028,111,1278.0
A-n45-k6,M-SSA,2,205028,112,1278.0
A-n45-k6,M-SSA,2,205028,113,1278.0
A-n45-k6,M-SSA,2,205028,114,1278.0
A-n45-k6,M-SSA,2,205028,115,1278.0
A-n45-k6,M-SSA,2,205028,116,1278.0
A-n45-k6,M-SSA,2,205028,117,1278.0
A-n45-k6,M-SSA,2,205028,118,1278.0
A-n45-k6,M-SSA,2,205028,119,1278.0
A-n45-k6,M-SSA,2,205028,120,1278.0
A-n45-k6,M-SSA,2,205028,121,1278.0
A-n45-k6,M-SSA,2,205028,122,1278.0
A-n45-k6,M-SSA,2,205028,123,1278.0
A-n45-k6,M-SSA,2,205028,124,1278.0
A-n45-k6,M-SSA,2,205028,125,1278.0
A-n45-k6,M-SSA,2,205028,126,1278.0
A-n45-k6,M-SSA,2,205028,127,1278.0
A-n45-k6,M-SSA,2,205028,128,1278.0
A-n45-k6,M-SSA,2,205028,129,1278.0
A-n45-k6,M-SSA,2,205028,130,1278.0
A-n45-k6,M-SSA,2,205028,131,1278.0
A-n45-k6,M-SSA,2,205028,132,1278.0
A-n45-k6,M-SSA,2,205028,133,1278.0
A-n45-k6,M-SSA,2,205028,134,1278.0
A-n45-k6,M-SSA,2,205028,135,1278.0
A-n45-k6,M-SSA,2,205028,136,1278.0
A-n45-k6,M-SSA,2,205028,137,1278.0
A-n45-k6,M-SSA,2,205028,138,1278.0
A-n45-k6,M-SSA,2,205028,139,1278.0
A-n45-k6,M-SSA,2,205028,140,1278.0
A-n45-k6,M-SSA,2,205028,141,1278.0
A-n45-k6,M-SSA,2,205028,142,1278.0
A-n45-k6,M-SSA,2,205028,143,1278.0
A-n45-k6,M-SSA,2,205028,144,1278.0
A-n45-k6,M-SSA,2,205028,145,1278.0
A-n45-k6,M-SSA,2,205028,146,1278.0
A-n45-k6,M-SSA,2,205028,147,1278.0
A-n45-k6,M-SSA,2,205028,148,1278.0
A-n45-k6,M-SSA,2,205028,149,1278.0
A-n45-k6,M-SSA,2,205028,150,1278.0
A-n45-k6,M-SSA,2,205028,151,1278.0
A-n45-k6,M-SSA,2,205028,152,1278.0
A-n45-k6,M-SSA,2,205028,153,1278.0
A-n45-k6,M-SSA,2,205028,154,1278.0
A-n45-k6,M-SSA,2,205028,155,1278.0
A-n45-k6,M-SSA,2,205028,156,1278.0
A-n45-k6,M-SSA,2,205028,157,1278.0
A-n45-k6,M-SSA,2,205028,158,1278.0
A-n45-k6,M-SSA,2,205028,159,1278.0
A-n45-k6,M-SSA,2,205028,160,1278.0
A-n45-k6,M-SSA,2,205028,161,1278.0
A-n45-k6,M-SSA,2,205028,162,1278.0
A-n45-k6,M-SSA,2,205028,163,1278.0
A-n45-k6,M-SSA,2,205028,164,1278.0
A-n45-k6,M-SSA,2,205028,165,1278.0
A-n45-k6,M-SSA,2,205028,166,1278.0
A-n45-k6,M-SSA,2,205028,167,1278.0
A-n45-k6,M-SSA,2,205028,168,1278.0
A-n45-k6,M-SSA,2,205028,169,1278.0
A-n45-k6,M-SSA,2,205028,170,1192.0
A-n45-k6,M-SSA,2,205028,171,1192.0
A-n45-k6,M-SSA,2,205028,172,1192.0
A-n45-k6,M-SSA,2,205028,173,1192.0
A-n45-k6,M-SSA,2,205028,174,1192.0
A-n45-k6,M-SSA,2,205028,175,1192.0
A-n45-k6,M-SSA,2,205028,176,1192.0
A-n45-k6,M-SSA,2,205028,177,1192.0
A-n45-k6,M-SSA,2,205028,178,1192.0
A-n45-k6,M-SSA,2,205028,179,1192.0
A-n45-k6,M-SSA,2,205028,180,1192.0
A-n45-k6,M-SSA,2,205028,181,1192.0
A-n45-k6,M-SSA,2,205028,182,1192.0
A-n45-k6,M-SSA,2,205028,183,1192.0
A-n45-k6,M-SSA,2,205028,184,1192.0
A-n45-k6,M-SSA,2,205028,185,1192.0
A-n45-k6,M-SSA,2,205028,186,1192.0
A-n45-k6,M-SSA,2,205028,187,1192.0
A-n45-k6,M-SSA,2,205028,188,1192.0
A-n45-k6,M-SSA,2,205028,189,1192.0
A-n45-k6,M-SSA,2,205028,190,1192.0
A-n45-k6,M-SSA,2,205028,191,1192.0
A-n45-k6,M-SSA,2,205028,192,1192.0
A-n45-k6,M-SSA,2,205028,193,1192.0
A-n45-k6,M-SSA,2,205028,194,1192.0
A-n45-k6,M-SSA,2,205028,195,1192.0
A-n45-k6,M-SSA,2,205028,196,1192.0
A-n45-k6,M-SSA,2,205028,197,1192.0
A-n45-k6,M-SSA,2,205028,198,1192.0
A-n45-k6,M-SSA,2,205028,199,1192.0
A-n45-k6,M-SSA,2,205028,200,1192.0
A-n45-k6,M-SSA,3,205029,1,1607.0
A-n45-k6,M-SSA,3,205029,2,1513.0
A-n45-k6,M-SSA,3,205029,3,1505.0
A-n45-k6,M-SSA,3,205029,4,1505.0
A-n45-k6,M-SSA,3,205029,5,1497.0
A-n45-k6,M-SSA,3,205029,6,1494.0
A-n45-k6,M-SSA,3,205029,7,1457.0
A-n45-k6,M-SSA,3,205029,8,1355.0
A-n45-k6,M-SSA,3,205029,9,1355.0
A-n45-k6,M-SSA,3,205029,10,1355.0
A-n45-k6,M-SSA,3,205029,11,1355.0
A-n45-k6,M-SSA,3,205029,12,1355.0
A-n45-k6,M-SSA,3,205029,13,1355.0
A-n45-k6,M-SSA,3,205029,14,1355.0
A-n45-k6,M-SSA,3,205029,15,1355.0
A-n45-k6,M-SSA,3,205029,16,1355.0
A-n45-k6,M-SSA,3,205029,17,1355.0
A-n45-k6,M-SSA,3,205029,18,1355.0
A-n45-k6,M-SSA,3,205029,19,1355.0
A-n45-k6,M-SSA,3,205029,20,1355.0
A-n45-k6,M-SSA,3,205029,21,1355.0
A-n45-k6,M-SSA,3,205029,22,1355.0
A-n45-k6,M-SSA,3,205029,23,1355.0
A-n45-k6,M-SSA,3,205029,24,1355.0
A-n45-k6,M-SSA,3,205029,25,1355.0
A-n45-k6,M-SSA,3,205029,26,1355.0
A-n45-k6,M-SSA,3,205029,27,1355.0
A-n45-k6,M-SSA,3,205029,28,1355.0
A-n45-k6,M-SSA,3,205029,29,1355.0
A-n45-k6,M-SSA,3,205029,30,1355.0
A-n45-k6,M-SSA,3,205029,31,1355.0
A-n45-k6,M-SSA,3,205029,32,1355.0
A-n45-k6,M-SSA,3,205029,33,1355.0
A-n45-k6,M-SSA,3,205029,34,1355.0
A-n45-k6,M-SSA,3,205029,35,1355.0
A-n45-k6,M-SSA,3,205029,36,1355.0
A-n45-k6,M-SSA,3,205029,37,1355.0
A-n45-k6,M-SSA,3,205029,38,1355.0
A-n45-k6,M-SSA,3,205029,39,1355.0
A-n45-k6,M-SSA,3,205029,40,1355.0
A-n45-k6,M-SSA,3,205029,41,1355.0
A-n45-k6,M-SSA,3,205029,42,1355.0
A-n45-k6,M-SSA,3,205029,43,1355.0
A-n45-k6,M-SSA,3,205029,44,1355.0
A-n45-k6,M-SSA,3,205029,45,1355.0
A-n45-k6,M-SSA,3,205029,46,1355.0
A-n45-k6,M-SSA,3,205029,47,1355.0
A-n45-k6,M-SSA,3,205029,48,1355.0
A-n45-k6,M-SSA,3,205029,49,1355.0
A-n45-k6,M-SSA,3,205029,50,1355.0
A-n45-k6,M-SSA,3,205029,51,1355.0
A-n45-k6,M-SSA,3,205029,52,1355.0
A-n45-k6,M-SSA,3,205029,53,1355.0
A-n45-k6,M-SSA,3,205029,54,1355.0
A-n45-k6,M-SSA,3,205029,55,1355.0
A-n45-k6,M-SSA,3,205029,56,1355.0
A-n45-k6,M-SSA,3,205029,57,1355.0
A-n45-k6,M-SSA,3,205029,58,1355.0
A-n45-k6,M-SSA,3,205029,59,1355.0
A-n45-k6,M-SSA,3,205029,60,1355.0
A-n45-k6,M-SSA,3,205029,61,1355.0
A-n45-k6,M-SSA,3,205029,62,1355.0
A-n45-k6,M-SSA,3,205029,63,1355.0
A-n45-k6,M-SSA,3,205029,64,1355.0
A-n45-k6,M-SSA,3,205029,65,1355.0
A-n45-k6,M-SSA,3,205029,66,1355.0
A-n45-k6,M-SSA,3,205029,67,1355.0
A-n45-k6,M-SSA,3,205029,68,1355.0
A-n45-k6,M-SSA,3,205029,69,1355.0
A-n45-k6,M-SSA,3,205029,70,1355.0
A-n45-k6,M-SSA,3,205029,71,1355.0
A-n45-k6,M-SSA,3,205029,72,1355.0
A-n45-k6,M-SSA,3,205029,73,1355.0
A-n45-k6,M-SSA,3,205029,74,1355.0
A-n45-k6,M-SSA,3,205029,75,1355.0
A-n45-k6,M-SSA,3,205029,76,1355.0
A-n45-k6,M-SSA,3,205029,77,1355.0
A-n45-k6,M-SSA,3,205029,78,1355.0
A-n45-k6,M-SSA,3,205029,79,1355.0
A-n45-k6,M-SSA,3,205029,80,1355.0
A-n45-k6,M-SSA,3,205029,81,1355.0
A-n45-k6,M-SSA,3,205029,82,1355.0
A-n45-k6,M-SSA,3,205029,83,1355.0
A-n45-k6,M-SSA,3,205029,84,1355.0
A-n45-k6,M-SSA,3,205029,85,1355.0
A-n45-k6,M-SSA,3,205029,86,1355.0
A-n45-k6,M-SSA,3,205029,87,1355.0
A-n45-k6,M-SSA,3,205029,88,1355.0
A-n45-k6,M-SSA,3,205029,89,1355.0
A-n45-k6,M-SSA,3,205029,90,1355.0
A-n45-k6,M-SSA,3,205029,91,1355.0
A-n45-k6,M-SSA,3,205029,92,1355.0
A-n45-k6,M-SSA,3,205029,93,1355.0
A-n45-k6,M-SSA,3,205029,94,1355.0
A-n45-k6,M-SSA,3,205029,95,1355.0
A-n45-k6,M-SSA,3,205029,96,1355.0
A-n45-k6,M-SSA,3,205029,97,1355.0
A-n45-k6,M-SSA,3,205029,98,1355.0
A-n45-k6,M-SSA,3,205029,99,1355.0
A-n45-k6,M-SSA,3,205029,100,1355.0
A-n45-k6,M-SSA,3,205029,101,1355.0
A-n45-k6,M-SSA,3,205029,102,1355.0
A-n45-k6,M-SSA,3,205029,103,1355.0
A-n45-k6,M-SSA,3,205029,104,1355.0
A-n45-k6,M-SSA,3,205029,105,1355.0
A-n45-k6,M-SSA,3,205029,106,1355.0
A-n45-k6,M-SSA,3,205029,107,1355.0
A-n45-k6,M-SSA,3,205029,108,1355.0
A-n45-k6,M-SSA,3,205029,109,1355.0
A-n45-k6,M-SSA,3,205029,110,1355.0
A-n45-k6,M-SSA,3,205029,111,1355.0
A-n45-k6,M-SSA,3,205029,112,1355.0
A-n45-k6,M-SSA,3,205029,113,1349.0
A-n45-k6,M-SSA,3,205029,114,1349.0
A-n45-k6,M-SSA,3,205029,115,1349.0
A-n45-k6,M-SSA,3,205029,116,1349.0
A-n45-k6,M-SSA,3,205029,117,1349.0
A-n45-k6,M-SSA,3,205029,118,1349.0
A-n45-k6,M-SSA,3,205029,119,1349.0
A-n45-k6,M-SSA,3,205029,120,1296.0
A-n45-k6,M-SSA,3,205029,121,1296.0
A-n45-k6,M-SSA,3,205029,122,1296.0
A-n45-k6,M-SSA,3,205029,123,1296.0
A-n45-k6,M-SSA,3,205029,124,1296.0
A-n45-k6,M-SSA,3,205029,125,1296.0
A-n45-k6,M-SSA,3,205029,126,1296.0
A-n45-k6,M-SSA,3,205029,127,1296.0
A-n45-k6,M-SSA,3,205029,128,1296.0
A-n45-k6,M-SSA,3,205029,129,1296.0
A-n45-k6,M-SSA,3,205029,130,1296.0
A-n45-k6,M-SSA,3,205029,131,1296.0
A-n45-k6,M-SSA,3,205029,132,1296.0
A-n45-k6,M-SSA,3,205029,133,1296.0
A-n45-k6,M-SSA,3,205029,134,1296.0
A-n45-k6,M-SSA,3,205029,135,1296.0
A-n45-k6,M-SSA,3,205029,136,1296.0
A-n45-k6,M-SSA,3,205029,137,1296.0
A-n45-k6,M-SSA,3,205029,138,1296.0
A-n45-k6,M-SSA,3,205029,139,1296.0
A-n45-k6,M-SSA,3,205029,140,1296.0
A-n45-k6,M-SSA,3,205029,141,1296.0
A-n45-k6,M-SSA,3,205029,142,1296.0
A-n45-k6,M-SSA,3,205029,143,1296.0
A-n45-k6,M-SSA,3,205029,144,1296.0
A-n45-k6,M-SSA,3,205029,145,1296.0
A-n45-k6,M-SSA,3,205029,146,1296.0
A-n45-k6,M-SSA,3,205029,147,1296.0
A-n45-k6,M-SSA,3,205029,148,1296.0
A-n45-k6,M-SSA,3,205029,149,1296.0
A-n45-k6,M-SSA,3,205029,150,1296.0
A-n45-k6,M-SSA,3,205029,151,1296.0
A-n45-k6,M-SSA,3,205029,152,1296.0
A-n45-k6,M-SSA,3,205029,153,1296.0
A-n45-k6,M-SSA,3,205029,154,1296.0
A-n45-k6,M-SSA,3,205029,155,1296.0
A-n45-k6,M-SSA,3,205029,156,1296.0
A-n45-k6,M-SSA,3,205029,157,1296.0
A-n45-k6,M-SSA,3,205029,158,1296.0
A-n45-k6,M-SSA,3,205029,159,1296.0
A-n45-k6,M-SSA,3,205029,160,1296.0
A-n45-k6,M-SSA,3,205029,161,1296.0
A-n45-k6,M-SSA,3,205029,162,1296.0
A-n45-k6,M-SSA,3,205029,163,1296.0
A-n45-k6,M-SSA,3,205029,164,1296.0
A-n45-k6,M-SSA,3,205029,165,1296.0
A-n45-k6,M-SSA,3,205029,166,1296.0
A-n45-k6,M-SSA,3,205029,167,1296.0
A-n45-k6,M-SSA,3,205029,168,1296.0
A-n45-k6,M-SSA,3,205029,169,1296.0
A-n45-k6,M-SSA,3,205029,170,1296.0
A-n45-k6,M-SSA,3,205029,171,1296.0
A-n45-k6,M-SSA,3,205029,172,1296.0
A-n45-k6,M-SSA,3,205029,173,1296.0
A-n45-k6,M-SSA,3,205029,174,1296.0
A-n45-k6,M-SSA,3,205029,175,1296.0
A-n45-k6,M-SSA,3,205029,176,1296.0
A-n45-k6,M-SSA,3,205029,177,1296.0
A-n45-k6,M-SSA,3,205029,178,1296.0
A-n45-k6,M-SSA,3,205029,179,1296.0
A-n45-k6,M-SSA,3,205029,180,1296.0
A-n45-k6,M-SSA,3,205029,181,1296.0
A-n45-k6,M-SSA,3,205029,182,1296.0
A-n45-k6,M-SSA,3,205029,183,1296.0
A-n45-k6,M-SSA,3,205029,184,1296.0
A-n45-k6,M-SSA,3,205029,185,1296.0
A-n45-k6,M-SSA,3,205029,186,1296.0
A-n45-k6,M-SSA,3,205029,187,1296.0
A-n45-k6,M-SSA,3,205029,188,1296.0
A-n45-k6,M-SSA,3,205029,189,1296.0
A-n45-k6,M-SSA,3,205029,190,1296.0
A-n45-k6,M-SSA,3,205029,191,1296.0
A-n45-k6,M-SSA,3,205029,192,1296.0
A-n45-k6,M-SSA,3,205029,193,1296.0
A-n45-k6,M-SSA,3,205029,194,1296.0
A-n45-k6,M-SSA,3,205029,195,1296.0
A-n45-k6,M-SSA,3,205029,196,1269.0
A-n45-k6,M-SSA,3,205029,197,1269.0
A-n45-k6,M-SSA,3,205029,198,1269.0
A-n45-k6,M-SSA,3,205029,199,1269.0
A-n45-k6,M-SSA,3,205029,200,1269.0
A-n54-k7,WOA,1,302027,1,2684.0
A-n54-k7,WOA,1,302027,2,2512.0
A-n54-k7,WOA,1,302027,3,2508.0
A-n54-k7,WOA,1,302027,4,2508.0
A-n54-k7,WOA,1,302027,5,2508.0
A-n54-k7,WOA,1,302027,6,2508.0
A-n54-k7,WOA,1,302027,7,2485.0
A-n54-k7,WOA,1,302027,8,2485.0
A-n54-k7,WOA,1,302027,9,2473.0
A-n54-k7,WOA,1,302027,10,2473.0
A-n54-k7,WOA,1,302027,11,2473.0
A-n54-k7,WOA,1,302027,12,2473.0
A-n54-k7,WOA,1,302027,13,2473.0
A-n54-k7,WOA,1,302027,14,2473.0
A-n54-k7,WOA,1,302027,15,2460.0
A-n54-k7,WOA,1,302027,16,2293.0
A-n54-k7,WOA,1,302027,17,2293.0
A-n54-k7,WOA,1,302027,18,2289.0
A-n54-k7,WOA,1,302027,19,2289.0
A-n54-k7,WOA,1,302027,20,2234.0
A-n54-k7,WOA,1,302027,21,2234.0
A-n54-k7,WOA,1,302027,22,2234.0
A-n54-k7,WOA,1,302027,23,2219.0
A-n54-k7,WOA,1,302027,24,2191.0
A-n54-k7,WOA,1,302027,25,2186.0
A-n54-k7,WOA,1,302027,26,2186.0
A-n54-k7,WOA,1,302027,27,2139.0
A-n54-k7,WOA,1,302027,28,2139.0
A-n54-k7,WOA,1,302027,29,2136.0
A-n54-k7,WOA,1,302027,30,2093.0
A-n54-k7,WOA,1,302027,31,2093.0
A-n54-k7,WOA,1,302027,32,2093.0
A-n54-k7,WOA,1,302027,33,2077.0
A-n54-k7,WOA,1,302027,34,2054.0
A-n54-k7,WOA,1,302027,35,2054.0
A-n54-k7,WOA,1,302027,36,2041.0
A-n54-k7,WOA,1,302027,37,2036.0
A-n54-k7,WOA,1,302027,38,2011.0
A-n54-k7,WOA,1,302027,39,2011.0
A-n54-k7,WOA,1,302027,40,2003.0
A-n54-k7,WOA,1,302027,41,2003.0
A-n54-k7,WOA,1,302027,42,2003.0
A-n54-k7,WOA,1,302027,43,2003.0
A-n54-k7,WOA,1,302027,44,2003.0
A-n54-k7,WOA,1,302027,45,2003.0
A-n54-k7,WOA,1,302027,46,1974.0
A-n54-k7,WOA,1,302027,47,1974.0
A-n54-k7,WOA,1,302027,48,1974.0
A-n54-k7,WOA,1,302027,49,1974.0
A-n54-k7,WOA,1,302027,50,1974.0
A-n54-k7,WOA,1,302027,51,1974.0
A-n54-k7,WOA,1,302027,52,1974.0
A-n54-k7,WOA,1,302027,53,1974.0
A-n54-k7,WOA,1,302027,54,1970.0
A-n54-k7,WOA,1,302027,55,1970.0
A-n54-k7,WOA,1,302027,56,1970.0
A-n54-k7,WOA,1,302027,57,1970.0
A-n54-k7,WOA,1,302027,58,1970.0
A-n54-k7,WOA,1,302027,59,1970.0
A-n54-k7,WOA,1,302027,60,1970.0
A-n54-k7,WOA,1,302027,61,1970.0
A-n54-k7,WOA,1,302027,62,1970.0
A-n54-k7,WOA,1,302027,63,1970.0
A-n54-k7,WOA,1,302027,64,1970.0
A-n54-k7,WOA,1,302027,65,1970.0
A-n54-k7,WOA,1,302027,66,1970.0
A-n54-k7,WOA,1,302027,67,1970.0
A-n54-k7,WOA,1,302027,68,1970.0
A-n54-k7,WOA,1,302027,69,1970.0
A-n54-k7,WOA,1,302027,70,1970.0
A-n54-k7,WOA,1,302027,71,1970.0
A-n54-k7,WOA,1,302027,72,1970.0
A-n54-k7,WOA,1,302027,73,1970.0
A-n54-k7,WOA,1,302027,74,1970.0
A-n54-k7,WOA,1,302027,75,1970.0
A-n54-k7,WOA,1,302027,76,1970.0
A-n54-k7,WOA,1,302027,77,1970.0
A-n54-k7,WOA,1,302027,78,1970.0
A-n54-k7,WOA,1,302027,79,1970.0
A-n54-k7,WOA,1,302027,80,1970.0
A-n54-k7,WOA,1,302027,81,1970.0
A-n54-k7,WOA,1,302027,82,1970.0
A-n54-k7,WOA,1,302027,83,1970.0
A-n54-k7,WOA,1,302027,84,1970.0
A-n54-k7,WOA,1,302027,85,1970.0
A-n54-k7,WOA,1,302027,86,1970.0
A-n54-k7,WOA,1,302027,87,1970.0
A-n54-k7,WOA,1,302027,88,1970.0
A-n54-k7,WOA,1,302027,89,1970.0
A-n54-k7,WOA,1,302027,90,1970.0
A-n54-k7,WOA,1,302027,91,1970.0
A-n54-k7,WOA,1,302027,92,1970.0
A-n54-k7,WOA,1,302027,93,1970.0
A-n54-k7,WOA,1,302027,94,1970.0
A-n54-k7,WOA,1,302027,95,1970.0
A-n54-k7,WOA,1,302027,96,1970.0
A-n54-k7,WOA,1,302027,97,1970.0
A-n54-k7,WOA,1,302027,98,1970.0
A-n54-k7,WOA,1,302027,99,1970.0
A-n54-k7,WOA,1,302027,100,1970.0
A-n54-k7,WOA,1,302027,101,1970.0
A-n54-k7,WOA,1,302027,102,1970.0
A-n54-k7,WOA,1,302027,103,1970.0
A-n54-k7,WOA,1,302027,104,1970.0
A-n54-k7,WOA,1,302027,105,1970.0
A-n54-k7,WOA,1,302027,106,1970.0
A-n54-k7,WOA,1,302027,107,1970.0
A-n54-k7,WOA,1,302027,108,1970.0
A-n54-k7,WOA,1,302027,109,1970.0
A-n54-k7,WOA,1,302027,110,1970.0
A-n54-k7,WOA,1,302027,111,1970.0
A-n54-k7,WOA,1,302027,112,1970.0
A-n54-k7,WOA,1,302027,113,1970.0
A-n54-k7,WOA,1,302027,114,1970.0
A-n54-k7,WOA,1,302027,115,1970.0
A-n54-k7,WOA,1,302027,116,1970.0
A-n54-k7,WOA,1,302027,117,1963.0
A-n54-k7,WOA,1,302027,118,1963.0
A-n54-k7,WOA,1,302027,119,1963.0
A-n54-k7,WOA,1,302027,120,1963.0
A-n54-k7,WOA,1,302027,121,1941.0
A-n54-k7,WOA,1,302027,122,1941.0
A-n54-k7,WOA,1,302027,123,1941.0
A-n54-k7,WOA,1,302027,124,1941.0
A-n54-k7,WOA,1,302027,125,1941.0
A-n54-k7,WOA,1,302027,126,1941.0
A-n54-k7,WOA,1,302027,127,1941.0
A-n54-k7,WOA,1,302027,128,1941.0
A-n54-k7,WOA,1,302027,129,1941.0
A-n54-k7,WOA,1,302027,130,1941.0
A-n54-k7,WOA,1,302027,131,1941.0
A-n54-k7,WOA,1,302027,132,1941.0
A-n54-k7,WOA,1,302027,133,1941.0
A-n54-k7,WOA,1,302027,134,1941.0
A-n54-k7,WOA,1,302027,135,1941.0
A-n54-k7,WOA,1,302027,136,1941.0
A-n54-k7,WOA,1,302027,137,1941.0
A-n54-k7,WOA,1,302027,138,1941.0
A-n54-k7,WOA,1,302027,139,1941.0
A-n54-k7,WOA,1,302027,140,1941.0
A-n54-k7,WOA,1,302027,141,1941.0
A-n54-k7,WOA,1,302027,142,1941.0
A-n54-k7,WOA,1,302027,143,1941.0
A-n54-k7,WOA,1,302027,144,1941.0
A-n54-k7,WOA,1,302027,145,1941.0
A-n54-k7,WOA,1,302027,146,1941.0
A-n54-k7,WOA,1,302027,147,1941.0
A-n54-k7,WOA,1,302027,148,1941.0
A-n54-k7,WOA,1,302027,149,1941.0
A-n54-k7,WOA,1,302027,150,1941.0
A-n54-k7,WOA,1,302027,151,1941.0
A-n54-k7,WOA,1,302027,152,1941.0
A-n54-k7,WOA,1,302027,153,1941.0
A-n54-k7,WOA,1,302027,154,1941.0
A-n54-k7,WOA,1,302027,155,1941.0
A-n54-k7,WOA,1,302027,156,1941.0
A-n54-k7,WOA,1,302027,157,1941.0
A-n54-k7,WOA,1,302027,158,1941.0
A-n54-k7,WOA,1,302027,159,1941.0
A-n54-k7,WOA,1,302027,160,1941.0
A-n54-k7,WOA,1,302027,161,1941.0
A-n54-k7,WOA,1,302027,162,1941.0
A-n54-k7,WOA,1,302027,163,1941.0
A-n54-k7,WOA,1,302027,164,1941.0
A-n54-k7,WOA,1,302027,165,1941.0
A-n54-k7,WOA,1,302027,166,1941.0
A-n54-k7,WOA,1,302027,167,1941.0
A-n54-k7,WOA,1,302027,168,1941.0
A-n54-k7,WOA,1,302027,169,1941.0
A-n54-k7,WOA,1,302027,170,1941.0
A-n54-k7,WOA,1,302027,171,1941.0
A-n54-k7,WOA,1,302027,172,1941.0
A-n54-k7,WOA,1,302027,173,1941.0
A-n54-k7,WOA,1,302027,174,1941.0
A-n54-k7,WOA,1,302027,175,1941.0
A-n54-k7,WOA,1,302027,176,1941.0
A-n54-k7,WOA,1,302027,177,1941.0
A-n54-k7,WOA,1,302027,178,1941.0
A-n54-k7,WOA,1,302027,179,1941.0
A-n54-k7,WOA,1,302027,180,1941.0
A-n54-k7,WOA,1,302027,181,1941.0
A-n54-k7,WOA,1,302027,182,1941.0
A-n54-k7,WOA,1,302027,183,1941.0
A-n54-k7,WOA,1,302027,184,1941.0
A-n54-k7,WOA,1,302027,185,1941.0
A-n54-k7,WOA,1,302027,186,1941.0
A-n54-k7,WOA,1,302027,187,1941.0
A-n54-k7,WOA,1,302027,188,1941.0
A-n54-k7,WOA,1,302027,189,1941.0
A-n54-k7,WOA,1,302027,190,1941.0
A-n54-k7,WOA,1,302027,191,1941.0
A-n54-k7,WOA,1,302027,192,1941.0
A-n54-k7,WOA,1,302027,193,1941.0
A-n54-k7,WOA,1,302027,194,1941.0
A-n54-k7,WOA,1,302027,195,1941.0
A-n54-k7,WOA,1,302027,196,1941.0
A-n54-k7,WOA,1,302027,197,1941.0
A-n54-k7,WOA,1,302027,198,1941.0
A-n54-k7,WOA,1,302027,199,1941.0
A-n54-k7,WOA,1,302027,200,1941.0
A-n54-k7,WOA,2,302028,1,2854.0
A-n54-k7,WOA,2,302028,2,2628.0
A-n54-k7,WOA,2,302028,3,2628.0
A-n54-k7,WOA,2,302028,4,2523.0
A-n54-k7,WOA,2,302028,5,2523.0
A-n54-k7,WOA,2,302028,6,2523.0
A-n54-k7,WOA,2,302028,7,2395.0
A-n54-k7,WOA,2,302028,8,2395.0
A-n54-k7,WOA,2,302028,9,2395.0
A-n54-k7,WOA,2,302028,10,2395.0
A-n54-k7,WOA,2,302028,11,2395.0
A-n54-k7,WOA,2,302028,12,2395.0
A-n54-k7,WOA,2,302028,13,2395.0
A-n54-k7,WOA,2,302028,14,2395.0
A-n54-k7,WOA,2,302028,15,2373.0
A-n54-k7,WOA,2,302028,16,2307.0
A-n54-k7,WOA,2,302028,17,2307.0
A-n54-k7,WOA,2,302028,18,2307.0
A-n54-k7,WOA,2,302028,19,2307.0
A-n54-k7,WOA,2,302028,20,2307.0
A-n54-k7,WOA,2,302028,21,2307.0
A-n54-k7,WOA,2,302028,22,2307.0
A-n54-k7,WOA,2,302028,23,2307.0
A-n54-k7,WOA,2,302028,24,2269.0
A-n54-k7,WOA,2,302028,25,2269.0
A-n54-k7,WOA,2,302028,26,2269.0
A-n54-k7,WOA,2,302028,27,2269.0
A-n54-k7,WOA,2,302028,28,2269.0
A-n54-k7,WOA,2,302028,29,2269.0
A-n54-k7,WOA,2,302028,30,2269.0
A-n54-k7,WOA,2,302028,31,2269.0
A-n54-k7,WOA,2,302028,32,2269.0
A-n54-k7,WOA,2,302028,33,2269.0
A-n54-k7,WOA,2,302028,34,2269.0
A-n54-k7,WOA,2,302028,35,2269.0
A-n54-k7,WOA,2,302028,36,2263.0
A-n54-k7,WOA,2,302028,37,2263.0
A-n54-k7,WOA,2,302028,38,2263.0
A-n54-k7,WOA,2,302028,39,2263.0
A-n54-k7,WOA,2,302028,40,2263.0
A-n54-k7,WOA,2,302028,41,2263.0
A-n54-k7,WOA,2,302028,42,2263.0
A-n54-k7,WOA,2,302028,43,2263.0
A-n54-k7,WOA,2,302028,44,2263.0
A-n54-k7,WOA,2,302028,45,2263.0
A-n54-k7,WOA,2,302028,46,2263.0
A-n54-k7,WOA,2,302028,47,2263.0
A-n54-k7,WOA,2,302028,48,2263.0
A-n54-k7,WOA,2,302028,49,2263.0
A-n54-k7,WOA,2,302028,50,2263.0
A-n54-k7,WOA,2,302028,51,2263.0
A-n54-k7,WOA,2,302028,52,2263.0
A-n54-k7,WOA,2,302028,53,2263.0
A-n54-k7,WOA,2,302028,54,2263.0
A-n54-k7,WOA,2,302028,55,2263.0
A-n54-k7,WOA,2,302028,56,2263.0
A-n54-k7,WOA,2,302028,57,2263.0
A-n54-k7,WOA,2,302028,58,2263.0
A-n54-k7,WOA,2,302028,59,2263.0
A-n54-k7,WOA,2,302028,60,2263.0
A-n54-k7,WOA,2,302028,61,2263.0
A-n54-k7,WOA,2,302028,62,2263.0
A-n54-k7,WOA,2,302028,63,2263.0
A-n54-k7,WOA,2,302028,64,2263.0
A-n54-k7,WOA,2,302028,65,2263.0
A-n54-k7,WOA,2,302028,66,2263.0
A-n54-k7,WOA,2,302028,67,2263.0
A-n54-k7,WOA,2,302028,68,2263.0
A-n54-k7,WOA,2,302028,69,2263.0
A-n54-k7,WOA,2,302028,70,2263.0
A-n54-k7,WOA,2,302028,71,2263.0
A-n54-k7,WOA,2,302028,72,2263.0
A-n54-k7,WOA,2,302028,73,2263.0
A-n54-k7,WOA,2,302028,74,2263.0
A-n54-k7,WOA,2,302028,75,2263.0
A-n54-k7,WOA,2,302028,76,2263.0
A-n54-k7,WOA,2,302028,77,2263.0
A-n54-k7,WOA,2,302028,78,2263.0
A-n54-k7,WOA,2,302028,79,2263.0
A-n54-k7,WOA,2,302028,80,2263.0
A-n54-k7,WOA,2,302028,81,2263.0
A-n54-k7,WOA,2,302028,82,2263.0
A-n54-k7,WOA,2,302028,83,2263.0
A-n54-k7,WOA,2,302028,84,2263.0
A-n54-k7,WOA,2,302028,85,2263.0
A-n54-k7,WOA,2,302028,86,2263.0
A-n54-k7,WOA,2,302028,87,2263.0
A-n54-k7,WOA,2,302028,88,2263.0
A-n54-k7,WOA,2,302028,89,2263.0
A-n54-k7,WOA,2,302028,90,2263.0
A-n54-k7,WOA,2,302028,91,2263.0
A-n54-k7,WOA,2,302028,92,2263.0
A-n54-k7,WOA,2,302028,93,2261.0
A-n54-k7,WOA,2,302028,94,2261.0
A-n54-k7,WOA,2,302028,95,2261.0
A-n54-k7,WOA,2,302028,96,2261.0
A-n54-k7,WOA,2,302028,97,2261.0
A-n54-k7,WOA,2,302028,98,2261.0
A-n54-k7,WOA,2,302028,99,2261.0
A-n54-k7,WOA,2,302028,100,2261.0
A-n54-k7,WOA,2,302028,101,2261.0
A-n54-k7,WOA,2,302028,102,2261.0
A-n54-k7,WOA,2,302028,103,2261.0
A-n54-k7,WOA,2,302028,104,2261.0
A-n54-k7,WOA,2,302028,105,2261.0
A-n54-k7,WOA,2,302028,106,2261.0
A-n54-k7,WOA,2,302028,107,2261.0
A-n54-k7,WOA,2,302028,108,2261.0
A-n54-k7,WOA,2,302028,109,2261.0
A-n54-k7,WOA,2,302028,110,2261.0
A-n54-k7,WOA,2,302028,111,2261.0
A-n54-k7,WOA,2,302028,112,2261.0
A-n54-k7,WOA,2,302028,113,2261.0
A-n54-k7,WOA,2,302028,114,2258.0
A-n54-k7,WOA,2,302028,115,2258.0
A-n54-k7,WOA,2,302028,116,2258.0
A-n54-k7,WOA,2,302028,117,2258.0
A-n54-k7,WOA,2,302028,118,2258.0
A-n54-k7,WOA,2,302028,119,2258.0
A-n54-k7,WOA,2,302028,120,2258.0
A-n54-k7,WOA,2,302028,121,2258.0
A-n54-k7,WOA,2,302028,122,2258.0
A-n54-k7,WOA,2,302028,123,2258.0
A-n54-k7,WOA,2,302028,124,2258.0
A-n54-k7,WOA,2,302028,125,2258.0
A-n54-k7,WOA,2,302028,126,2258.0
A-n54-k7,WOA,2,302028,127,2258.0
A-n54-k7,WOA,2,302028,128,2258.0
A-n54-k7,WOA,2,302028,129,2258.0
A-n54-k7,WOA,2,302028,130,2258.0
A-n54-k7,WOA,2,302028,131,2258.0
A-n54-k7,WOA,2,302028,132,2258.0
A-n54-k7,WOA,2,302028,133,2258.0
A-n54-k7,WOA,2,302028,134,2258.0
A-n54-k7,WOA,2,302028,135,2258.0
A-n54-k7,WOA,2,302028,136,2258.0
A-n54-k7,WOA,2,302028,137,2258.0
A-n54-k7,WOA,2,302028,138,2258.0
A-n54-k7,WOA,2,302028,139,2258.0
A-n54-k7,WOA,2,302028,140,2258.0
A-n54-k7,WOA,2,302028,141,2258.0
A-n54-k7,WOA,2,302028,142,2258.0
A-n54-k7,WOA,2,302028,143,2258.0
A-n54-k7,WOA,2,302028,144,2258.0
A-n54-k7,WOA,2,302028,145,2258.0
A-n54-k7,WOA,2,302028,146,2258.0
A-n54-k7,WOA,2,302028,147,2258.0
A-n54-k7,WOA,2,302028,148,2258.0
A-n54-k7,WOA,2,302028,149,2258.0
A-n54-k7,WOA,2,302028,150,2258.0
A-n54-k7,WOA,2,302028,151,2258.0
A-n54-k7,WOA,2,302028,152,2258.0
A-n54-k7,WOA,2,302028,153,2258.0
A-n54-k7,WOA,2,302028,154,2258.0
A-n54-k7,WOA,2,302028,155,2258.0
A-n54-k7,WOA,2,302028,156,2258.0
A-n54-k7,WOA,2,302028,157,2258.0
A-n54-k7,WOA,2,302028,158,2258.0
A-n54-k7,WOA,2,302028,159,2258.0
A-n54-k7,WOA,2,302028,160,2258.0
A-n54-k7,WOA,2,302028,161,2258.0
A-n54-k7,WOA,2,302028,162,2258.0
A-n54-k7,WOA,2,302028,163,2258.0
A-n54-k7,WOA,2,302028,164,2258.0
A-n54-k7,WOA,2,302028,165,2258.0
A-n54-k7,WOA,2,302028,166,2258.0
A-n54-k7,WOA,2,302028,167,2258.0
A-n54-k7,WOA,2,302028,168,2258.0
A-n54-k7,WOA,2,302028,169,2258.0
A-n54-k7,WOA,2,302028,170,2258.0
A-n54-k7,WOA,2,302028,171,2258.0
A-n54-k7,WOA,2,302028,172,2258.0
A-n54-k7,WOA,2,302028,173,2258.0
A-n54-k7,WOA,2,302028,174,2258.0
A-n54-k7,WOA,2,302028,175,2258.0
A-n54-k7,WOA,2,302028,176,2258.0
A-n54-k7,WOA,2,302028,177,2258.0
A-n54-k7,WOA,2,302028,178,2258.0
A-n54-k7,WOA,2,302028,179,2258.0
A-n54-k7,WOA,2,302028,180,2258.0
A-n54-k7,WOA,2,302028,181,2258.0
A-n54-k7,WOA,2,302028,182,2258.0
A-n54-k7,WOA,2,302028,183,2258.0
A-n54-k7,WOA,2,302028,184,2258.0
A-n54-k7,WOA,2,302028,185,2258.0
A-n54-k7,WOA,2,302028,186,2258.0
A-n54-k7,WOA,2,302028,187,2258.0
A-n54-k7,WOA,2,302028,188,2258.0
A-n54-k7,WOA,2,302028,189,2258.0
A-n54-k7,WOA,2,302028,190,2258.0
A-n54-k7,WOA,2,302028,191,2258.0
A-n54-k7,WOA,2,302028,192,2258.0
A-n54-k7,WOA,2,302028,193,2258.0
A-n54-k7,WOA,2,302028,194,2258.0
A-n54-k7,WOA,2,302028,195,2258.0
A-n54-k7,WOA,2,302028,196,2258.0
A-n54-k7,WOA,2,302028,197,2258.0
A-n54-k7,WOA,2,302028,198,2258.0
A-n54-k7,WOA,2,302028,199,2258.0
A-n54-k7,WOA,2,302028,200,2258.0
A-n54-k7,WOA,3,302029,1,2833.0
A-n54-k7,WOA,3,302029,2,2682.0
A-n54-k7,WOA,3,302029,3,2650.0
A-n54-k7,WOA,3,302029,4,2650.0
A-n54-k7,WOA,3,302029,5,2606.0
A-n54-k7,WOA,3,302029,6,2537.0
A-n54-k7,WOA,3,302029,7,2537.0
A-n54-k7,WOA,3,302029,8,2537.0
A-n54-k7,WOA,3,302029,9,2516.0
A-n54-k7,WOA,3,302029,10,2516.0
A-n54-k7,WOA,3,302029,11,2485.0
A-n54-k7,WOA,3,302029,12,2455.0
A-n54-k7,WOA,3,302029,13,2452.0
A-n54-k7,WOA,3,302029,14,2452.0
A-n54-k7,WOA,3,302029,15,2452.0
A-n54-k7,WOA,3,302029,16,2452.0
A-n54-k7,WOA,3,302029,17,2452.0
A-n54-k7,WOA,3,302029,18,2452.0
A-n54-k7,WOA,3,302029,19,2452.0
A-n54-k7,WOA,3,302029,20,2418.0
A-n54-k7,WOA,3,302029,21,2418.0
A-n54-k7,WOA,3,302029,22,2296.0
A-n54-k7,WOA,3,302029,23,2296.0
A-n54-k7,WOA,3,302029,24,2296.0
A-n54-k7,WOA,3,302029,25,2296.0
A-n54-k7,WOA,3,302029,26,2296.0
A-n54-k7,WOA,3,302029,27,2296.0
A-n54-k7,WOA,3,302029,28,2296.0
A-n54-k7,WOA,3,302029,29,2296.0
A-n54-k7,WOA,3,302029,30,2296.0
A-n54-k7,WOA,3,302029,31,2296.0
A-n54-k7,WOA,3,302029,32,2280.0
A-n54-k7,WOA,3,302029,33,2280.0
A-n54-k7,WOA,3,302029,34,2280.0
A-n54-k7,WOA,3,302029,35,2280.0
A-n54-k7,WOA,3,302029,36,2250.0
A-n54-k7,WOA,3,302029,37,2250.0
A-n54-k7,WOA,3,302029,38,2250.0
A-n54-k7,WOA,3,302029,39,2250.0
A-n54-k7,WOA,3,302029,40,2250.0
A-n54-k7,WOA,3,302029,41,2235.0
A-n54-k7,WOA,3,302029,42,2235.0
A-n54-k7,WOA,3,302029,43,2235.0
A-n54-k7,WOA,3,302029,44,2235.0
A-n54-k7,WOA,3,302029,45,2235.0
A-n54-k7,WOA,3,302029,46,2235.0
A-n54-k7,WOA,3,302029,47,2235.0
A-n54-k7,WOA,3,302029,48,2235.0
A-n54-k7,WOA,3,302029,49,2235.0
A-n54-k7,WOA,3,302029,50,2235.0
A-n54-k7,WOA,3,302029,51,2235.0
A-n54-k7,WOA,3,302029,52,2235.0
A-n54-k7,WOA,3,302029,53,2235.0
A-n54-k7,WOA,3,302029,54,2235.0
A-n54-k7,WOA,3,302029,55,2235.0
A-n54-k7,WOA,3,302029,56,2235.0
A-n54-k7,WOA,3,302029,57,2235.0
A-n54-k7,WOA,3,302029,58,2235.0
A-n54-k7,WOA,3,302029,59,2221.0
A-n54-k7,WOA,3,302029,60,2221.0
A-n54-k7,WOA,3,302029,61,2221.0
A-n54-k7,WOA,3,302029,62,2221.0
A-n54-k7,WOA,3,302029,63,2221.0
A-n54-k7,WOA,3,302029,64,2221.0
A-n54-k7,WOA,3,302029,65,2221.0
A-n54-k7,WOA,3,302029,66,2221.0
A-n54-k7,WOA,3,302029,67,2200.0
A-n54-k7,WOA,3,302029,68,2200.0
A-n54-k7,WOA,3,302029,69,2200.0
A-n54-k7,WOA,3,302029,70,2200.0
A-n54-k7,WOA,3,302029,71,2193.0
A-n54-k7,WOA,3,302029,72,2193.0
A-n54-k7,WOA,3,302029,73,2193.0
A-n54-k7,WOA,3,302029,74,2140.0
A-n54-k7,WOA,3,302029,75,2101.0
A-n54-k7,WOA,3,302029,76,2101.0
A-n54-k7,WOA,3,302029,77,2101.0
A-n54-k7,WOA,3,302029,78,2081.0
A-n54-k7,WOA,3,302029,79,2081.0
A-n54-k7,WOA,3,302029,80,2081.0
A-n54-k7,WOA,3,302029,81,2081.0
A-n54-k7,WOA,3,302029,82,2081.0
A-n54-k7,WOA,3,302029,83,2081.0
A-n54-k7,WOA,3,302029,84,2081.0
A-n54-k7,WOA,3,302029,85,2081.0
A-n54-k7,WOA,3,302029,86,2081.0
A-n54-k7,WOA,3,302029,87,2081.0
A-n54-k7,WOA,3,302029,88,2081.0
A-n54-k7,WOA,3,302029,89,2081.0
A-n54-k7,WOA,3,302029,90,2081.0
A-n54-k7,WOA,3,302029,91,2081.0
A-n54-k7,WOA,3,302029,92,2081.0
A-n54-k7,WOA,3,302029,93,2057.0
A-n54-k7,WOA,3,302029,94,2049.0
A-n54-k7,WOA,3,302029,95,1958.0
A-n54-k7,WOA,3,302029,96,1913.0
A-n54-k7,WOA,3,302029,97,1913.0
A-n54-k7,WOA,3,302029,98,1913.0
A-n54-k7,WOA,3,302029,99,1913.0
A-n54-k7,WOA,3,302029,100,1913.0
A-n54-k7,WOA,3,302029,101,1885.0
A-n54-k7,WOA,3,302029,102,1867.0
A-n54-k7,WOA,3,302029,103,1867.0
A-n54-k7,WOA,3,302029,104,1867.0
A-n54-k7,WOA,3,302029,105,1867.0
A-n54-k7,WOA,3,302029,106,1867.0
A-n54-k7,WOA,3,302029,107,1867.0
A-n54-k7,WOA,3,302029,108,1865.0
A-n54-k7,WOA,3,302029,109,1865.0
A-n54-k7,WOA,3,302029,110,1865.0
A-n54-k7,WOA,3,302029,111,1865.0
A-n54-k7,WOA,3,302029,112,1865.0
A-n54-k7,WOA,3,302029,113,1865.0
A-n54-k7,WOA,3,302029,114,1865.0
A-n54-k7,WOA,3,302029,115,1865.0
A-n54-k7,WOA,3,302029,116,1865.0
A-n54-k7,WOA,3,302029,117,1865.0
A-n54-k7,WOA,3,302029,118,1865.0
A-n54-k7,WOA,3,302029,119,1865.0
A-n54-k7,WOA,3,302029,120,1865.0
A-n54-k7,WOA,3,302029,121,1865.0
A-n54-k7,WOA,3,302029,122,1865.0
A-n54-k7,WOA,3,302029,123,1865.0
A-n54-k7,WOA,3,302029,124,1865.0
A-n54-k7,WOA,3,302029,125,1865.0
A-n54-k7,WOA,3,302029,126,1865.0
A-n54-k7,WOA,3,302029,127,1865.0
A-n54-k7,WOA,3,302029,128,1865.0
A-n54-k7,WOA,3,302029,129,1865.0
A-n54-k7,WOA,3,302029,130,1865.0
A-n54-k7,WOA,3,302029,131,1865.0
A-n54-k7,WOA,3,302029,132,1865.0
A-n54-k7,WOA,3,302029,133,1865.0
A-n54-k7,WOA,3,302029,134,1865.0
A-n54-k7,WOA,3,302029,135,1865.0
A-n54-k7,WOA,3,302029,136,1865.0
A-n54-k7,WOA,3,302029,137,1865.0
A-n54-k7,WOA,3,302029,138,1865.0
A-n54-k7,WOA,3,302029,139,1865.0
A-n54-k7,WOA,3,302029,140,1865.0
A-n54-k7,WOA,3,302029,141,1865.0
A-n54-k7,WOA,3,302029,142,1865.0
A-n54-k7,WOA,3,302029,143,1865.0
A-n54-k7,WOA,3,302029,144,1865.0
A-n54-k7,WOA,3,302029,145,1865.0
A-n54-k7,WOA,3,302029,146,1865.0
A-n54-k7,WOA,3,302029,147,1865.0
A-n54-k7,WOA,3,302029,148,1865.0
A-n54-k7,WOA,3,302029,149,1865.0
A-n54-k7,WOA,3,302029,150,1865.0
A-n54-k7,WOA,3,302029,151,1865.0
A-n54-k7,WOA,3,302029,152,1865.0
A-n54-k7,WOA,3,302029,153,1865.0
A-n54-k7,WOA,3,302029,154,1865.0
A-n54-k7,WOA,3,302029,155,1865.0
A-n54-k7,WOA,3,302029,156,1865.0
A-n54-k7,WOA,3,302029,157,1865.0
A-n54-k7,WOA,3,302029,158,1865.0
A-n54-k7,WOA,3,302029,159,1865.0
A-n54-k7,WOA,3,302029,160,1865.0
A-n54-k7,WOA,3,302029,161,1865.0
A-n54-k7,WOA,3,302029,162,1865.0
A-n54-k7,WOA,3,302029,163,1865.0
A-n54-k7,WOA,3,302029,164,1865.0
A-n54-k7,WOA,3,302029,165,1865.0
A-n54-k7,WOA,3,302029,166,1865.0
A-n54-k7,WOA,3,302029,167,1865.0
A-n54-k7,WOA,3,302029,168,1865.0
A-n54-k7,WOA,3,302029,169,1865.0
A-n54-k7,WOA,3,302029,170,1865.0
A-n54-k7,WOA,3,302029,171,1865.0
A-n54-k7,WOA,3,302029,172,1865.0
A-n54-k7,WOA,3,302029,173,1865.0
A-n54-k7,WOA,3,302029,174,1865.0
A-n54-k7,WOA,3,302029,175,1865.0
A-n54-k7,WOA,3,302029,176,1865.0
A-n54-k7,WOA,3,302029,177,1865.0
A-n54-k7,WOA,3,302029,178,1865.0
A-n54-k7,WOA,3,302029,179,1865.0
A-n54-k7,WOA,3,302029,180,1865.0
A-n54-k7,WOA,3,302029,181,1865.0
A-n54-k7,WOA,3,302029,182,1865.0
A-n54-k7,WOA,3,302029,183,1865.0
A-n54-k7,WOA,3,302029,184,1865.0
A-n54-k7,WOA,3,302029,185,1865.0
A-n54-k7,WOA,3,302029,186,1865.0
A-n54-k7,WOA,3,302029,187,1865.0
A-n54-k7,WOA,3,302029,188,1865.0
A-n54-k7,WOA,3,302029,189,1865.0
A-n54-k7,WOA,3,302029,190,1865.0
A-n54-k7,WOA,3,302029,191,1865.0
A-n54-k7,WOA,3,302029,192,1865.0
A-n54-k7,WOA,3,302029,193,1865.0
A-n54-k7,WOA,3,302029,194,1865.0
A-n54-k7,WOA,3,302029,195,1865.0
A-n54-k7,WOA,3,302029,196,1865.0
A-n54-k7,WOA,3,302029,197,1865.0
A-n54-k7,WOA,3,302029,198,1865.0
A-n54-k7,WOA,3,302029,199,1865.0
A-n54-k7,WOA,3,302029,200,1865.0
A-n54-k7,SSA,1,303027,1,2803.0
A-n54-k7,SSA,1,303027,2,2793.0
A-n54-k7,SSA,1,303027,3,2532.0
A-n54-k7,SSA,1,303027,4,2532.0
A-n54-k7,SSA,1,303027,5,2532.0
A-n54-k7,SSA,1,303027,6,2532.0
A-n54-k7,SSA,1,303027,7,2532.0
A-n54-k7,SSA,1,303027,8,2532.0
A-n54-k7,SSA,1,303027,9,2532.0
A-n54-k7,SSA,1,303027,10,2532.0
A-n54-k7,SSA,1,303027,11,2532.0
A-n54-k7,SSA,1,303027,12,2532.0
A-n54-k7,SSA,1,303027,13,2532.0
A-n54-k7,SSA,1,303027,14,2532.0
A-n54-k7,SSA,1,303027,15,2532.0
A-n54-k7,SSA,1,303027,16,2532.0
A-n54-k7,SSA,1,303027,17,2532.0
A-n54-k7,SSA,1,303027,18,2532.0
A-n54-k7,SSA,1,303027,19,2532.0
A-n54-k7,SSA,1,303027,20,2532.0
A-n54-k7,SSA,1,303027,21,2532.0
A-n54-k7,SSA,1,303027,22,2532.0
A-n54-k7,SSA,1,303027,23,2532.0
A-n54-k7,SSA,1,303027,24,2532.0
A-n54-k7,SSA,1,303027,25,2532.0
A-n54-k7,SSA,1,303027,26,2532.0
A-n54-k7,SSA,1,303027,27,2532.0
A-n54-k7,SSA,1,303027,28,2532.0
A-n54-k7,SSA,1,303027,29,2532.0
A-n54-k7,SSA,1,303027,30,2532.0
A-n54-k7,SSA,1,303027,31,2532.0
A-n54-k7,SSA,1,303027,32,2532.0
A-n54-k7,SSA,1,303027,33,2532.0
A-n54-k7,SSA,1,303027,34,2532.0
A-n54-k7,SSA,1,303027,35,2532.0
A-n54-k7,SSA,1,303027,36,2532.0
A-n54-k7,SSA,1,303027,37,2532.0
A-n54-k7,SSA,1,303027,38,2532.0
A-n54-k7,SSA,1,303027,39,2532.0
A-n54-k7,SSA,1,303027,40,2532.0
A-n54-k7,SSA,1,303027,41,2532.0
A-n54-k7,SSA,1,303027,42,2532.0
A-n54-k7,SSA,1,303027,43,2532.0
A-n54-k7,SSA,1,303027,44,2532.0
A-n54-k7,SSA,1,303027,45,2532.0
A-n54-k7,SSA,1,303027,46,2532.0
A-n54-k7,SSA,1,303027,47,2532.0
A-n54-k7,SSA,1,303027,48,2532.0
A-n54-k7,SSA,1,303027,49,2532.0
A-n54-k7,SSA,1,303027,50,2532.0
A-n54-k7,SSA,1,303027,51,2532.0
A-n54-k7,SSA,1,303027,52,2532.0
A-n54-k7,SSA,1,303027,53,2477.0
A-n54-k7,SSA,1,303027,54,2477.0
A-n54-k7,SSA,1,303027,55,2477.0
A-n54-k7,SSA,1,303027,56,2477.0
A-n54-k7,SSA,1,303027,57,2477.0
A-n54-k7,SSA,1,303027,58,2477.0
A-n54-k7,SSA,1,303027,59,2477.0
A-n54-k7,SSA,1,303027,60,2477.0
A-n54-k7,SSA,1,303027,61,2477.0
A-n54-k7,SSA,1,303027,62,2477.0
A-n54-k7,SSA,1,303027,63,2477.0
A-n54-k7,SSA,1,303027,64,2477.0
A-n54-k7,SSA,1,303027,65,2477.0
A-n54-k7,SSA,1,303027,66,2477.0
A-n54-k7,SSA,1,303027,67,2477.0
A-n54-k7,SSA,1,303027,68,2477.0
A-n54-k7,SSA,1,303027,69,2477.0
A-n54-k7,SSA,1,303027,70,2477.0
A-n54-k7,SSA,1,303027,71,2477.0
A-n54-k7,SSA,1,303027,72,2477.0
A-n54-k7,SSA,1,303027,73,2477.0
A-n54-k7,SSA,1,303027,74,2477.0
A-n54-k7,SSA,1,303027,75,2477.0
A-n54-k7,SSA,1,303027,76,2477.0
A-n54-k7,SSA,1,303027,77,2477.0
A-n54-k7,SSA,1,303027,78,2477.0
A-n54-k7,SSA,1,303027,79,2477.0
A-n54-k7,SSA,1,303027,80,2477.0
A-n54-k7,SSA,1,303027,81,2477.0
A-n54-k7,SSA,1,303027,82,2477.0
A-n54-k7,SSA,1,303027,83,2477.0
A-n54-k7,SSA,1,303027,84,2477.0
A-n54-k7,SSA,1,303027,85,2477.0
A-n54-k7,SSA,1,303027,86,2477.0
A-n54-k7,SSA,1,303027,87,2477.0
A-n54-k7,SSA,1,303027,88,2477.0
A-n54-k7,SSA,1,303027,89,2477.0
A-n54-k7,SSA,1,303027,90,2477.0
A-n54-k7,SSA,1,303027,91,2477.0
A-n54-k7,SSA,1,303027,92,2477.0
A-n54-k7,SSA,1,303027,93,2477.0
A-n54-k7,SSA,1,303027,94,2477.0
A-n54-k7,SSA,1,303027,95,2477.0
A-n54-k7,SSA,1,303027,96,2477.0
A-n54-k7,SSA,1,303027,97,2377.0
A-n54-k7,SSA,1,303027,98,2377.0
A-n54-k7,SSA,1,303027,99,2377.0
A-n54-k7,SSA,1,303027,100,2377.0
A-n54-k7,SSA,1,303027,101,2377.0
A-n54-k7,SSA,1,303027,102,2377.0
A-n54-k7,SSA,1,303027,103,2377.0
A-n54-k7,SSA,1,303027,104,2377.0
A-n54-k7,SSA,1,303027,105,2377.0
A-n54-k7,SSA,1,303027,106,2377.0
A-n54-k7,SSA,1,303027,107,2377.0
A-n54-k7,SSA,1,303027,108,2377.0
A-n54-k7,SSA,1,303027,109,2377.0
A-n54-k7,SSA,1,303027,110,2377.0
A-n54-k7,SSA,1,303027,111,2377.0
A-n54-k7,SSA,1,303027,112,2377.0
A-n54-k7,SSA,1,303027,113,2377.0
A-n54-k7,SSA,1,303027,114,2377.0
A-n54-k7,SSA,1,303027,115,2377.0
A-n54-k7,SSA,1,303027,116,2377.0
A-n54-k7,SSA,1,303027,117,2377.0
A-n54-k7,SSA,1,303027,118,2377.0
A-n54-k7,SSA,1,303027,119,2377.0
A-n54-k7,SSA,1,303027,120,2377.0
A-n54-k7,SSA,1,303027,121,2377.0
A-n54-k7,SSA,1,303027,122,2377.0
A-n54-k7,SSA,1,303027,123,2377.0
A-n54-k7,SSA,1,303027,124,2377.0
A-n54-k7,SSA,1,303027,125,2377.0
A-n54-k7,SSA,1,303027,126,2377.0
A-n54-k7,SSA,1,303027,127,2377.0
A-n54-k7,SSA,1,303027,128,2377.0
A-n54-k7,SSA,1,303027,129,2377.0
A-n54-k7,SSA,1,303027,130,2356.0
A-n54-k7,SSA,1,303027,131,2356.0
A-n54-k7,SSA,1,303027,132,2356.0
A-n54-k7,SSA,1,303027,133,2339.0
A-n54-k7,SSA,1,303027,134,2339.0
A-n54-k7,SSA,1,303027,135,2308.0
A-n54-k7,SSA,1,303027,136,2308.0
A-n54-k7,SSA,1,303027,137,2308.0
A-n54-k7,SSA,1,303027,138,2308.0
A-n54-k7,SSA,1,303027,139,2308.0
A-n54-k7,SSA,1,303027,140,2308.0
A-n54-k7,SSA,1,303027,141,2308.0
A-n54-k7,SSA,1,303027,142,2308.0
A-n54-k7,SSA,1,303027,143,2308.0
A-n54-k7,SSA,1,303027,144,2308.0
A-n54-k7,SSA,1,303027,145,2308.0
A-n54-k7,SSA,1,303027,146,2308.0
A-n54-k7,SSA,1,303027,147,2308.0
A-n54-k7,SSA,1,303027,148,2308.0
A-n54-k7,SSA,1,303027,149,2308.0
A-n54-k7,SSA,1,303027,150,2305.0
A-n54-k7,SSA,1,303027,151,2305.0
A-n54-k7,SSA,1,303027,152,2305.0
A-n54-k7,SSA,1,303027,153,2305.0
A-n54-k7,SSA,1,303027,154,2305.0
A-n54-k7,SSA,1,303027,155,2290.0
A-n54-k7,SSA,1,303027,156,2290.0
A-n54-k7,SSA,1,303027,157,2290.0
A-n54-k7,SSA,1,303027,158,2290.0
A-n54-k7,SSA,1,303027,159,2290.0
A-n54-k7,SSA,1,303027,160,2290.0
A-n54-k7,SSA,1,303027,161,2290.0
A-n54-k7,SSA,1,303027,162,2290.0
A-n54-k7,SSA,1,303027,163,2290.0
A-n54-k7,SSA,1,303027,164,2290.0
A-n54-k7,SSA,1,303027,165,2290.0
A-n54-k7,SSA,1,303027,166,2290.0
A-n54-k7,SSA,1,303027,167,2290.0
A-n54-k7,SSA,1,303027,168,2290.0
A-n54-k7,SSA,1,303027,169,2290.0
A-n54-k7,SSA,1,303027,170,2290.0
A-n54-k7,SSA,1,303027,171,2290.0
A-n54-k7,SSA,1,303027,172,2290.0
A-n54-k7,SSA,1,303027,173,2290.0
A-n54-k7,SSA,1,303027,174,2290.0
A-n54-k7,SSA,1,303027,175,2290.0
A-n54-k7,SSA,1,303027,176,2290.0
A-n54-k7,SSA,1,303027,177,2290.0
A-n54-k7,SSA,1,303027,178,2290.0
A-n54-k7,SSA,1,303027,179,2290.0
A-n54-k7,SSA,1,303027,180,2290.0
A-n54-k7,SSA,1,303027,181,2290.0
A-n54-k7,SSA,1,303027,182,2290.0
A-n54-k7,SSA,1,303027,183,2290.0
A-n54-k7,SSA,1,303027,184,2290.0
A-n54-k7,SSA,1,303027,185,2290.0
A-n54-k7,SSA,1,303027,186,2290.0
A-n54-k7,SSA,1,303027,187,2290.0
A-n54-k7,SSA,1,303027,188,2290.0
A-n54-k7,SSA,1,303027,189,2290.0
A-n54-k7,SSA,1,303027,190,2290.0
A-n54-k7,SSA,1,303027,191,2290.0
A-n54-k7,SSA,1,303027,192,2290.0
A-n54-k7,SSA,1,303027,193,2290.0
A-n54-k7,SSA,1,303027,194,2290.0
A-n54-k7,SSA,1,303027,195,2290.0
A-n54-k7,SSA,1,303027,196,2290.0
A-n54-k7,SSA,1,303027,197,2290.0
A-n54-k7,SSA,1,303027,198,2290.0
A-n54-k7,SSA,1,303027,199,2290.0
A-n54-k7,SSA,1,303027,200,2290.0
A-n54-k7,SSA,2,303028,1,2930.0
A-n54-k7,SSA,2,303028,2,2726.0
A-n54-k7,SSA,2,303028,3,2726.0
A-n54-k7,SSA,2,303028,4,2726.0
A-n54-k7,SSA,2,303028,5,2467.0
A-n54-k7,SSA,2,303028,6,2467.0
A-n54-k7,SSA,2,303028,7,2467.0
A-n54-k7,SSA,2,303028,8,2467.0
A-n54-k7,SSA,2,303028,9,2467.0
A-n54-k7,SSA,2,303028,10,2467.0
A-n54-k7,SSA,2,303028,11,2467.0
A-n54-k7,SSA,2,303028,12,2467.0
A-n54-k7,SSA,2,303028,13,2467.0
A-n54-k7,SSA,2,303028,14,2467.0
A-n54-k7,SSA,2,303028,15,2467.0
A-n54-k7,SSA,2,303028,16,2467.0
A-n54-k7,SSA,2,303028,17,2467.0
A-n54-k7,SSA,2,303028,18,2467.0
A-n54-k7,SSA,2,303028,19,2467.0
A-n54-k7,SSA,2,303028,20,2467.0
A-n54-k7,SSA,2,303028,21,2467.0
A-n54-k7,SSA,2,303028,22,2467.0
A-n54-k7,SSA,2,303028,23,2467.0
A-n54-k7,SSA,2,303028,24,2467.0
A-n54-k7,SSA,2,303028,25,2467.0
A-n54-k7,SSA,2,303028,26,2467.0
A-n54-k7,SSA,2,303028,27,2467.0
A-n54-k7,SSA,2,303028,28,2467.0
A-n54-k7,SSA,2,303028,29,2467.0
A-n54-k7,SSA,2,303028,30,2467.0
A-n54-k7,SSA,2,303028,31,2467.0
A-n54-k7,SSA,2,303028,32,2467.0
A-n54-k7,SSA,2,303028,33,2467.0
A-n54-k7,SSA,2,303028,34,2467.0
A-n54-k7,SSA,2,303028,35,2467.0
A-n54-k7,SSA,2,303028,36,2467.0
A-n54-k7,SSA,2,303028,37,2467.0
A-n54-k7,SSA,2,303028,38,2467.0
A-n54-k7,SSA,2,303028,39,2467.0
A-n54-k7,SSA,2,303028,40,2467.0
A-n54-k7,SSA,2,303028,41,2467.0
A-n54-k7,SSA,2,303028,42,2467.0
A-n54-k7,SSA,2,303028,43,2467.0
A-n54-k7,SSA,2,303028,44,2467.0
A-n54-k7,SSA,2,303028,45,2467.0
A-n54-k7,SSA,2,303028,46,2467.0
A-n54-k7,SSA,2,303028,47,2467.0
A-n54-k7,SSA,2,303028,48,2467.0
A-n54-k7,SSA,2,303028,49,2467.0
A-n54-k7,SSA,2,303028,50,2467.0
A-n54-k7,SSA,2,303028,51,2467.0
A-n54-k7,SSA,2,303028,52,2467.0
A-n54-k7,SSA,2,303028,53,2467.0
A-n54-k7,SSA,2,303028,54,2467.0
A-n54-k7,SSA,2,303028,55,2467.0
A-n54-k7,SSA,2,303028,56,2467.0
A-n54-k7,SSA,2,303028,57,2467.0
A-n54-k7,SSA,2,303028,58,2467.0
A-n54-k7,SSA,2,303028,59,2467.0
A-n54-k7,SSA,2,303028,60,2467.0
A-n54-k7,SSA,2,303028,61,2467.0
A-n54-k7,SSA,2,303028,62,2467.0
A-n54-k7,SSA,2,303028,63,2467.0
A-n54-k7,SSA,2,303028,64,2467.0
A-n54-k7,SSA,2,303028,65,2467.0
A-n54-k7,SSA,2,303028,66,2467.0
A-n54-k7,SSA,2,303028,67,2467.0
A-n54-k7,SSA,2,303028,68,2467.0
A-n54-k7,SSA,2,303028,69,2467.0
A-n54-k7,SSA,2,303028,70,2429.0
A-n54-k7,SSA,2,303028,71,2424.0
A-n54-k7,SSA,2,303028,72,2424.0
A-n54-k7,SSA,2,303028,73,2424.0
A-n54-k7,SSA,2,303028,74,2424.0
A-n54-k7,SSA,2,303028,75,2424.0
A-n54-k7,SSA,2,303028,76,2424.0
A-n54-k7,SSA,2,303028,77,2424.0
A-n54-k7,SSA,2,303028,78,2330.0
A-n54-k7,SSA,2,303028,79,2330.0
A-n54-k7,SSA,2,303028,80,2330.0
A-n54-k7,SSA,2,303028,81,2330.0
A-n54-k7,SSA,2,303028,82,2330.0
A-n54-k7,SSA,2,303028,83,2330.0
A-n54-k7,SSA,2,303028,84,2330.0
A-n54-k7,SSA,2,303028,85,2330.0
A-n54-k7,SSA,2,303028,86,2330.0
A-n54-k7,SSA,2,303028,87,2330.0
A-n54-k7,SSA,2,303028,88,2330.0
A-n54-k7,SSA,2,303028,89,2330.0
A-n54-k7,SSA,2,303028,90,2330.0
A-n54-k7,SSA,2,303028,91,2330.0
A-n54-k7,SSA,2,303028,92,2330.0
A-n54-k7,SSA,2,303028,93,2330.0
A-n54-k7,SSA,2,303028,94,2330.0
A-n54-k7,SSA,2,303028,95,2330.0
A-n54-k7,SSA,2,303028,96,2330.0
A-n54-k7,SSA,2,303028,97,2330.0
A-n54-k7,SSA,2,303028,98,2330.0
A-n54-k7,SSA,2,303028,99,2330.0
A-n54-k7,SSA,2,303028,100,2330.0
A-n54-k7,SSA,2,303028,101,2330.0
A-n54-k7,SSA,2,303028,102,2330.0
A-n54-k7,SSA,2,303028,103,2330.0
A-n54-k7,SSA,2,303028,104,2330.0
A-n54-k7,SSA,2,303028,105,2330.0
A-n54-k7,SSA,2,303028,106,2330.0
A-n54-k7,SSA,2,303028,107,2330.0
A-n54-k7,SSA,2,303028,108,2330.0
A-n54-k7,SSA,2,303028,109,2330.0
A-n54-k7,SSA,2,303028,110,2330.0
A-n54-k7,SSA,2,303028,111,2330.0
A-n54-k7,SSA,2,303028,112,2330.0
A-n54-k7,SSA,2,303028,113,2330.0
A-n54-k7,SSA,2,303028,114,2330.0
A-n54-k7,SSA,2,303028,115,2330.0
A-n54-k7,SSA,2,303028,116,2330.0
A-n54-k7,SSA,2,303028,117,2330.0
A-n54-k7,SSA,2,303028,118,2330.0
A-n54-k7,SSA,2,303028,119,2330.0
A-n54-k7,SSA,2,303028,120,2330.0
A-n54-k7,SSA,2,303028,121,2330.0
A-n54-k7,SSA,2,303028,122,2330.0
A-n54-k7,SSA,2,303028,123,2330.0
A-n54-k7,SSA,2,303028,124,2330.0
A-n54-k7,SSA,2,303028,125,2330.0
A-n54-k7,SSA,2,303028,126,2330.0
A-n54-k7,SSA,2,303028,127,2330.0
A-n54-k7,SSA,2,303028,128,2330.0
A-n54-k7,SSA,2,303028,129,2330.0
A-n54-k7,SSA,2,303028,130,2330.0
A-n54-k7,SSA,2,303028,131,2330.0
A-n54-k7,SSA,2,303028,132,2330.0
A-n54-k7,SSA,2,303028,133,2330.0
A-n54-k7,SSA,2,303028,134,2330.0
A-n54-k7,SSA,2,303028,135,2330.0
A-n54-k7,SSA,2,303028,136,2330.0
A-n54-k7,SSA,2,303028,137,2330.0
A-n54-k7,SSA,2,303028,138,2330.0
A-n54-k7,SSA,2,303028,139,2330.0
A-n54-k7,SSA,2,303028,140,2330.0
A-n54-k7,SSA,2,303028,141,2330.0
A-n54-k7,SSA,2,303028,142,2330.0
A-n54-k7,SSA,2,303028,143,2330.0
A-n54-k7,SSA,2,303028,144,2330.0
A-n54-k7,SSA,2,303028,145,2330.0
A-n54-k7,SSA,2,303028,146,2330.0
A-n54-k7,SSA,2,303028,147,2330.0
A-n54-k7,SSA,2,303028,148,2330.0
A-n54-k7,SSA,2,303028,149,2330.0
A-n54-k7,SSA,2,303028,150,2330.0
A-n54-k7,SSA,2,303028,151,2330.0
A-n54-k7,SSA,2,303028,152,2330.0
A-n54-k7,SSA,2,303028,153,2330.0
A-n54-k7,SSA,2,303028,154,2330.0
A-n54-k7,SSA,2,303028,155,2330.0
A-n54-k7,SSA,2,303028,156,2330.0
A-n54-k7,SSA,2,303028,157,2330.0
A-n54-k7,SSA,2,303028,158,2330.0
A-n54-k7,SSA,2,303028,159,2330.0
A-n54-k7,SSA,2,303028,160,2330.0
A-n54-k7,SSA,2,303028,161,2330.0
A-n54-k7,SSA,2,303028,162,2330.0
A-n54-k7,SSA,2,303028,163,2330.0
A-n54-k7,SSA,2,303028,164,2330.0
A-n54-k7,SSA,2,303028,165,2330.0
A-n54-k7,SSA,2,303028,166,2330.0
A-n54-k7,SSA,2,303028,167,2330.0
A-n54-k7,SSA,2,303028,168,2330.0
A-n54-k7,SSA,2,303028,169,2330.0
A-n54-k7,SSA,2,303028,170,2330.0
A-n54-k7,SSA,2,303028,171,2330.0
A-n54-k7,SSA,2,303028,172,2330.0
A-n54-k7,SSA,2,303028,173,2330.0
A-n54-k7,SSA,2,303028,174,2330.0
A-n54-k7,SSA,2,303028,175,2330.0
A-n54-k7,SSA,2,303028,176,2330.0
A-n54-k7,SSA,2,303028,177,2330.0
A-n54-k7,SSA,2,303028,178,2330.0
A-n54-k7,SSA,2,303028,179,2330.0
A-n54-k7,SSA,2,303028,180,2330.0
A-n54-k7,SSA,2,303028,181,2330.0
A-n54-k7,SSA,2,303028,182,2330.0
A-n54-k7,SSA,2,303028,183,2330.0
A-n54-k7,SSA,2,303028,184,2330.0
A-n54-k7,SSA,2,303028,185,2330.0
A-n54-k7,SSA,2,303028,186,2330.0
A-n54-k7,SSA,2,303028,187,2330.0
A-n54-k7,SSA,2,303028,188,2330.0
A-n54-k7,SSA,2,303028,189,2330.0
A-n54-k7,SSA,2,303028,190,2330.0
A-n54-k7,SSA,2,303028,191,2330.0
A-n54-k7,SSA,2,303028,192,2330.0
A-n54-k7,SSA,2,303028,193,2330.0
A-n54-k7,SSA,2,303028,194,2330.0
A-n54-k7,SSA,2,303028,195,2330.0
A-n54-k7,SSA,2,303028,196,2330.0
A-n54-k7,SSA,2,303028,197,2330.0
A-n54-k7,SSA,2,303028,198,2330.0
A-n54-k7,SSA,2,303028,199,2330.0
A-n54-k7,SSA,2,303028,200,2330.0
A-n54-k7,SSA,3,303029,1,2765.0
A-n54-k7,SSA,3,303029,2,2669.0
A-n54-k7,SSA,3,303029,3,2666.0
A-n54-k7,SSA,3,303029,4,2544.0
A-n54-k7,SSA,3,303029,5,2544.0
A-n54-k7,SSA,3,303029,6,2544.0
A-n54-k7,SSA,3,303029,7,2544.0
A-n54-k7,SSA,3,303029,8,2544.0
A-n54-k7,SSA,3,303029,9,2544.0
A-n54-k7,SSA,3,303029,10,2544.0
A-n54-k7,SSA,3,303029,11,2525.0
A-n54-k7,SSA,3,303029,12,2525.0
A-n54-k7,SSA,3,303029,13,2525.0
A-n54-k7,SSA,3,303029,14,2525.0
A-n54-k7,SSA,3,303029,15,2525.0
A-n54-k7,SSA,3,303029,16,2525.0
A-n54-k7,SSA,3,303029,17,2525.0
A-n54-k7,SSA,3,303029,18,2525.0
A-n54-k7,SSA,3,303029,19,2525.0
A-n54-k7,SSA,3,303029,20,2525.0
A-n54-k7,SSA,3,303029,21,2525.0
A-n54-k7,SSA,3,303029,22,2525.0
A-n54-k7,SSA,3,303029,23,2525.0
A-n54-k7,SSA,3,303029,24,2525.0
A-n54-k7,SSA,3,303029,25,2525.0
A-n54-k7,SSA,3,303029,26,2525.0
A-n54-k7,SSA,3,303029,27,2525.0
A-n54-k7,SSA,3,303029,28,2525.0
A-n54-k7,SSA,3,303029,29,2525.0
A-n54-k7,SSA,3,303029,30,2525.0
A-n54-k7,SSA,3,303029,31,2525.0
A-n54-k7,SSA,3,303029,32,2525.0
A-n54-k7,SSA,3,303029,33,2525.0
A-n54-k7,SSA,3,303029,34,2525.0
A-n54-k7,SSA,3,303029,35,2525.0
A-n54-k7,SSA,3,303029,36,2525.0
A-n54-k7,SSA,3,303029,37,2525.0
A-n54-k7,SSA,3,303029,38,2525.0
A-n54-k7,SSA,3,303029,39,2525.0
A-n54-k7,SSA,3,303029,40,2525.0
A-n54-k7,SSA,3,303029,41,2525.0
A-n54-k7,SSA,3,303029,42,2525.0
A-n54-k7,SSA,3,303029,43,2525.0
A-n54-k7,SSA,3,303029,44,2481.0
A-n54-k7,SSA,3,303029,45,2481.0
A-n54-k7,SSA,3,303029,46,2443.0
A-n54-k7,SSA,3,303029,47,2443.0
A-n54-k7,SSA,3,303029,48,2443.0
A-n54-k7,SSA,3,303029,49,2443.0
A-n54-k7,SSA,3,303029,50,2443.0
A-n54-k7,SSA,3,303029,51,2443.0
A-n54-k7,SSA,3,303029,52,2443.0
A-n54-k7,SSA,3,303029,53,2443.0
A-n54-k7,SSA,3,303029,54,2443.0
A-n54-k7,SSA,3,303029,55,2443.0
A-n54-k7,SSA,3,303029,56,2443.0
A-n54-k7,SSA,3,303029,57,2443.0
A-n54-k7,SSA,3,303029,58,2443.0
A-n54-k7,SSA,3,303029,59,2443.0
A-n54-k7,SSA,3,303029,60,2443.0
A-n54-k7,SSA,3,303029,61,2443.0
A-n54-k7,SSA,3,303029,62,2443.0
A-n54-k7,SSA,3,303029,63,2443.0
A-n54-k7,SSA,3,303029,64,2443.0
A-n54-k7,SSA,3,303029,65,2443.0
A-n54-k7,SSA,3,303029,66,2443.0
A-n54-k7,SSA,3,303029,67,2443.0
A-n54-k7,SSA,3,303029,68,2443.0
A-n54-k7,SSA,3,303029,69,2443.0
A-n54-k7,SSA,3,303029,70,2339.0
A-n54-k7,SSA,3,303029,71,2339.0
A-n54-k7,SSA,3,303029,72,2339.0
A-n54-k7,SSA,3,303029,73,2339.0
A-n54-k7,SSA,3,303029,74,2339.0
A-n54-k7,SSA,3,303029,75,2339.0
A-n54-k7,SSA,3,303029,76,2339.0
A-n54-k7,SSA,3,303029,77,2339.0
A-n54-k7,SSA,3,303029,78,2339.0
A-n54-k7,SSA,3,303029,79,2339.0
A-n54-k7,SSA,3,303029,80,2339.0
A-n54-k7,SSA,3,303029,81,2339.0
A-n54-k7,SSA,3,303029,82,2339.0
A-n54-k7,SSA,3,303029,83,2339.0
A-n54-k7,SSA,3,303029,84,2339.0
A-n54-k7,SSA,3,303029,85,2339.0
A-n54-k7,SSA,3,303029,86,2339.0
A-n54-k7,SSA,3,303029,87,2339.0
A-n54-k7,SSA,3,303029,88,2339.0
A-n54-k7,SSA,3,303029,89,2339.0
A-n54-k7,SSA,3,303029,90,2339.0
A-n54-k7,SSA,3,303029,91,2339.0
A-n54-k7,SSA,3,303029,92,2339.0
A-n54-k7,SSA,3,303029,93,2339.0
A-n54-k7,SSA,3,303029,94,2339.0
A-n54-k7,SSA,3,303029,95,2285.0
A-n54-k7,SSA,3,303029,96,2285.0
A-n54-k7,SSA,3,303029,97,2285.0
A-n54-k7,SSA,3,303029,98,2285.0
A-n54-k7,SSA,3,303029,99,2285.0
A-n54-k7,SSA,3,303029,100,2285.0
A-n54-k7,SSA,3,303029,101,2285.0
A-n54-k7,SSA,3,303029,102,2285.0
A-n54-k7,SSA,3,303029,103,2285.0
A-n54-k7,SSA,3,303029,104,2285.0
A-n54-k7,SSA,3,303029,105,2285.0
A-n54-k7,SSA,3,303029,106,2285.0
A-n54-k7,SSA,3,303029,107,2285.0
A-n54-k7,SSA,3,303029,108,2285.0
A-n54-k7,SSA,3,303029,109,2285.0
A-n54-k7,SSA,3,303029,110,2285.0
A-n54-k7,SSA,3,303029,111,2285.0
A-n54-k7,SSA,3,303029,112,2285.0
A-n54-k7,SSA,3,303029,113,2285.0
A-n54-k7,SSA,3,303029,114,2285.0
A-n54-k7,SSA,3,303029,115,2285.0
A-n54-k7,SSA,3,303029,116,2285.0
A-n54-k7,SSA,3,303029,117,2285.0
A-n54-k7,SSA,3,303029,118,2285.0
A-n54-k7,SSA,3,303029,119,2285.0
A-n54-k7,SSA,3,303029,120,2285.0
A-n54-k7,SSA,3,303029,121,2285.0
A-n54-k7,SSA,3,303029,122,2285.0
A-n54-k7,SSA,3,303029,123,2285.0
A-n54-k7,SSA,3,303029,124,2285.0
A-n54-k7,SSA,3,303029,125,2285.0
A-n54-k7,SSA,3,303029,126,2285.0
A-n54-k7,SSA,3,303029,127,2285.0
A-n54-k7,SSA,3,303029,128,2285.0
A-n54-k7,SSA,3,303029,129,2285.0
A-n54-k7,SSA,3,303029,130,2285.0
A-n54-k7,SSA,3,303029,131,2285.0
A-n54-k7,SSA,3,303029,132,2285.0
A-n54-k7,SSA,3,303029,133,2285.0
A-n54-k7,SSA,3,303029,134,2285.0
A-n54-k7,SSA,3,303029,135,2285.0
A-n54-k7,SSA,3,303029,136,2285.0
A-n54-k7,SSA,3,303029,137,2285.0
A-n54-k7,SSA,3,303029,138,2285.0
A-n54-k7,SSA,3,303029,139,2257.0
A-n54-k7,SSA,3,303029,140,2257.0
A-n54-k7,SSA,3,303029,141,2257.0
A-n54-k7,SSA,3,303029,142,2257.0
A-n54-k7,SSA,3,303029,143,2257.0
A-n54-k7,SSA,3,303029,144,2257.0
A-n54-k7,SSA,3,303029,145,2257.0
A-n54-k7,SSA,3,303029,146,2257.0
A-n54-k7,SSA,3,303029,147,2257.0
A-n54-k7,SSA,3,303029,148,2257.0
A-n54-k7,SSA,3,303029,149,2257.0
A-n54-k7,SSA,3,303029,150,2257.0
A-n54-k7,SSA,3,303029,151,2257.0
A-n54-k7,SSA,3,303029,152,2257.0
A-n54-k7,SSA,3,303029,153,2257.0
A-n54-k7,SSA,3,303029,154,2257.0
A-n54-k7,SSA,3,303029,155,2257.0
A-n54-k7,SSA,3,303029,156,2257.0
A-n54-k7,SSA,3,303029,157,2257.0
A-n54-k7,SSA,3,303029,158,2257.0
A-n54-k7,SSA,3,303029,159,2257.0
A-n54-k7,SSA,3,303029,160,2257.0
A-n54-k7,SSA,3,303029,161,2257.0
A-n54-k7,SSA,3,303029,162,2257.0
A-n54-k7,SSA,3,303029,163,2257.0
A-n54-k7,SSA,3,303029,164,2257.0
A-n54-k7,SSA,3,303029,165,2257.0
A-n54-k7,SSA,3,303029,166,2257.0
A-n54-k7,SSA,3,303029,167,2257.0
A-n54-k7,SSA,3,303029,168,2257.0
A-n54-k7,SSA,3,303029,169,2257.0
A-n54-k7,SSA,3,303029,170,2257.0
A-n54-k7,SSA,3,303029,171,2257.0
A-n54-k7,SSA,3,303029,172,2257.0
A-n54-k7,SSA,3,303029,173,2257.0
A-n54-k7,SSA,3,303029,174,2257.0
A-n54-k7,SSA,3,303029,175,2257.0
A-n54-k7,SSA,3,303029,176,2257.0
A-n54-k7,SSA,3,303029,177,2257.0
A-n54-k7,SSA,3,303029,178,2257.0
A-n54-k7,SSA,3,303029,179,2257.0
A-n54-k7,SSA,3,303029,180,2257.0
A-n54-k7,SSA,3,303029,181,2257.0
A-n54-k7,SSA,3,303029,182,2257.0
A-n54-k7,SSA,3,303029,183,2257.0
A-n54-k7,SSA,3,303029,184,2257.0
A-n54-k7,SSA,3,303029,185,2257.0
A-n54-k7,SSA,3,303029,186,2257.0
A-n54-k7,SSA,3,303029,187,2257.0
A-n54-k7,SSA,3,303029,188,2257.0
A-n54-k7,SSA,3,303029,189,2257.0
A-n54-k7,SSA,3,303029,190,2257.0
A-n54-k7,SSA,3,303029,191,2257.0
A-n54-k7,SSA,3,303029,192,2257.0
A-n54-k7,SSA,3,303029,193,2257.0
A-n54-k7,SSA,3,303029,194,2257.0
A-n54-k7,SSA,3,303029,195,2257.0
A-n54-k7,SSA,3,303029,196,2257.0
A-n54-k7,SSA,3,303029,197,2257.0
A-n54-k7,SSA,3,303029,198,2257.0
A-n54-k7,SSA,3,303029,199,2257.0
A-n54-k7,SSA,3,303029,200,2257.0
A-n54-k7,M-WOA,1,304027,1,1789.0
A-n54-k7,M-WOA,1,304027,2,1729.0
A-n54-k7,M-WOA,1,304027,3,1674.0
A-n54-k7,M-WOA,1,304027,4,1631.0
A-n54-k7,M-WOA,1,304027,5,1611.0
A-n54-k7,M-WOA,1,304027,6,1547.0
A-n54-k7,M-WOA,1,304027,7,1544.0
A-n54-k7,M-WOA,1,304027,8,1507.0
A-n54-k7,M-WOA,1,304027,9,1489.0
A-n54-k7,M-WOA,1,304027,10,1471.0
A-n54-k7,M-WOA,1,304027,11,1426.0
A-n54-k7,M-WOA,1,304027,12,1419.0
A-n54-k7,M-WOA,1,304027,13,1419.0
A-n54-k7,M-WOA,1,304027,14,1419.0
A-n54-k7,M-WOA,1,304027,15,1404.0
A-n54-k7,M-WOA,1,304027,16,1404.0
A-n54-k7,M-WOA,1,304027,17,1404.0
A-n54-k7,M-WOA,1,304027,18,1404.0
A-n54-k7,M-WOA,1,304027,19,1404.0
A-n54-k7,M-WOA,1,304027,20,1404.0
A-n54-k7,M-WOA,1,304027,21,1404.0
A-n54-k7,M-WOA,1,304027,22,1404.0
A-n54-k7,M-WOA,1,304027,23,1404.0
A-n54-k7,M-WOA,1,304027,24,1404.0
A-n54-k7,M-WOA,1,304027,25,1404.0
A-n54-k7,M-WOA,1,304027,26,1404.0
A-n54-k7,M-WOA,1,304027,27,1404.0
A-n54-k7,M-WOA,1,304027,28,1404.0
A-n54-k7,M-WOA,1,304027,29,1393.0
A-n54-k7,M-WOA,1,304027,30,1393.0
A-n54-k7,M-WOA,1,304027,31,1393.0
A-n54-k7,M-WOA,1,304027,32,1393.0
A-n54-k7,M-WOA,1,304027,33,1393.0
A-n54-k7,M-WOA,1,304027,34,1393.0
A-n54-k7,M-WOA,1,304027,35,1393.0
A-n54-k7,M-WOA,1,304027,36,1393.0
A-n54-k7,M-WOA,1,304027,37,1393.0
A-n54-k7,M-WOA,1,304027,38,1393.0
A-n54-k7,M-WOA,1,304027,39,1393.0
A-n54-k7,M-WOA,1,304027,40,1393.0
A-n54-k7,M-WOA,1,304027,41,1393.0
A-n54-k7,M-WOA,1,304027,42,1393.0
A-n54-k7,M-WOA,1,304027,43,1393.0
A-n54-k7,M-WOA,1,304027,44,1393.0
A-n54-k7,M-WOA,1,304027,45,1393.0
A-n54-k7,M-WOA,1,304027,46,1393.0
A-n54-k7,M-WOA,1,304027,47,1393.0
A-n54-k7,M-WOA,1,304027,48,1393.0
A-n54-k7,M-WOA,1,304027,49,1393.0
A-n54-k7,M-WOA,1,304027,50,1393.0
A-n54-k7,M-WOA,1,304027,51,1393.0
A-n54-k7,M-WOA,1,304027,52,1393.0
A-n54-k7,M-WOA,1,304027,53,1393.0
A-n54-k7,M-WOA,1,304027,54,1393.0
A-n54-k7,M-WOA,1,304027,55,1393.0
A-n54-k7,M-WOA,1,304027,56,1391.0
A-n54-k7,M-WOA,1,304027,57,1391.0
A-n54-k7,M-WOA,1,304027,58,1391.0
A-n54-k7,M-WOA,1,304027,59,1391.0
A-n54-k7,M-WOA,1,304027,60,1391.0
A-n54-k7,M-WOA,1,304027,61,1391.0
A-n54-k7,M-WOA,1,304027,62,1391.0
A-n54-k7,M-WOA,1,304027,63,1391.0
A-n54-k7,M-WOA,1,304027,64,1391.0
A-n54-k7,M-WOA,1,304027,65,1391.0
A-n54-k7,M-WOA,1,304027,66,1391.0
A-n54-k7,M-WOA,1,304027,67,1391.0
A-n54-k7,M-WOA,1,304027,68,1391.0
A-n54-k7,M-WOA,1,304027,69,1391.0
A-n54-k7,M-WOA,1,304027,70,1391.0
A-n54-k7,M-WOA,1,304027,71,1384.0
A-n54-k7,M-WOA,1,304027,72,1384.0
A-n54-k7,M-WOA,1,304027,73,1384.0
A-n54-k7,M-WOA,1,304027,74,1384.0
A-n54-k7,M-WOA,1,304027,75,1384.0
A-n54-k7,M-WOA,1,304027,76,1384.0
A-n54-k7,M-WOA,1,304027,77,1384.0
A-n54-k7,M-WOA,1,304027,78,1384.0
A-n54-k7,M-WOA,1,304027,79,1384.0
A-n54-k7,M-WOA,1,304027,80,1384.0
A-n54-k7,M-WOA,1,304027,81,1384.0
A-n54-k7,M-WOA,1,304027,82,1384.0
A-n54-k7,M-WOA,1,304027,83,1384.0
A-n54-k7,M-WOA,1,304027,84,1384.0
A-n54-k7,M-WOA,1,304027,85,1384.0
A-n54-k7,M-WOA,1,304027,86,1384.0
A-n54-k7,M-WOA,1,304027,87,1384.0
A-n54-k7,M-WOA,1,304027,88,1384.0
A-n54-k7,M-WOA,1,304027,89,1384.0
A-n54-k7,M-WOA,1,304027,90,1384.0
A-n54-k7,M-WOA,1,304027,91,1384.0
A-n54-k7,M-WOA,1,304027,92,1384.0
A-n54-k7,M-WOA,1,304027,93,1384.0
A-n54-k7,M-WOA,1,304027,94,1384.0
A-n54-k7,M-WOA,1,304027,95,1384.0
A-n54-k7,M-WOA,1,304027,96,1384.0
A-n54-k7,M-WOA,1,304027,97,1384.0
A-n54-k7,M-WOA,1,304027,98,1384.0
A-n54-k7,M-WOA,1,304027,99,1384.0
A-n54-k7,M-WOA,1,304027,100,1384.0
A-n54-k7,M-WOA,1,304027,101,1384.0
A-n54-k7,M-WOA,1,304027,102,1384.0
A-n54-k7,M-WOA,1,304027,103,1384.0
A-n54-k7,M-WOA,1,304027,104,1384.0
A-n54-k7,M-WOA,1,304027,105,1384.0
A-n54-k7,M-WOA,1,304027,106,1384.0
A-n54-k7,M-WOA,1,304027,107,1384.0
A-n54-k7,M-WOA,1,304027,108,1384.0
A-n54-k7,M-WOA,1,304027,109,1384.0
A-n54-k7,M-WOA,1,304027,110,1384.0
A-n54-k7,M-WOA,1,304027,111,1384.0
A-n54-k7,M-WOA,1,304027,112,1384.0
A-n54-k7,M-WOA,1,304027,113,1384.0
A-n54-k7,M-WOA,1,304027,114,1384.0
A-n54-k7,M-WOA,1,304027,115,1384.0
A-n54-k7,M-WOA,1,304027,116,1384.0
A-n54-k7,M-WOA,1,304027,117,1384.0
A-n54-k7,M-WOA,1,304027,118,1384.0
A-n54-k7,M-WOA,1,304027,119,1384.0
A-n54-k7,M-WOA,1,304027,120,1384.0
A-n54-k7,M-WOA,1,304027,121,1384.0
A-n54-k7,M-WOA,1,304027,122,1384.0
A-n54-k7,M-WOA,1,304027,123,1384.0
A-n54-k7,M-WOA,1,304027,124,1384.0
A-n54-k7,M-WOA,1,304027,125,1384.0
A-n54-k7,M-WOA,1,304027,126,1384.0
A-n54-k7,M-WOA,1,304027,127,1384.0
A-n54-k7,M-WOA,1,304027,128,1384.0
A-n54-k7,M-WOA,1,304027,129,1384.0
A-n54-k7,M-WOA,1,304027,130,1384.0
A-n54-k7,M-WOA,1,304027,131,1384.0
A-n54-k7,M-WOA,1,304027,132,1384.0
A-n54-k7,M-WOA,1,304027,133,1384.0
A-n54-k7,M-WOA,1,304027,134,1384.0
A-n54-k7,M-WOA,1,304027,135,1384.0
A-n54-k7,M-WOA,1,304027,136,1384.0
A-n54-k7,M-WOA,1,304027,137,1384.0
A-n54-k7,M-WOA,1,304027,138,1384.0
A-n54-k7,M-WOA,1,304027,139,1384.0
A-n54-k7,M-WOA,1,304027,140,1384.0
A-n54-k7,M-WOA,1,304027,141,1384.0
A-n54-k7,M-WOA,1,304027,142,1384.0
A-n54-k7,M-WOA,1,304027,143,1384.0
A-n54-k7,M-WOA,1,304027,144,1384.0
A-n54-k7,M-WOA,1,304027,145,1384.0
A-n54-k7,M-WOA,1,304027,146,1384.0
A-n54-k7,M-WOA,1,304027,147,1384.0
A-n54-k7,M-WOA,1,304027,148,1384.0
A-n54-k7,M-WOA,1,304027,149,1384.0
A-n54-k7,M-WOA,1,304027,150,1384.0
A-n54-k7,M-WOA,1,304027,151,1384.0
A-n54-k7,M-WOA,1,304027,152,1384.0
A-n54-k7,M-WOA,1,304027,153,1384.0
A-n54-k7,M-WOA,1,304027,154,1384.0
A-n54-k7,M-WOA,1,304027,155,1384.0
A-n54-k7,M-WOA,1,304027,156,1384.0
A-n54-k7,M-WOA,1,304027,157,1384.0
A-n54-k7,M-WOA,1,304027,158,1384.0
A-n54-k7,M-WOA,1,304027,159,1384.0
A-n54-k7,M-WOA,1,304027,160,1384.0
A-n54-k7,M-WOA,1,304027,161,1384.0
A-n54-k7,M-WOA,1,304027,162,1384.0
A-n54-k7,M-WOA,1,304027,163,1384.0
A-n54-k7,M-WOA,1,304027,164,1384.0
A-n54-k7,M-WOA,1,304027,165,1384.0
A-n54-k7,M-WOA,1,304027,166,1384.0
A-n54-k7,M-WOA,1,304027,167,1384.0
A-n54-k7,M-WOA,1,304027,168,1384.0
A-n54-k7,M-WOA,1,304027,169,1384.0
A-n54-k7,M-WOA,1,304027,170,1384.0
A-n54-k7,M-WOA,1,304027,171,1384.0
A-n54-k7,M-WOA,1,304027,172,1384.0
A-n54-k7,M-WOA,1,304027,173,1384.0
A-n54-k7,M-WOA,1,304027,174,1384.0
A-n54-k7,M-WOA,1,304027,175,1384.0
A-n54-k7,M-WOA,1,304027,176,1384.0
A-n54-k7,M-WOA,1,304027,177,1384.0
A-n54-k7,M-WOA,1,304027,178,1384.0
A-n54-k7,M-WOA,1,304027,179,1384.0
A-n54-k7,M-WOA,1,304027,180,1384.0
A-n54-k7,M-WOA,1,304027,181,1384.0
A-n54-k7,M-WOA,1,304027,182,1384.0
A-n54-k7,M-WOA,1,304027,183,1384.0
A-n54-k7,M-WOA,1,304027,184,1384.0
A-n54-k7,M-WOA,1,304027,185,1384.0
A-n54-k7,M-WOA,1,304027,186,1384.0
A-n54-k7,M-WOA,1,304027,187,1384.0
A-n54-k7,M-WOA,1,304027,188,1384.0
A-n54-k7,M-WOA,1,304027,189,1384.0
A-n54-k7,M-WOA,1,304027,190,1384.0
A-n54-k7,M-WOA,1,304027,191,1384.0
A-n54-k7,M-WOA,1,304027,192,1384.0
A-n54-k7,M-WOA,1,304027,193,1384.0
A-n54-k7,M-WOA,1,304027,194,1384.0
A-n54-k7,M-WOA,1,304027,195,1384.0
A-n54-k7,M-WOA,1,304027,196,1384.0
A-n54-k7,M-WOA,1,304027,197,1384.0
A-n54-k7,M-WOA,1,304027,198,1384.0
A-n54-k7,M-WOA,1,304027,199,1384.0
A-n54-k7,M-WOA,1,304027,200,1384.0
A-n54-k7,M-WOA,2,304028,1,1779.0
A-n54-k7,M-WOA,2,304028,2,1705.0
A-n54-k7,M-WOA,2,304028,3,1705.0
A-n54-k7,M-WOA,2,304028,4,1705.0
A-n54-k7,M-WOA,2,304028,5,1705.0
A-n54-k7,M-WOA,2,304028,6,1705.0
A-n54-k7,M-WOA,2,304028,7,1687.0
A-n54-k7,M-WOA,2,304028,8,1622.0
A-n54-k7,M-WOA,2,304028,9,1577.0
A-n54-k7,M-WOA,2,304028,10,1563.0
A-n54-k7,M-WOA,2,304028,11,1498.0
A-n54-k7,M-WOA,2,304028,12,1452.0
A-n54-k7,M-WOA,2,304028,13,1439.0
A-n54-k7,M-WOA,2,304028,14,1439.0
A-n54-k7,M-WOA,2,304028,15,1417.0
A-n54-k7,M-WOA,2,304028,16,1417.0
A-n54-k7,M-WOA,2,304028,17,1409.0
A-n54-k7,M-WOA,2,304028,18,1409.0
A-n54-k7,M-WOA,2,304028,19,1409.0
A-n54-k7,M-WOA,2,304028,20,1409.0
A-n54-k7,M-WOA,2,304028,21,1409.0
A-n54-k7,M-WOA,2,304028,22,1409.0
A-n54-k7,M-WOA,2,304028,23,1409.0
A-n54-k7,M-WOA,2,304028,24,1409.0
A-n54-k7,M-WOA,2,304028,25,1409.0
A-n54-k7,M-WOA,2,304028,26,1409.0
A-n54-k7,M-WOA,2,304028,27,1409.0
A-n54-k7,M-WOA,2,304028,28,1409.0
A-n54-k7,M-WOA,2,304028,29,1409.0
A-n54-k7,M-WOA,2,304028,30,1409.0
A-n54-k7,M-WOA,2,304028,31,1409.0
A-n54-k7,M-WOA,2,304028,32,1409.0
A-n54-k7,M-WOA,2,304028,33,1409.0
A-n54-k7,M-WOA,2,304028,34,1409.0
A-n54-k7,M-WOA,2,304028,35,1409.0
A-n54-k7,M-WOA,2,304028,36,1409.0
A-n54-k7,M-WOA,2,304028,37,1409.0
A-n54-k7,M-WOA,2,304028,38,1409.0
A-n54-k7,M-WOA,2,304028,39,1409.0
A-n54-k7,M-WOA,2,304028,40,1409.0
A-n54-k7,M-WOA,2,304028,41,1409.0
A-n54-k7,M-WOA,2,304028,42,1409.0
A-n54-k7,M-WOA,2,304028,43,1409.0
A-n54-k7,M-WOA,2,304028,44,1409.0
A-n54-k7,M-WOA,2,304028,45,1409.0
A-n54-k7,M-WOA,2,304028,46,1409.0
A-n54-k7,M-WOA,2,304028,47,1409.0
A-n54-k7,M-WOA,2,304028,48,1409.0
A-n54-k7,M-WOA,2,304028,49,1409.0
A-n54-k7,M-WOA,2,304028,50,1409.0
A-n54-k7,M-WOA,2,304028,51,1409.0
A-n54-k7,M-WOA,2,304028,52,1409.0
A-n54-k7,M-WOA,2,304028,53,1409.0
A-n54-k7,M-WOA,2,304028,54,1409.0
A-n54-k7,M-WOA,2,304028,55,1409.0
A-n54-k7,M-WOA,2,304028,56,1409.0
A-n54-k7,M-WOA,2,304028,57,1409.0
A-n54-k7,M-WOA,2,304028,58,1409.0
A-n54-k7,M-WOA,2,304028,59,1409.0
A-n54-k7,M-WOA,2,304028,60,1409.0
A-n54-k7,M-WOA,2,304028,61,1409.0
A-n54-k7,M-WOA,2,304028,62,1409.0
A-n54-k7,M-WOA,2,304028,63,1409.0
A-n54-k7,M-WOA,2,304028,64,1409.0
A-n54-k7,M-WOA,2,304028,65,1409.0
A-n54-k7,M-WOA,2,304028,66,1409.0
A-n54-k7,M-WOA,2,304028,67,1409.0
A-n54-k7,M-WOA,2,304028,68,1409.0
A-n54-k7,M-WOA,2,304028,69,1409.0
A-n54-k7,M-WOA,2,304028,70,1409.0
A-n54-k7,M-WOA,2,304028,71,1409.0
A-n54-k7,M-WOA,2,304028,72,1409.0
A-n54-k7,M-WOA,2,304028,73,1409.0
A-n54-k7,M-WOA,2,304028,74,1409.0
A-n54-k7,M-WOA,2,304028,75,1409.0
A-n54-k7,M-WOA,2,304028,76,1409.0
A-n54-k7,M-WOA,2,304028,77,1409.0
A-n54-k7,M-WOA,2,304028,78,1409.0
A-n54-k7,M-WOA,2,304028,79,1409.0
A-n54-k7,M-WOA,2,304028,80,1409.0
A-n54-k7,M-WOA,2,304028,81,1409.0
A-n54-k7,M-WOA,2,304028,82,1409.0
A-n54-k7,M-WOA,2,304028,83,1409.0
A-n54-k7,M-WOA,2,304028,84,1409.0
A-n54-k7,M-WOA,2,304028,85,1409.0
A-n54-k7,M-WOA,2,304028,86,1409.0
A-n54-k7,M-WOA,2,304028,87,1409.0
A-n54-k7,M-WOA,2,304028,88,1409.0
A-n54-k7,M-WOA,2,304028,89,1409.0
A-n54-k7,M-WOA,2,304028,90,1377.0
A-n54-k7,M-WOA,2,304028,91,1377.0
A-n54-k7,M-WOA,2,304028,92,1377.0
A-n54-k7,M-WOA,2,304028,93,1377.0
A-n54-k7,M-WOA,2,304028,94,1377.0
A-n54-k7,M-WOA,2,304028,95,1377.0
A-n54-k7,M-WOA,2,304028,96,1377.0
A-n54-k7,M-WOA,2,304028,97,1377.0
A-n54-k7,M-WOA,2,304028,98,1377.0
A-n54-k7,M-WOA,2,304028,99,1372.0
A-n54-k7,M-WOA,2,304028,100,1372.0
A-n54-k7,M-WOA,2,304028,101,1372.0
A-n54-k7,M-WOA,2,304028,102,1372.0
A-n54-k7,M-WOA,2,304028,103,1372.0
A-n54-k7,M-WOA,2,304028,104,1372.0
A-n54-k7,M-WOA,2,304028,105,1372.0
A-n54-k7,M-WOA,2,304028,106,1372.0
A-n54-k7,M-WOA,2,304028,107,1372.0
A-n54-k7,M-WOA,2,304028,108,1372.0
A-n54-k7,M-WOA,2,304028,109,1372.0
A-n54-k7,M-WOA,2,304028,110,1372.0
A-n54-k7,M-WOA,2,304028,111,1372.0
A-n54-k7,M-WOA,2,304028,112,1372.0
A-n54-k7,M-WOA,2,304028,113,1372.0
A-n54-k7,M-WOA,2,304028,114,1372.0
A-n54-k7,M-WOA,2,304028,115,1372.0
A-n54-k7,M-WOA,2,304028,116,1372.0
A-n54-k7,M-WOA,2,304028,117,1372.0
A-n54-k7,M-WOA,2,304028,118,1372.0
A-n54-k7,M-WOA,2,304028,119,1372.0
A-n54-k7,M-WOA,2,304028,120,1372.0
A-n54-k7,M-WOA,2,304028,121,1372.0
A-n54-k7,M-WOA,2,304028,122,1372.0
A-n54-k7,M-WOA,2,304028,123,1372.0
A-n54-k7,M-WOA,2,304028,124,1372.0
A-n54-k7,M-WOA,2,304028,125,1372.0
A-n54-k7,M-WOA,2,304028,126,1372.0
A-n54-k7,M-WOA,2,304028,127,1372.0
A-n54-k7,M-WOA,2,304028,128,1372.0
A-n54-k7,M-WOA,2,304028,129,1372.0
A-n54-k7,M-WOA,2,304028,130,1372.0
A-n54-k7,M-WOA,2,304028,131,1372.0
A-n54-k7,M-WOA,2,304028,132,1366.0
A-n54-k7,M-WOA,2,304028,133,1366.0
A-n54-k7,M-WOA,2,304028,134,1366.0
A-n54-k7,M-WOA,2,304028,135,1356.0
A-n54-k7,M-WOA,2,304028,136,1355.0
A-n54-k7,M-WOA,2,304028,137,1355.0
A-n54-k7,M-WOA,2,304028,138,1355.0
A-n54-k7,M-WOA,2,304028,139,1355.0
A-n54-k7,M-WOA,2,304028,140,1355.0
A-n54-k7,M-WOA,2,304028,141,1355.0
A-n54-k7,M-WOA,2,304028,142,1355.0
A-n54-k7,M-WOA,2,304028,143,1353.0
A-n54-k7,M-WOA,2,304028,144,1353.0
A-n54-k7,M-WOA,2,304028,145,1353.0
A-n54-k7,M-WOA,2,304028,146,1353.0
A-n54-k7,M-WOA,2,304028,147,1353.0
A-n54-k7,M-WOA,2,304028,148,1353.0
A-n54-k7,M-WOA,2,304028,149,1353.0
A-n54-k7,M-WOA,2,304028,150,1353.0
A-n54-k7,M-WOA,2,304028,151,1353.0
A-n54-k7,M-WOA,2,304028,152,1353.0
A-n54-k7,M-WOA,2,304028,153,1353.0
A-n54-k7,M-WOA,2,304028,154,1353.0
A-n54-k7,M-WOA,2,304028,155,1353.0
A-n54-k7,M-WOA,2,304028,156,1350.0
A-n54-k7,M-WOA,2,304028,157,1350.0
A-n54-k7,M-WOA,2,304028,158,1350.0
A-n54-k7,M-WOA,2,304028,159,1350.0
A-n54-k7,M-WOA,2,304028,160,1350.0
A-n54-k7,M-WOA,2,304028,161,1350.0
A-n54-k7,M-WOA,2,304028,162,1350.0
A-n54-k7,M-WOA,2,304028,163,1350.0
A-n54-k7,M-WOA,2,304028,164,1350.0
A-n54-k7,M-WOA,2,304028,165,1350.0
A-n54-k7,M-WOA,2,304028,166,1350.0
A-n54-k7,M-WOA,2,304028,167,1350.0
A-n54-k7,M-WOA,2,304028,168,1350.0
A-n54-k7,M-WOA,2,304028,169,1350.0
A-n54-k7,M-WOA,2,304028,170,1332.0
A-n54-k7,M-WOA,2,304028,171,1332.0
A-n54-k7,M-WOA,2,304028,172,1332.0
A-n54-k7,M-WOA,2,304028,173,1332.0
A-n54-k7,M-WOA,2,304028,174,1332.0
A-n54-k7,M-WOA,2,304028,175,1332.0
A-n54-k7,M-WOA,2,304028,176,1332.0
A-n54-k7,M-WOA,2,304028,177,1332.0
A-n54-k7,M-WOA,2,304028,178,1332.0
A-n54-k7,M-WOA,2,304028,179,1332.0
A-n54-k7,M-WOA,2,304028,180,1332.0
A-n54-k7,M-WOA,2,304028,181,1332.0
A-n54-k7,M-WOA,2,304028,182,1332.0
A-n54-k7,M-WOA,2,304028,183,1332.0
A-n54-k7,M-WOA,2,304028,184,1332.0
A-n54-k7,M-WOA,2,304028,185,1332.0
A-n54-k7,M-WOA,2,304028,186,1332.0
A-n54-k7,M-WOA,2,304028,187,1332.0
A-n54-k7,M-WOA,2,304028,188,1332.0
A-n54-k7,M-WOA,2,304028,189,1332.0
A-n54-k7,M-WOA,2,304028,190,1332.0
A-n54-k7,M-WOA,2,304028,191,1332.0
A-n54-k7,M-WOA,2,304028,192,1332.0
A-n54-k7,M-WOA,2,304028,193,1332.0
A-n54-k7,M-WOA,2,304028,194,1332.0
A-n54-k7,M-WOA,2,304028,195,1332.0
A-n54-k7,M-WOA,2,304028,196,1332.0
A-n54-k7,M-WOA,2,304028,197,1332.0
A-n54-k7,M-WOA,2,304028,198,1332.0
A-n54-k7,M-WOA,2,304028,199,1332.0
A-n54-k7,M-WOA,2,304028,200,1332.0
A-n54-k7,M-WOA,3,304029,1,1791.0
A-n54-k7,M-WOA,3,304029,2,1706.0
A-n54-k7,M-WOA,3,304029,3,1646.0
A-n54-k7,M-WOA,3,304029,4,1587.0
A-n54-k7,M-WOA,3,304029,5,1562.0
A-n54-k7,M-WOA,3,304029,6,1506.0
A-n54-k7,M-WOA,3,304029,7,1506.0
A-n54-k7,M-WOA,3,304029,8,1483.0
A-n54-k7,M-WOA,3,304029,9,1472.0
A-n54-k7,M-WOA,3,304029,10,1443.0
A-n54-k7,M-WOA,3,304029,11,1440.0
A-n54-k7,M-WOA,3,304029,12,1432.0
A-n54-k7,M-WOA,3,304029,13,1432.0
A-n54-k7,M-WOA,3,304029,14,1432.0
A-n54-k7,M-WOA,3,304029,15,1432.0
A-n54-k7,M-WOA,3,304029,16,1432.0
A-n54-k7,M-WOA,3,304029,17,1430.0
A-n54-k7,M-WOA,3,304029,18,1401.0
A-n54-k7,M-WOA,3,304029,19,1387.0
A-n54-k7,M-WOA,3,304029,20,1363.0
A-n54-k7,M-WOA,3,304029,21,1342.0
A-n54-k7,M-WOA,3,304029,22,1340.0
A-n54-k7,M-WOA,3,304029,23,1340.0
A-n54-k7,M-WOA,3,304029,24,1340.0
A-n54-k7,M-WOA,3,304029,25,1340.0
A-n54-k7,M-WOA,3,304029,26,1340.0
A-n54-k7,M-WOA,3,304029,27,1340.0
A-n54-k7,M-WOA,3,304029,28,1331.0
A-n54-k7,M-WOA,3,304029,29,1295.0
A-n54-k7,M-WOA,3,304029,30,1295.0
A-n54-k7,M-WOA,3,304029,31,1295.0
A-n54-k7,M-WOA,3,304029,32,1295.0
A-n54-k7,M-WOA,3,304029,33,1295.0
A-n54-k7,M-WOA,3,304029,34,1295.0
A-n54-k7,M-WOA,3,304029,35,1295.0
A-n54-k7,M-WOA,3,304029,36,1295.0
A-n54-k7,M-WOA,3,304029,37,1295.0
A-n54-k7,M-WOA,3,304029,38,1295.0
A-n54-k7,M-WOA,3,304029,39,1295.0
A-n54-k7,M-WOA,3,304029,40,1295.0
A-n54-k7,M-WOA,3,304029,41,1295.0
A-n54-k7,M-WOA,3,304029,42,1295.0
A-n54-k7,M-WOA,3,304029,43,1295.0
A-n54-k7,M-WOA,3,304029,44,1295.0
A-n54-k7,M-WOA,3,304029,45,1295.0
A-n54-k7,M-WOA,3,304029,46,1295.0
A-n54-k7,M-WOA,3,304029,47,1295.0
A-n54-k7,M-WOA,3,304029,48,1295.0
A-n54-k7,M-WOA,3,304029,49,1295.0
A-n54-k7,M-WOA,3,304029,50,1295.0
A-n54-k7,M-WOA,3,304029,51,1295.0
A-n54-k7,M-WOA,3,304029,52,1295.0
A-n54-k7,M-WOA,3,304029,53,1295.0
A-n54-k7,M-WOA,3,304029,54,1295.0
A-n54-k7,M-WOA,3,304029,55,1295.0
A-n54-k7,M-WOA,3,304029,56,1295.0
A-n54-k7,M-WOA,3,304029,57,1295.0
A-n54-k7,M-WOA,3,304029,58,1295.0
A-n54-k7,M-WOA,3,304029,59,1295.0
A-n54-k7,M-WOA,3,304029,60,1295.0
A-n54-k7,M-WOA,3,304029,61,1295.0
A-n54-k7,M-WOA,3,304029,62,1295.0
A-n54-k7,M-WOA,3,304029,63,1295.0
A-n54-k7,M-WOA,3,304029,64,1295.0
A-n54-k7,M-WOA,3,304029,65,1295.0
A-n54-k7,M-WOA,3,304029,66,1295.0
A-n54-k7,M-WOA,3,304029,67,1295.0
A-n54-k7,M-WOA,3,304029,68,1295.0
A-n54-k7,M-WOA,3,304029,69,1295.0
A-n54-k7,M-WOA,3,304029,70,1295.0
A-n54-k7,M-WOA,3,304029,71,1295.0
A-n54-k7,M-WOA,3,304029,72,1295.0
A-n54-k7,M-WOA,3,304029,73,1295.0
A-n54-k7,M-WOA,3,304029,74,1295.0
A-n54-k7,M-WOA,3,304029,75,1295.0
A-n54-k7,M-WOA,3,304029,76,1295.0
A-n54-k7,M-WOA,3,304029,77,1295.0
A-n54-k7,M-WOA,3,304029,78,1295.0
A-n54-k7,M-WOA,3,304029,79,1295.0
A-n54-k7,M-WOA,3,304029,80,1295.0
A-n54-k7,M-WOA,3,304029,81,1295.0
A-n54-k7,M-WOA,3,304029,82,1295.0
A-n54-k7,M-WOA,3,304029,83,1295.0
A-n54-k7,M-WOA,3,304029,84,1295.0
A-n54-k7,M-WOA,3,304029,85,1295.0
A-n54-k7,M-WOA,3,304029,86,1295.0
A-n54-k7,M-WOA,3,304029,87,1295.0
A-n54-k7,M-WOA,3,304029,88,1295.0
A-n54-k7,M-WOA,3,304029,89,1295.0
A-n54-k7,M-WOA,3,304029,90,1295.0
A-n54-k7,M-WOA,3,304029,91,1295.0
A-n54-k7,M-WOA,3,304029,92,1295.0
A-n54-k7,M-WOA,3,304029,93,1295.0
A-n54-k7,M-WOA,3,304029,94,1295.0
A-n54-k7,M-WOA,3,304029,95,1295.0
A-n54-k7,M-WOA,3,304029,96,1295.0
A-n54-k7,M-WOA,3,304029,97,1295.0
A-n54-k7,M-WOA,3,304029,98,1295.0
A-n54-k7,M-WOA,3,304029,99,1295.0
A-n54-k7,M-WOA,3,304029,100,1295.0
A-n54-k7,M-WOA,3,304029,101,1295.0
A-n54-k7,M-WOA,3,304029,102,1295.0
A-n54-k7,M-WOA,3,304029,103,1295.0
A-n54-k7,M-WOA,3,304029,104,1295.0
A-n54-k7,M-WOA,3,304029,105,1295.0
A-n54-k7,M-WOA,3,304029,106,1295.0
A-n54-k7,M-WOA,3,304029,107,1295.0
A-n54-k7,M-WOA,3,304029,108,1295.0
A-n54-k7,M-WOA,3,304029,109,1295.0
A-n54-k7,M-WOA,3,304029,110,1295.0
A-n54-k7,M-WOA,3,304029,111,1295.0
A-n54-k7,M-WOA,3,304029,112,1295.0
A-n54-k7,M-WOA,3,304029,113,1295.0
A-n54-k7,M-WOA,3,304029,114,1295.0
A-n54-k7,M-WOA,3,304029,115,1295.0
A-n54-k7,M-WOA,3,304029,116,1295.0
A-n54-k7,M-WOA,3,304029,117,1295.0
A-n54-k7,M-WOA,3,304029,118,1295.0
A-n54-k7,M-WOA,3,304029,119,1295.0
A-n54-k7,M-WOA,3,304029,120,1295.0
A-n54-k7,M-WOA,3,304029,121,1295.0
A-n54-k7,M-WOA,3,304029,122,1295.0
A-n54-k7,M-WOA,3,304029,123,1295.0
A-n54-k7,M-WOA,3,304029,124,1295.0
A-n54-k7,M-WOA,3,304029,125,1295.0
A-n54-k7,M-WOA,3,304029,126,1295.0
A-n54-k7,M-WOA,3,304029,127,1295.0
A-n54-k7,M-WOA,3,304029,128,1295.0
A-n54-k7,M-WOA,3,304029,129,1295.0
A-n54-k7,M-WOA,3,304029,130,1295.0
A-n54-k7,M-WOA,3,304029,131,1295.0
A-n54-k7,M-WOA,3,304029,132,1295.0
A-n54-k7,M-WOA,3,304029,133,1295.0
A-n54-k7,M-WOA,3,304029,134,1295.0
A-n54-k7,M-WOA,3,304029,135,1295.0
A-n54-k7,M-WOA,3,304029,136,1295.0
A-n54-k7,M-WOA,3,304029,137,1295.0
A-n54-k7,M-WOA,3,304029,138,1295.0
A-n54-k7,M-WOA,3,304029,139,1295.0
A-n54-k7,M-WOA,3,304029,140,1295.0
A-n54-k7,M-WOA,3,304029,141,1295.0
A-n54-k7,M-WOA,3,304029,142,1295.0
A-n54-k7,M-WOA,3,304029,143,1295.0
A-n54-k7,M-WOA,3,304029,144,1295.0
A-n54-k7,M-WOA,3,304029,145,1295.0
A-n54-k7,M-WOA,3,304029,146,1295.0
A-n54-k7,M-WOA,3,304029,147,1295.0
A-n54-k7,M-WOA,3,304029,148,1295.0
A-n54-k7,M-WOA,3,304029,149,1295.0
A-n54-k7,M-WOA,3,304029,150,1295.0
A-n54-k7,M-WOA,3,304029,151,1295.0
A-n54-k7,M-WOA,3,304029,152,1295.0
A-n54-k7,M-WOA,3,304029,153,1295.0
A-n54-k7,M-WOA,3,304029,154,1295.0
A-n54-k7,M-WOA,3,304029,155,1295.0
A-n54-k7,M-WOA,3,304029,156,1295.0
A-n54-k7,M-WOA,3,304029,157,1295.0
A-n54-k7,M-WOA,3,304029,158,1295.0
A-n54-k7,M-WOA,3,304029,159,1295.0
A-n54-k7,M-WOA,3,304029,160,1295.0
A-n54-k7,M-WOA,3,304029,161,1295.0
A-n54-k7,M-WOA,3,304029,162,1295.0
A-n54-k7,M-WOA,3,304029,163,1295.0
A-n54-k7,M-WOA,3,304029,164,1295.0
A-n54-k7,M-WOA,3,304029,165,1295.0
A-n54-k7,M-WOA,3,304029,166,1295.0
A-n54-k7,M-WOA,3,304029,167,1295.0
A-n54-k7,M-WOA,3,304029,168,1295.0
A-n54-k7,M-WOA,3,304029,169,1295.0
A-n54-k7,M-WOA,3,304029,170,1295.0
A-n54-k7,M-WOA,3,304029,171,1295.0
A-n54-k7,M-WOA,3,304029,172,1295.0
A-n54-k7,M-WOA,3,304029,173,1295.0
A-n54-k7,M-WOA,3,304029,174,1295.0
A-n54-k7,M-WOA,3,304029,175,1295.0
A-n54-k7,M-WOA,3,304029,176,1295.0
A-n54-k7,M-WOA,3,304029,177,1295.0
A-n54-k7,M-WOA,3,304029,178,1295.0
A-n54-k7,M-WOA,3,304029,179,1295.0
A-n54-k7,M-WOA,3,304029,180,1295.0
A-n54-k7,M-WOA,3,304029,181,1295.0
A-n54-k7,M-WOA,3,304029,182,1295.0
A-n54-k7,M-WOA,3,304029,183,1295.0
A-n54-k7,M-WOA,3,304029,184,1295.0
A-n54-k7,M-WOA,3,304029,185,1295.0
A-n54-k7,M-WOA,3,304029,186,1295.0
A-n54-k7,M-WOA,3,304029,187,1295.0
A-n54-k7,M-WOA,3,304029,188,1295.0
A-n54-k7,M-WOA,3,304029,189,1295.0
A-n54-k7,M-WOA,3,304029,190,1295.0
A-n54-k7,M-WOA,3,304029,191,1295.0
A-n54-k7,M-WOA,3,304029,192,1295.0
A-n54-k7,M-WOA,3,304029,193,1295.0
A-n54-k7,M-WOA,3,304029,194,1295.0
A-n54-k7,M-WOA,3,304029,195,1295.0
A-n54-k7,M-WOA,3,304029,196,1295.0
A-n54-k7,M-WOA,3,304029,197,1295.0
A-n54-k7,M-WOA,3,304029,198,1295.0
A-n54-k7,M-WOA,3,304029,199,1295.0
A-n54-k7,M-WOA,3,304029,200,1295.0
A-n54-k7,M-SSA,1,305027,1,1820.0
A-n54-k7,M-SSA,1,305027,2,1746.0
A-n54-k7,M-SSA,1,305027,3,1741.0
A-n54-k7,M-SSA,1,305027,4,1741.0
A-n54-k7,M-SSA,1,305027,5,1741.0
A-n54-k7,M-SSA,1,305027,6,1718.0
A-n54-k7,M-SSA,1,305027,7,1718.0
A-n54-k7,M-SSA,1,305027,8,1718.0
A-n54-k7,M-SSA,1,305027,9,1643.0
A-n54-k7,M-SSA,1,305027,10,1636.0
A-n54-k7,M-SSA,1,305027,11,1636.0
A-n54-k7,M-SSA,1,305027,12,1636.0
A-n54-k7,M-SSA,1,305027,13,1625.0
A-n54-k7,M-SSA,1,305027,14,1625.0
A-n54-k7,M-SSA,1,305027,15,1625.0
A-n54-k7,M-SSA,1,305027,16,1586.0
A-n54-k7,M-SSA,1,305027,17,1586.0
A-n54-k7,M-SSA,1,305027,18,1586.0
A-n54-k7,M-SSA,1,305027,19,1536.0
A-n54-k7,M-SSA,1,305027,20,1536.0
A-n54-k7,M-SSA,1,305027,21,1536.0
A-n54-k7,M-SSA,1,305027,22,1536.0
A-n54-k7,M-SSA,1,305027,23,1536.0
A-n54-k7,M-SSA,1,305027,24,1536.0
A-n54-k7,M-SSA,1,305027,25,1536.0
A-n54-k7,M-SSA,1,305027,26,1536.0
A-n54-k7,M-SSA,1,305027,27,1536.0
A-n54-k7,M-SSA,1,305027,28,1536.0
A-n54-k7,M-SSA,1,305027,29,1536.0
A-n54-k7,M-SSA,1,305027,30,1536.0
A-n54-k7,M-SSA,1,305027,31,1536.0
A-n54-k7,M-SSA,1,305027,32,1536.0
A-n54-k7,M-SSA,1,305027,33,1536.0
A-n54-k7,M-SSA,1,305027,34,1536.0
A-n54-k7,M-SSA,1,305027,35,1536.0
A-n54-k7,M-SSA,1,305027,36,1536.0
A-n54-k7,M-SSA,1,305027,37,1536.0
A-n54-k7,M-SSA,1,305027,38,1536.0
A-n54-k7,M-SSA,1,305027,39,1536.0
A-n54-k7,M-SSA,1,305027,40,1536.0
A-n54-k7,M-SSA,1,305027,41,1536.0
A-n54-k7,M-SSA,1,305027,42,1536.0
A-n54-k7,M-SSA,1,305027,43,1536.0
A-n54-k7,M-SSA,1,305027,44,1536.0
A-n54-k7,M-SSA,1,305027,45,1536.0
A-n54-k7,M-SSA,1,305027,46,1536.0
A-n54-k7,M-SSA,1,305027,47,1536.0
A-n54-k7,M-SSA,1,305027,48,1536.0
A-n54-k7,M-SSA,1,305027,49,1536.0
A-n54-k7,M-SSA,1,305027,50,1536.0
A-n54-k7,M-SSA,1,305027,51,1536.0
A-n54-k7,M-SSA,1,305027,52,1536.0
A-n54-k7,M-SSA,1,305027,53,1536.0
A-n54-k7,M-SSA,1,305027,54,1536.0
A-n54-k7,M-SSA,1,305027,55,1536.0
A-n54-k7,M-SSA,1,305027,56,1536.0
A-n54-k7,M-SSA,1,305027,57,1536.0
A-n54-k7,M-SSA,1,305027,58,1536.0
A-n54-k7,M-SSA,1,305027,59,1536.0
A-n54-k7,M-SSA,1,305027,60,1536.0
A-n54-k7,M-SSA,1,305027,61,1536.0
A-n54-k7,M-SSA,1,305027,62,1536.0
A-n54-k7,M-SSA,1,305027,63,1536.0
A-n54-k7,M-SSA,1,305027,64,1536.0
A-n54-k7,M-SSA,1,305027,65,1536.0
A-n54-k7,M-SSA,1,305027,66,1536.0
A-n54-k7,M-SSA,1,305027,67,1536.0
A-n54-k7,M-SSA,1,305027,68,1536.0
A-n54-k7,M-SSA,1,305027,69,1536.0
A-n54-k7,M-SSA,1,305027,70,1536.0
A-n54-k7,M-SSA,1,305027,71,1536.0
A-n54-k7,M-SSA,1,305027,72,1536.0
A-n54-k7,M-SSA,1,305027,73,1536.0
A-n54-k7,M-SSA,1,305027,74,1536.0
A-n54-k7,M-SSA,1,305027,75,1536.0
A-n54-k7,M-SSA,1,305027,76,1536.0
A-n54-k7,M-SSA,1,305027,77,1536.0
A-n54-k7,M-SSA,1,305027,78,1536.0
A-n54-k7,M-SSA,1,305027,79,1536.0
A-n54-k7,M-SSA,1,305027,80,1536.0
A-n54-k7,M-SSA,1,305027,81,1536.0
A-n54-k7,M-SSA,1,305027,82,1536.0
A-n54-k7,M-SSA,1,305027,83,1536.0
A-n54-k7,M-SSA,1,305027,84,1536.0
A-n54-k7,M-SSA,1,305027,85,1536.0
A-n54-k7,M-SSA,1,305027,86,1536.0
A-n54-k7,M-SSA,1,305027,87,1536.0
A-n54-k7,M-SSA,1,305027,88,1536.0
A-n54-k7,M-SSA,1,305027,89,1536.0
A-n54-k7,M-SSA,1,305027,90,1536.0
A-n54-k7,M-SSA,1,305027,91,1536.0
A-n54-k7,M-SSA,1,305027,92,1536.0
A-n54-k7,M-SSA,1,305027,93,1536.0
A-n54-k7,M-SSA,1,305027,94,1536.0
A-n54-k7,M-SSA,1,305027,95,1536.0
A-n54-k7,M-SSA,1,305027,96,1536.0
A-n54-k7,M-SSA,1,305027,97,1536.0
A-n54-k7,M-SSA,1,305027,98,1536.0
A-n54-k7,M-SSA,1,305027,99,1536.0
A-n54-k7,M-SSA,1,305027,100,1536.0
A-n54-k7,M-SSA,1,305027,101,1536.0
A-n54-k7,M-SSA,1,305027,102,1536.0
A-n54-k7,M-SSA,1,305027,103,1536.0
A-n54-k7,M-SSA,1,305027,104,1536.0
A-n54-k7,M-SSA,1,305027,105,1536.0
A-n54-k7,M-SSA,1,305027,106,1536.0
A-n54-k7,M-SSA,1,305027,107,1536.0
A-n54-k7,M-SSA,1,305027,108,1536.0
A-n54-k7,M-SSA,1,305027,109,1536.0
A-n54-k7,M-SSA,1,305027,110,1536.0
A-n54-k7,M-SSA,1,305027,111,1536.0
A-n54-k7,M-SSA,1,305027,112,1520.0
A-n54-k7,M-SSA,1,305027,113,1520.0
A-n54-k7,M-SSA,1,305027,114,1520.0
A-n54-k7,M-SSA,1,305027,115,1520.0
A-n54-k7,M-SSA,1,305027,116,1520.0
A-n54-k7,M-SSA,1,305027,117,1520.0
A-n54-k7,M-SSA,1,305027,118,1520.0
A-n54-k7,M-SSA,1,305027,119,1520.0
A-n54-k7,M-SSA,1,305027,120,1520.0
A-n54-k7,M-SSA,1,305027,121,1520.0
A-n54-k7,M-SSA,1,305027,122,1520.0
A-n54-k7,M-SSA,1,305027,123,1520.0
A-n54-k7,M-SSA,1,305027,124,1504.0
A-n54-k7,M-SSA,1,305027,125,1462.0
A-n54-k7,M-SSA,1,305027,126,1462.0
A-n54-k7,M-SSA,1,305027,127,1462.0
A-n54-k7,M-SSA,1,305027,128,1462.0
A-n54-k7,M-SSA,1,305027,129,1445.0
A-n54-k7,M-SSA,1,305027,130,1435.0
A-n54-k7,M-SSA,1,305027,131,1435.0
A-n54-k7,M-SSA,1,305027,132,1377.0
A-n54-k7,M-SSA,1,305027,133,1377.0
A-n54-k7,M-SSA,1,305027,134,1377.0
A-n54-k7,M-SSA,1,305027,135,1377.0
A-n54-k7,M-SSA,1,305027,136,1377.0
A-n54-k7,M-SSA,1,305027,137,1377.0
A-n54-k7,M-SSA,1,305027,138,1377.0
A-n54-k7,M-SSA,1,305027,139,1377.0
A-n54-k7,M-SSA,1,305027,140,1377.0
A-n54-k7,M-SSA,1,305027,141,1377.0
A-n54-k7,M-SSA,1,305027,142,1377.0
A-n54-k7,M-SSA,1,305027,143,1377.0
A-n54-k7,M-SSA,1,305027,144,1357.0
A-n54-k7,M-SSA,1,305027,145,1357.0
A-n54-k7,M-SSA,1,305027,146,1357.0
A-n54-k7,M-SSA,1,305027,147,1357.0
A-n54-k7,M-SSA,1,305027,148,1357.0
A-n54-k7,M-SSA,1,305027,149,1357.0
A-n54-k7,M-SSA,1,305027,150,1357.0
A-n54-k7,M-SSA,1,305027,151,1357.0
A-n54-k7,M-SSA,1,305027,152,1357.0
A-n54-k7,M-SSA,1,305027,153,1357.0
A-n54-k7,M-SSA,1,305027,154,1357.0
A-n54-k7,M-SSA,1,305027,155,1357.0
A-n54-k7,M-SSA,1,305027,156,1328.0
A-n54-k7,M-SSA,1,305027,157,1328.0
A-n54-k7,M-SSA,1,305027,158,1328.0
A-n54-k7,M-SSA,1,305027,159,1328.0
A-n54-k7,M-SSA,1,305027,160,1328.0
A-n54-k7,M-SSA,1,305027,161,1328.0
A-n54-k7,M-SSA,1,305027,162,1328.0
A-n54-k7,M-SSA,1,305027,163,1328.0
A-n54-k7,M-SSA,1,305027,164,1328.0
A-n54-k7,M-SSA,1,305027,165,1328.0
A-n54-k7,M-SSA,1,305027,166,1312.0
A-n54-k7,M-SSA,1,305027,167,1308.0
A-n54-k7,M-SSA,1,305027,168,1308.0
A-n54-k7,M-SSA,1,305027,169,1308.0
A-n54-k7,M-SSA,1,305027,170,1308.0
A-n54-k7,M-SSA,1,305027,171,1308.0
A-n54-k7,M-SSA,1,305027,172,1308.0
A-n54-k7,M-SSA,1,305027,173,1308.0
A-n54-k7,M-SSA,1,305027,174,1308.0
A-n54-k7,M-SSA,1,305027,175,1303.0
A-n54-k7,M-SSA,1,305027,176,1303.0
A-n54-k7,M-SSA,1,305027,177,1303.0
A-n54-k7,M-SSA,1,305027,178,1303.0
A-n54-k7,M-SSA,1,305027,179,1303.0
A-n54-k7,M-SSA,1,305027,180,1303.0
A-n54-k7,M-SSA,1,305027,181,1303.0
A-n54-k7,M-SSA,1,305027,182,1302.0
A-n54-k7,M-SSA,1,305027,183,1284.0
A-n54-k7,M-SSA,1,305027,184,1284.0
A-n54-k7,M-SSA,1,305027,185,1284.0
A-n54-k7,M-SSA,1,305027,186,1284.0
A-n54-k7,M-SSA,1,305027,187,1284.0
A-n54-k7,M-SSA,1,305027,188,1284.0
A-n54-k7,M-SSA,1,305027,189,1284.0
A-n54-k7,M-SSA,1,305027,190,1284.0
A-n54-k7,M-SSA,1,305027,191,1284.0
A-n54-k7,M-SSA,1,305027,192,1284.0
A-n54-k7,M-SSA,1,305027,193,1284.0
A-n54-k7,M-SSA,1,305027,194,1284.0
A-n54-k7,M-SSA,1,305027,195,1284.0
A-n54-k7,M-SSA,1,305027,196,1284.0
A-n54-k7,M-SSA,1,305027,197,1284.0
A-n54-k7,M-SSA,1,305027,198,1284.0
A-n54-k7,M-SSA,1,305027,199,1284.0
A-n54-k7,M-SSA,1,305027,200,1284.0
A-n54-k7,M-SSA,2,305028,1,1787.0
A-n54-k7,M-SSA,2,305028,2,1787.0
A-n54-k7,M-SSA,2,305028,3,1787.0
A-n54-k7,M-SSA,2,305028,4,1642.0
A-n54-k7,M-SSA,2,305028,5,1642.0
A-n54-k7,M-SSA,2,305028,6,1642.0
A-n54-k7,M-SSA,2,305028,7,1642.0
A-n54-k7,M-SSA,2,305028,8,1642.0
A-n54-k7,M-SSA,2,305028,9,1642.0
A-n54-k7,M-SSA,2,305028,10,1642.0
A-n54-k7,M-SSA,2,305028,11,1588.0
A-n54-k7,M-SSA,2,305028,12,1588.0
A-n54-k7,M-SSA,2,305028,13,1585.0
A-n54-k7,M-SSA,2,305028,14,1585.0
A-n54-k7,M-SSA,2,305028,15,1585.0
A-n54-k7,M-SSA,2,305028,16,1585.0
A-n54-k7,M-SSA,2,305028,17,1585.0
A-n54-k7,M-SSA,2,305028,18,1585.0
A-n54-k7,M-SSA,2,305028,19,1585.0
A-n54-k7,M-SSA,2,305028,20,1585.0
A-n54-k7,M-SSA,2,305028,21,1585.0
A-n54-k7,M-SSA,2,305028,22,1585.0
A-n54-k7,M-SSA,2,305028,23,1585.0
A-n54-k7,M-SSA,2,305028,24,1585.0
A-n54-k7,M-SSA,2,305028,25,1585.0
A-n54-k7,M-SSA,2,305028,26,1585.0
A-n54-k7,M-SSA,2,305028,27,1585.0
A-n54-k7,M-SSA,2,305028,28,1585.0
A-n54-k7,M-SSA,2,305028,29,1585.0
A-n54-k7,M-SSA,2,305028,30,1585.0
A-n54-k7,M-SSA,2,305028,31,1585.0
A-n54-k7,M-SSA,2,305028,32,1585.0
A-n54-k7,M-SSA,2,305028,33,1585.0
A-n54-k7,M-SSA,2,305028,34,1585.0
A-n54-k7,M-SSA,2,305028,35,1585.0
A-n54-k7,M-SSA,2,305028,36,1585.0
A-n54-k7,M-SSA,2,305028,37,1585.0
A-n54-k7,M-SSA,2,305028,38,1585.0
A-n54-k7,M-SSA,2,305028,39,1585.0
A-n54-k7,M-SSA,2,305028,40,1585.0
A-n54-k7,M-SSA,2,305028,41,1585.0
A-n54-k7,M-SSA,2,305028,42,1585.0
A-n54-k7,M-SSA,2,305028,43,1585.0
A-n54-k7,M-SSA,2,305028,44,1585.0
A-n54-k7,M-SSA,2,305028,45,1585.0
A-n54-k7,M-SSA,2,305028,46,1585.0
A-n54-k7,M-SSA,2,305028,47,1585.0
A-n54-k7,M-SSA,2,305028,48,1583.0
A-n54-k7,M-SSA,2,305028,49,1583.0
A-n54-k7,M-SSA,2,305028,50,1583.0
A-n54-k7,M-SSA,2,305028,51,1583.0
A-n54-k7,M-SSA,2,305028,52,1583.0
A-n54-k7,M-SSA,2,305028,53,1583.0
A-n54-k7,M-SSA,2,305028,54,1583.0
A-n54-k7,M-SSA,2,305028,55,1535.0
A-n54-k7,M-SSA,2,305028,56,1535.0
A-n54-k7,M-SSA,2,305028,57,1535.0
A-n54-k7,M-SSA,2,305028,58,1535.0
A-n54-k7,M-SSA,2,305028,59,1535.0
A-n54-k7,M-SSA,2,305028,60,1535.0
A-n54-k7,M-SSA,2,305028,61,1535.0
A-n54-k7,M-SSA,2,305028,62,1535.0
A-n54-k7,M-SSA,2,305028,63,1535.0
A-n54-k7,M-SSA,2,305028,64,1535.0
A-n54-k7,M-SSA,2,305028,65,1535.0
A-n54-k7,M-SSA,2,305028,66,1535.0
A-n54-k7,M-SSA,2,305028,67,1535.0
A-n54-k7,M-SSA,2,305028,68,1535.0
A-n54-k7,M-SSA,2,305028,69,1535.0
A-n54-k7,M-SSA,2,305028,70,1535.0
A-n54-k7,M-SSA,2,305028,71,1535.0
A-n54-k7,M-SSA,2,305028,72,1535.0
A-n54-k7,M-SSA,2,305028,73,1535.0
A-n54-k7,M-SSA,2,305028,74,1535.0
A-n54-k7,M-SSA,2,305028,75,1535.0
A-n54-k7,M-SSA,2,305028,76,1535.0
A-n54-k7,M-SSA,2,305028,77,1535.0
A-n54-k7,M-SSA,2,305028,78,1535.0
A-n54-k7,M-SSA,2,305028,79,1535.0
A-n54-k7,M-SSA,2,305028,80,1535.0
A-n54-k7,M-SSA,2,305028,81,1535.0
A-n54-k7,M-SSA,2,305028,82,1535.0
A-n54-k7,M-SSA,2,305028,83,1535.0
A-n54-k7,M-SSA,2,305028,84,1535.0
A-n54-k7,M-SSA,2,305028,85,1535.0
A-n54-k7,M-SSA,2,305028,86,1535.0
A-n54-k7,M-SSA,2,305028,87,1535.0
A-n54-k7,M-SSA,2,305028,88,1535.0
A-n54-k7,M-SSA,2,305028,89,1535.0
A-n54-k7,M-SSA,2,305028,90,1535.0
A-n54-k7,M-SSA,2,305028,91,1535.0
A-n54-k7,M-SSA,2,305028,92,1535.0
A-n54-k7,M-SSA,2,305028,93,1535.0
A-n54-k7,M-SSA,2,305028,94,1535.0
A-n54-k7,M-SSA,2,305028,95,1535.0
A-n54-k7,M-SSA,2,305028,96,1535.0
A-n54-k7,M-SSA,2,305028,97,1535.0
A-n54-k7,M-SSA,2,305028,98,1535.0
A-n54-k7,M-SSA,2,305028,99,1535.0
A-n54-k7,M-SSA,2,305028,100,1535.0
A-n54-k7,M-SSA,2,305028,101,1535.0
A-n54-k7,M-SSA,2,305028,102,1535.0
A-n54-k7,M-SSA,2,305028,103,1535.0
A-n54-k7,M-SSA,2,305028,104,1535.0
A-n54-k7,M-SSA,2,305028,105,1535.0
A-n54-k7,M-SSA,2,305028,106,1535.0
A-n54-k7,M-SSA,2,305028,107,1535.0
A-n54-k7,M-SSA,2,305028,108,1535.0
A-n54-k7,M-SSA,2,305028,109,1535.0
A-n54-k7,M-SSA,2,305028,110,1535.0
A-n54-k7,M-SSA,2,305028,111,1535.0
A-n54-k7,M-SSA,2,305028,112,1535.0
A-n54-k7,M-SSA,2,305028,113,1535.0
A-n54-k7,M-SSA,2,305028,114,1535.0
A-n54-k7,M-SSA,2,305028,115,1535.0
A-n54-k7,M-SSA,2,305028,116,1535.0
A-n54-k7,M-SSA,2,305028,117,1535.0
A-n54-k7,M-SSA,2,305028,118,1535.0
A-n54-k7,M-SSA,2,305028,119,1535.0
A-n54-k7,M-SSA,2,305028,120,1535.0
A-n54-k7,M-SSA,2,305028,121,1535.0
A-n54-k7,M-SSA,2,305028,122,1535.0
A-n54-k7,M-SSA,2,305028,123,1535.0
A-n54-k7,M-SSA,2,305028,124,1535.0
A-n54-k7,M-SSA,2,305028,125,1535.0
A-n54-k7,M-SSA,2,305028,126,1535.0
A-n54-k7,M-SSA,2,305028,127,1535.0
A-n54-k7,M-SSA,2,305028,128,1535.0
A-n54-k7,M-SSA,2,305028,129,1535.0
A-n54-k7,M-SSA,2,305028,130,1535.0
A-n54-k7,M-SSA,2,305028,131,1535.0
A-n54-k7,M-SSA,2,305028,132,1535.0
A-n54-k7,M-SSA,2,305028,133,1535.0
A-n54-k7,M-SSA,2,305028,134,1535.0
A-n54-k7,M-SSA,2,305028,135,1535.0
A-n54-k7,M-SSA,2,305028,136,1535.0
A-n54-k7,M-SSA,2,305028,137,1535.0
A-n54-k7,M-SSA,2,305028,138,1535.0
A-n54-k7,M-SSA,2,305028,139,1535.0
A-n54-k7,M-SSA,2,305028,140,1535.0
A-n54-k7,M-SSA,2,305028,141,1535.0
A-n54-k7,M-SSA,2,305028,142,1535.0
A-n54-k7,M-SSA,2,305028,143,1535.0
A-n54-k7,M-SSA,2,305028,144,1535.0
A-n54-k7,M-SSA,2,305028,145,1535.0
A-n54-k7,M-SSA,2,305028,146,1535.0
A-n54-k7,M-SSA,2,305028,147,1535.0
A-n54-k7,M-SSA,2,305028,148,1535.0
A-n54-k7,M-SSA,2,305028,149,1535.0
A-n54-k7,M-SSA,2,305028,150,1535.0
A-n54-k7,M-SSA,2,305028,151,1535.0
A-n54-k7,M-SSA,2,305028,152,1535.0
A-n54-k7,M-SSA,2,305028,153,1535.0
A-n54-k7,M-SSA,2,305028,154,1535.0
A-n54-k7,M-SSA,2,305028,155,1535.0
A-n54-k7,M-SSA,2,305028,156,1535.0
A-n54-k7,M-SSA,2,305028,157,1535.0
A-n54-k7,M-SSA,2,305028,158,1535.0
A-n54-k7,M-SSA,2,305028,159,1535.0
A-n54-k7,M-SSA,2,305028,160,1535.0
A-n54-k7,M-SSA,2,305028,161,1535.0
A-n54-k7,M-SSA,2,305028,162,1535.0
A-n54-k7,M-SSA,2,305028,163,1535.0
A-n54-k7,M-SSA,2,305028,164,1523.0
A-n54-k7,M-SSA,2,305028,165,1523.0
A-n54-k7,M-SSA,2,305028,166,1510.0
A-n54-k7,M-SSA,2,305028,167,1510.0
A-n54-k7,M-SSA,2,305028,168,1510.0
A-n54-k7,M-SSA,2,305028,169,1510.0
A-n54-k7,M-SSA,2,305028,170,1510.0
A-n54-k7,M-SSA,2,305028,171,1483.0
A-n54-k7,M-SSA,2,305028,172,1483.0
A-n54-k7,M-SSA,2,305028,173,1483.0
A-n54-k7,M-SSA,2,305028,174,1483.0
A-n54-k7,M-SSA,2,305028,175,1483.0
A-n54-k7,M-SSA,2,305028,176,1483.0
A-n54-k7,M-SSA,2,305028,177,1483.0
A-n54-k7,M-SSA,2,305028,178,1483.0
A-n54-k7,M-SSA,2,305028,179,1483.0
A-n54-k7,M-SSA,2,305028,180,1483.0
A-n54-k7,M-SSA,2,305028,181,1483.0
A-n54-k7,M-SSA,2,305028,182,1483.0
A-n54-k7,M-SSA,2,305028,183,1483.0
A-n54-k7,M-SSA,2,305028,184,1483.0
A-n54-k7,M-SSA,2,305028,185,1483.0
A-n54-k7,M-SSA,2,305028,186,1480.0
A-n54-k7,M-SSA,2,305028,187,1480.0
A-n54-k7,M-SSA,2,305028,188,1480.0
A-n54-k7,M-SSA,2,305028,189,1480.0
A-n54-k7,M-SSA,2,305028,190,1480.0
A-n54-k7,M-SSA,2,305028,191,1480.0
A-n54-k7,M-SSA,2,305028,192,1480.0
A-n54-k7,M-SSA,2,305028,193,1480.0
A-n54-k7,M-SSA,2,305028,194,1480.0
A-n54-k7,M-SSA,2,305028,195,1480.0
A-n54-k7,M-SSA,2,305028,196,1480.0
A-n54-k7,M-SSA,2,305028,197,1480.0
A-n54-k7,M-SSA,2,305028,198,1480.0
A-n54-k7,M-SSA,2,305028,199,1480.0
A-n54-k7,M-SSA,2,305028,200,1480.0
A-n54-k7,M-SSA,3,305029,1,1783.0
A-n54-k7,M-SSA,3,305029,2,1779.0
A-n54-k7,M-SSA,3,305029,3,1746.0
A-n54-k7,M-SSA,3,305029,4,1746.0
A-n54-k7,M-SSA,3,305029,5,1746.0
A-n54-k7,M-SSA,3,305029,6,1730.0
A-n54-k7,M-SSA,3,305029,7,1730.0
A-n54-k7,M-SSA,3,305029,8,1730.0
A-n54-k7,M-SSA,3,305029,9,1663.0
A-n54-k7,M-SSA,3,305029,10,1663.0
A-n54-k7,M-SSA,3,305029,11,1663.0
A-n54-k7,M-SSA,3,305029,12,1663.0
A-n54-k7,M-SSA,3,305029,13,1663.0
A-n54-k7,M-SSA,3,305029,14,1663.0
A-n54-k7,M-SSA,3,305029,15,1663.0
A-n54-k7,M-SSA,3,305029,16,1663.0
A-n54-k7,M-SSA,3,305029,17,1663.0
A-n54-k7,M-SSA,3,305029,18,1663.0
A-n54-k7,M-SSA,3,305029,19,1663.0
A-n54-k7,M-SSA,3,305029,20,1663.0
A-n54-k7,M-SSA,3,305029,21,1663.0
A-n54-k7,M-SSA,3,305029,22,1663.0
A-n54-k7,M-SSA,3,305029,23,1663.0
A-n54-k7,M-SSA,3,305029,24,1663.0
A-n54-k7,M-SSA,3,305029,25,1663.0
A-n54-k7,M-SSA,3,305029,26,1663.0
A-n54-k7,M-SSA,3,305029,27,1663.0
A-n54-k7,M-SSA,3,305029,28,1663.0
A-n54-k7,M-SSA,3,305029,29,1663.0
A-n54-k7,M-SSA,3,305029,30,1663.0
A-n54-k7,M-SSA,3,305029,31,1663.0
A-n54-k7,M-SSA,3,305029,32,1663.0
A-n54-k7,M-SSA,3,305029,33,1663.0
A-n54-k7,M-SSA,3,305029,34,1663.0
A-n54-k7,M-SSA,3,305029,35,1663.0
A-n54-k7,M-SSA,3,305029,36,1663.0
A-n54-k7,M-SSA,3,305029,37,1663.0
A-n54-k7,M-SSA,3,305029,38,1663.0
A-n54-k7,M-SSA,3,305029,39,1663.0
A-n54-k7,M-SSA,3,305029,40,1663.0
A-n54-k7,M-SSA,3,305029,41,1663.0
A-n54-k7,M-SSA,3,305029,42,1663.0
A-n54-k7,M-SSA,3,305029,43,1663.0
A-n54-k7,M-SSA,3,305029,44,1621.0
A-n54-k7,M-SSA,3,305029,45,1621.0
A-n54-k7,M-SSA,3,305029,46,1621.0
A-n54-k7,M-SSA,3,305029,47,1621.0
A-n54-k7,M-SSA,3,305029,48,1621.0
A-n54-k7,M-SSA,3,305029,49,1621.0
A-n54-k7,M-SSA,3,305029,50,1621.0
A-n54-k7,M-SSA,3,305029,51,1621.0
A-n54-k7,M-SSA,3,305029,52,1621.0
A-n54-k7,M-SSA,3,305029,53,1621.0
A-n54-k7,M-SSA,3,305029,54,1615.0
A-n54-k7,M-SSA,3,305029,55,1615.0
A-n54-k7,M-SSA,3,305029,56,1615.0
A-n54-k7,M-SSA,3,305029,57,1615.0
A-n54-k7,M-SSA,3,305029,58,1615.0
A-n54-k7,M-SSA,3,305029,59,1615.0
A-n54-k7,M-SSA,3,305029,60,1615.0
A-n54-k7,M-SSA,3,305029,61,1614.0
A-n54-k7,M-SSA,3,305029,62,1614.0
A-n54-k7,M-SSA,3,305029,63,1614.0
A-n54-k7,M-SSA,3,305029,64,1614.0
A-n54-k7,M-SSA,3,305029,65,1459.0
A-n54-k7,M-SSA,3,305029,66,1459.0
A-n54-k7,M-SSA,3,305029,67,1459.0
A-n54-k7,M-SSA,3,305029,68,1459.0
A-n54-k7,M-SSA,3,305029,69,1459.0
A-n54-k7,M-SSA,3,305029,70,1459.0
A-n54-k7,M-SSA,3,305029,71,1459.0
A-n54-k7,M-SSA,3,305029,72,1459.0
A-n54-k7,M-SSA,3,305029,73,1459.0
A-n54-k7,M-SSA,3,305029,74,1459.0
A-n54-k7,M-SSA,3,305029,75,1459.0
A-n54-k7,M-SSA,3,305029,76,1459.0
A-n54-k7,M-SSA,3,305029,77,1459.0
A-n54-k7,M-SSA,3,305029,78,1459.0
A-n54-k7,M-SSA,3,305029,79,1459.0
A-n54-k7,M-SSA,3,305029,80,1459.0
A-n54-k7,M-SSA,3,305029,81,1459.0
A-n54-k7,M-SSA,3,305029,82,1459.0
A-n54-k7,M-SSA,3,305029,83,1459.0
A-n54-k7,M-SSA,3,305029,84,1459.0
A-n54-k7,M-SSA,3,305029,85,1459.0
A-n54-k7,M-SSA,3,305029,86,1459.0
A-n54-k7,M-SSA,3,305029,87,1459.0
A-n54-k7,M-SSA,3,305029,88,1459.0
A-n54-k7,M-SSA,3,305029,89,1459.0
A-n54-k7,M-SSA,3,305029,90,1459.0
A-n54-k7,M-SSA,3,305029,91,1459.0
A-n54-k7,M-SSA,3,305029,92,1459.0
A-n54-k7,M-SSA,3,305029,93,1459.0
A-n54-k7,M-SSA,3,305029,94,1459.0
A-n54-k7,M-SSA,3,305029,95,1459.0
A-n54-k7,M-SSA,3,305029,96,1459.0
A-n54-k7,M-SSA,3,305029,97,1459.0
A-n54-k7,M-SSA,3,305029,98,1459.0
A-n54-k7,M-SSA,3,305029,99,1459.0
A-n54-k7,M-SSA,3,305029,100,1459.0
A-n54-k7,M-SSA,3,305029,101,1459.0
A-n54-k7,M-SSA,3,305029,102,1459.0
A-n54-k7,M-SSA,3,305029,103,1459.0
A-n54-k7,M-SSA,3,305029,104,1459.0
A-n54-k7,M-SSA,3,305029,105,1459.0
A-n54-k7,M-SSA,3,305029,106,1459.0
A-n54-k7,M-SSA,3,305029,107,1405.0
A-n54-k7,M-SSA,3,305029,108,1405.0
A-n54-k7,M-SSA,3,305029,109,1369.0
A-n54-k7,M-SSA,3,305029,110,1369.0
A-n54-k7,M-SSA,3,305029,111,1369.0
A-n54-k7,M-SSA,3,305029,112,1369.0
A-n54-k7,M-SSA,3,305029,113,1369.0
A-n54-k7,M-SSA,3,305029,114,1369.0
A-n54-k7,M-SSA,3,305029,115,1369.0
A-n54-k7,M-SSA,3,305029,116,1369.0
A-n54-k7,M-SSA,3,305029,117,1369.0
A-n54-k7,M-SSA,3,305029,118,1369.0
A-n54-k7,M-SSA,3,305029,119,1369.0
A-n54-k7,M-SSA,3,305029,120,1369.0
A-n54-k7,M-SSA,3,305029,121,1369.0
A-n54-k7,M-SSA,3,305029,122,1369.0
A-n54-k7,M-SSA,3,305029,123,1369.0
A-n54-k7,M-SSA,3,305029,124,1369.0
A-n54-k7,M-SSA,3,305029,125,1369.0
A-n54-k7,M-SSA,3,305029,126,1369.0
A-n54-k7,M-SSA,3,305029,127,1369.0
A-n54-k7,M-SSA,3,305029,128,1369.0
A-n54-k7,M-SSA,3,305029,129,1369.0
A-n54-k7,M-SSA,3,305029,130,1369.0
A-n54-k7,M-SSA,3,305029,131,1369.0
A-n54-k7,M-SSA,3,305029,132,1369.0
A-n54-k7,M-SSA,3,305029,133,1369.0
A-n54-k7,M-SSA,3,305029,134,1357.0
A-n54-k7,M-SSA,3,305029,135,1357.0
A-n54-k7,M-SSA,3,305029,136,1357.0
A-n54-k7,M-SSA,3,305029,137,1357.0
A-n54-k7,M-SSA,3,305029,138,1357.0
A-n54-k7,M-SSA,3,305029,139,1357.0
A-n54-k7,M-SSA,3,305029,140,1357.0
A-n54-k7,M-SSA,3,305029,141,1341.0
A-n54-k7,M-SSA,3,305029,142,1341.0
A-n54-k7,M-SSA,3,305029,143,1341.0
A-n54-k7,M-SSA,3,305029,144,1341.0
A-n54-k7,M-SSA,3,305029,145,1337.0
A-n54-k7,M-SSA,3,305029,146,1337.0
A-n54-k7,M-SSA,3,305029,147,1337.0
A-n54-k7,M-SSA,3,305029,148,1337.0
A-n54-k7,M-SSA,3,305029,149,1337.0
A-n54-k7,M-SSA,3,305029,150,1337.0
A-n54-k7,M-SSA,3,305029,151,1337.0
A-n54-k7,M-SSA,3,305029,152,1337.0
A-n54-k7,M-SSA,3,305029,153,1337.0
A-n54-k7,M-SSA,3,305029,154,1337.0
A-n54-k7,M-SSA,3,305029,155,1337.0
A-n54-k7,M-SSA,3,305029,156,1337.0
A-n54-k7,M-SSA,3,305029,157,1337.0
A-n54-k7,M-SSA,3,305029,158,1337.0
A-n54-k7,M-SSA,3,305029,159,1337.0
A-n54-k7,M-SSA,3,305029,160,1337.0
A-n54-k7,M-SSA,3,305029,161,1337.0
A-n54-k7,M-SSA,3,305029,162,1337.0
A-n54-k7,M-SSA,3,305029,163,1337.0
A-n54-k7,M-SSA,3,305029,164,1337.0
A-n54-k7,M-SSA,3,305029,165,1337.0
A-n54-k7,M-SSA,3,305029,166,1337.0
A-n54-k7,M-SSA,3,305029,167,1337.0
A-n54-k7,M-SSA,3,305029,168,1337.0
A-n54-k7,M-SSA,3,305029,169,1337.0
A-n54-k7,M-SSA,3,305029,170,1337.0
A-n54-k7,M-SSA,3,305029,171,1337.0
A-n54-k7,M-SSA,3,305029,172,1337.0
A-n54-k7,M-SSA,3,305029,173,1337.0
A-n54-k7,M-SSA,3,305029,174,1314.0
A-n54-k7,M-SSA,3,305029,175,1314.0
A-n54-k7,M-SSA,3,305029,176,1308.0
A-n54-k7,M-SSA,3,305029,177,1302.0
A-n54-k7,M-SSA,3,305029,178,1302.0
A-n54-k7,M-SSA,3,305029,179,1302.0
A-n54-k7,M-SSA,3,305029,180,1302.0
A-n54-k7,M-SSA,3,305029,181,1302.0
A-n54-k7,M-SSA,3,305029,182,1302.0
A-n54-k7,M-SSA,3,305029,183,1302.0
A-n54-k7,M-SSA,3,305029,184,1302.0
A-n54-k7,M-SSA,3,305029,185,1302.0
A-n54-k7,M-SSA,3,305029,186,1302.0
A-n54-k7,M-SSA,3,305029,187,1302.0
A-n54-k7,M-SSA,3,305029,188,1302.0
A-n54-k7,M-SSA,3,305029,189,1302.0
A-n54-k7,M-SSA,3,305029,190,1302.0
A-n54-k7,M-SSA,3,305029,191,1302.0
A-n54-k7,M-SSA,3,305029,192,1302.0
A-n54-k7,M-SSA,3,305029,193,1302.0
A-n54-k7,M-SSA,3,305029,194,1302.0
A-n54-k7,M-SSA,3,305029,195,1302.0
A-n54-k7,M-SSA,3,305029,196,1302.0
A-n54-k7,M-SSA,3,305029,197,1302.0
A-n54-k7,M-SSA,3,305029,198,1302.0
A-n54-k7,M-SSA,3,305029,199,1289.0
A-n54-k7,M-SSA,3,305029,200,1289.0
A-n60-k9,WOA,1,402027,1,3235.0
A-n60-k9,WOA,1,402027,2,3235.0
A-n60-k9,WOA,1,402027,3,3146.0
A-n60-k9,WOA,1,402027,4,3145.0
A-n60-k9,WOA,1,402027,5,3072.0
A-n60-k9,WOA,1,402027,6,3014.0
A-n60-k9,WOA,1,402027,7,3001.0
A-n60-k9,WOA,1,402027,8,2924.0
A-n60-k9,WOA,1,402027,9,2885.0
A-n60-k9,WOA,1,402027,10,2866.0
A-n60-k9,WOA,1,402027,11,2866.0
A-n60-k9,WOA,1,402027,12,2866.0
A-n60-k9,WOA,1,402027,13,2859.0
A-n60-k9,WOA,1,402027,14,2859.0
A-n60-k9,WOA,1,402027,15,2798.0
A-n60-k9,WOA,1,402027,16,2798.0
A-n60-k9,WOA,1,402027,17,2798.0
A-n60-k9,WOA,1,402027,18,2767.0
A-n60-k9,WOA,1,402027,19,2767.0
A-n60-k9,WOA,1,402027,20,2758.0
A-n60-k9,WOA,1,402027,21,2758.0
A-n60-k9,WOA,1,402027,22,2619.0
A-n60-k9,WOA,1,402027,23,2619.0
A-n60-k9,WOA,1,402027,24,2619.0
A-n60-k9,WOA,1,402027,25,2618.0
A-n60-k9,WOA,1,402027,26,2533.0
A-n60-k9,WOA,1,402027,27,2533.0
A-n60-k9,WOA,1,402027,28,2533.0
A-n60-k9,WOA,1,402027,29,2533.0
A-n60-k9,WOA,1,402027,30,2529.0
A-n60-k9,WOA,1,402027,31,2522.0
A-n60-k9,WOA,1,402027,32,2522.0
A-n60-k9,WOA,1,402027,33,2522.0
A-n60-k9,WOA,1,402027,34,2522.0
A-n60-k9,WOA,1,402027,35,2522.0
A-n60-k9,WOA,1,402027,36,2522.0
A-n60-k9,WOA,1,402027,37,2522.0
A-n60-k9,WOA,1,402027,38,2522.0
A-n60-k9,WOA,1,402027,39,2522.0
A-n60-k9,WOA,1,402027,40,2522.0
A-n60-k9,WOA,1,402027,41,2522.0
A-n60-k9,WOA,1,402027,42,2522.0
A-n60-k9,WOA,1,402027,43,2522.0
A-n60-k9,WOA,1,402027,44,2522.0
A-n60-k9,WOA,1,402027,45,2522.0
A-n60-k9,WOA,1,402027,46,2522.0
A-n60-k9,WOA,1,402027,47,2522.0
A-n60-k9,WOA,1,402027,48,2522.0
A-n60-k9,WOA,1,402027,49,2519.0
A-n60-k9,WOA,1,402027,50,2470.0
A-n60-k9,WOA,1,402027,51,2470.0
A-n60-k9,WOA,1,402027,52,2469.0
A-n60-k9,WOA,1,402027,53,2469.0
A-n60-k9,WOA,1,402027,54,2469.0
A-n60-k9,WOA,1,402027,55,2469.0
A-n60-k9,WOA,1,402027,56,2469.0
A-n60-k9,WOA,1,402027,57,2469.0
A-n60-k9,WOA,1,402027,58,2469.0
A-n60-k9,WOA,1,402027,59,2469.0
A-n60-k9,WOA,1,402027,60,2469.0
A-n60-k9,WOA,1,402027,61,2469.0
A-n60-k9,WOA,1,402027,62,2469.0
A-n60-k9,WOA,1,402027,63,2469.0
A-n60-k9,WOA,1,402027,64,2469.0
A-n60-k9,WOA,1,402027,65,2469.0
A-n60-k9,WOA,1,402027,66,2469.0
A-n60-k9,WOA,1,402027,67,2469.0
A-n60-k9,WOA,1,402027,68,2469.0
A-n60-k9,WOA,1,402027,69,2469.0
A-n60-k9,WOA,1,402027,70,2469.0
A-n60-k9,WOA,1,402027,71,2469.0
A-n60-k9,WOA,1,402027,72,2469.0
A-n60-k9,WOA,1,402027,73,2460.0
A-n60-k9,WOA,1,402027,74,2460.0
A-n60-k9,WOA,1,402027,75,2460.0
A-n60-k9,WOA,1,402027,76,2460.0
A-n60-k9,WOA,1,402027,77,2460.0
A-n60-k9,WOA,1,402027,78,2460.0
A-n60-k9,WOA,1,402027,79,2460.0
A-n60-k9,WOA,1,402027,80,2460.0
A-n60-k9,WOA,1,402027,81,2460.0
A-n60-k9,WOA,1,402027,82,2460.0
A-n60-k9,WOA,1,402027,83,2460.0
A-n60-k9,WOA,1,402027,84,2460.0
A-n60-k9,WOA,1,402027,85,2460.0
A-n60-k9,WOA,1,402027,86,2460.0
A-n60-k9,WOA,1,402027,87,2460.0
A-n60-k9,WOA,1,402027,88,2460.0
A-n60-k9,WOA,1,402027,89,2460.0
A-n60-k9,WOA,1,402027,90,2460.0
A-n60-k9,WOA,1,402027,91,2460.0
A-n60-k9,WOA,1,402027,92,2460.0
A-n60-k9,WOA,1,402027,93,2460.0
A-n60-k9,WOA,1,402027,94,2460.0
A-n60-k9,WOA,1,402027,95,2460.0
A-n60-k9,WOA,1,402027,96,2460.0
A-n60-k9,WOA,1,402027,97,2460.0
A-n60-k9,WOA,1,402027,98,2460.0
A-n60-k9,WOA,1,402027,99,2460.0
A-n60-k9,WOA,1,402027,100,2460.0
A-n60-k9,WOA,1,402027,101,2460.0
A-n60-k9,WOA,1,402027,102,2460.0
A-n60-k9,WOA,1,402027,103,2460.0
A-n60-k9,WOA,1,402027,104,2460.0
A-n60-k9,WOA,1,402027,105,2460.0
A-n60-k9,WOA,1,402027,106,2460.0
A-n60-k9,WOA,1,402027,107,2460.0
A-n60-k9,WOA,1,402027,108,2460.0
A-n60-k9,WOA,1,402027,109,2460.0
A-n60-k9,WOA,1,402027,110,2460.0
A-n60-k9,WOA,1,402027,111,2460.0
A-n60-k9,WOA,1,402027,112,2460.0
A-n60-k9,WOA,1,402027,113,2460.0
A-n60-k9,WOA,1,402027,114,2460.0
A-n60-k9,WOA,1,402027,115,2460.0
A-n60-k9,WOA,1,402027,116,2460.0
A-n60-k9,WOA,1,402027,117,2460.0
A-n60-k9,WOA,1,402027,118,2460.0
A-n60-k9,WOA,1,402027,119,2460.0
A-n60-k9,WOA,1,402027,120,2460.0
A-n60-k9,WOA,1,402027,121,2460.0
A-n60-k9,WOA,1,402027,122,2460.0
A-n60-k9,WOA,1,402027,123,2460.0
A-n60-k9,WOA,1,402027,124,2460.0
A-n60-k9,WOA,1,402027,125,2460.0
A-n60-k9,WOA,1,402027,126,2460.0
A-n60-k9,WOA,1,402027,127,2460.0
A-n60-k9,WOA,1,402027,128,2460.0
A-n60-k9,WOA,1,402027,129,2460.0
A-n60-k9,WOA,1,402027,130,2460.0
A-n60-k9,WOA,1,402027,131,2460.0
A-n60-k9,WOA,1,402027,132,2460.0
A-n60-k9,WOA,1,402027,133,2460.0
A-n60-k9,WOA,1,402027,134,2460.0
A-n60-k9,WOA,1,402027,135,2460.0
A-n60-k9,WOA,1,402027,136,2460.0
A-n60-k9,WOA,1,402027,137,2460.0
A-n60-k9,WOA,1,402027,138,2460.0
A-n60-k9,WOA,1,402027,139,2460.0
A-n60-k9,WOA,1,402027,140,2460.0
A-n60-k9,WOA,1,402027,141,2460.0
A-n60-k9,WOA,1,402027,142,2460.0
A-n60-k9,WOA,1,402027,143,2460.0
A-n60-k9,WOA,1,402027,144,2460.0
A-n60-k9,WOA,1,402027,145,2460.0
A-n60-k9,WOA,1,402027,146,2460.0
A-n60-k9,WOA,1,402027,147,2460.0
A-n60-k9,WOA,1,402027,148,2460.0
A-n60-k9,WOA,1,402027,149,2460.0
A-n60-k9,WOA,1,402027,150,2460.0
A-n60-k9,WOA,1,402027,151,2460.0
A-n60-k9,WOA,1,402027,152,2460.0
A-n60-k9,WOA,1,402027,153,2460.0
A-n60-k9,WOA,1,402027,154,2460.0
A-n60-k9,WOA,1,402027,155,2460.0
A-n60-k9,WOA,1,402027,156,2460.0
A-n60-k9,WOA,1,402027,157,2460.0
A-n60-k9,WOA,1,402027,158,2460.0
A-n60-k9,WOA,1,402027,159,2460.0
A-n60-k9,WOA,1,402027,160,2460.0
A-n60-k9,WOA,1,402027,161,2460.0
A-n60-k9,WOA,1,402027,162,2460.0
A-n60-k9,WOA,1,402027,163,2460.0
A-n60-k9,WOA,1,402027,164,2460.0
A-n60-k9,WOA,1,402027,165,2460.0
A-n60-k9,WOA,1,402027,166,2460.0
A-n60-k9,WOA,1,402027,167,2460.0
A-n60-k9,WOA,1,402027,168,2460.0
A-n60-k9,WOA,1,402027,169,2460.0
A-n60-k9,WOA,1,402027,170,2460.0
A-n60-k9,WOA,1,402027,171,2460.0
A-n60-k9,WOA,1,402027,172,2460.0
A-n60-k9,WOA,1,402027,173,2460.0
A-n60-k9,WOA,1,402027,174,2460.0
A-n60-k9,WOA,1,402027,175,2460.0
A-n60-k9,WOA,1,402027,176,2460.0
A-n60-k9,WOA,1,402027,177,2460.0
A-n60-k9,WOA,1,402027,178,2460.0
A-n60-k9,WOA,1,402027,179,2460.0
A-n60-k9,WOA,1,402027,180,2460.0
A-n60-k9,WOA,1,402027,181,2460.0
A-n60-k9,WOA,1,402027,182,2460.0
A-n60-k9,WOA,1,402027,183,2460.0
A-n60-k9,WOA,1,402027,184,2460.0
A-n60-k9,WOA,1,402027,185,2460.0
A-n60-k9,WOA,1,402027,186,2460.0
A-n60-k9,WOA,1,402027,187,2460.0
A-n60-k9,WOA,1,402027,188,2460.0
A-n60-k9,WOA,1,402027,189,2460.0
A-n60-k9,WOA,1,402027,190,2460.0
A-n60-k9,WOA,1,402027,191,2460.0
A-n60-k9,WOA,1,402027,192,2460.0
A-n60-k9,WOA,1,402027,193,2460.0
A-n60-k9,WOA,1,402027,194,2460.0
A-n60-k9,WOA,1,402027,195,2460.0
A-n60-k9,WOA,1,402027,196,2460.0
A-n60-k9,WOA,1,402027,197,2460.0
A-n60-k9,WOA,1,402027,198,2460.0
A-n60-k9,WOA,1,402027,199,2460.0
A-n60-k9,WOA,1,402027,200,2460.0
A-n60-k9,WOA,2,402028,1,3103.0
A-n60-k9,WOA,2,402028,2,3103.0
A-n60-k9,WOA,2,402028,3,3103.0
A-n60-k9,WOA,2,402028,4,3007.0
A-n60-k9,WOA,2,402028,5,3007.0
A-n60-k9,WOA,2,402028,6,3007.0
A-n60-k9,WOA,2,402028,7,3007.0
A-n60-k9,WOA,2,402028,8,2902.0
A-n60-k9,WOA,2,402028,9,2900.0
A-n60-k9,WOA,2,402028,10,2842.0
A-n60-k9,WOA,2,402028,11,2773.0
A-n60-k9,WOA,2,402028,12,2709.0
A-n60-k9,WOA,2,402028,13,2707.0
A-n60-k9,WOA,2,402028,14,2698.0
A-n60-k9,WOA,2,402028,15,2698.0
A-n60-k9,WOA,2,402028,16,2698.0
A-n60-k9,WOA,2,402028,17,2698.0
A-n60-k9,WOA,2,402028,18,2698.0
A-n60-k9,WOA,2,402028,19,2698.0
A-n60-k9,WOA,2,402028,20,2662.0
A-n60-k9,WOA,2,402028,21,2662.0
A-n60-k9,WOA,2,402028,22,2616.0
A-n60-k9,WOA,2,402028,23,2616.0
A-n60-k9,WOA,2,402028,24,2616.0
A-n60-k9,WOA,2,402028,25,2616.0
A-n60-k9,WOA,2,402028,26,2616.0
A-n60-k9,WOA,2,402028,27,2577.0
A-n60-k9,WOA,2,402028,28,2538.0
A-n60-k9,WOA,2,402028,29,2538.0
A-n60-k9,WOA,2,402028,30,2538.0
A-n60-k9,WOA,2,402028,31,2538.0
A-n60-k9,WOA,2,402028,32,2533.0
A-n60-k9,WOA,2,402028,33,2533.0
A-n60-k9,WOA,2,402028,34,2519.0
A-n60-k9,WOA,2,402028,35,2519.0
A-n60-k9,WOA,2,402028,36,2519.0
A-n60-k9,WOA,2,402028,37,2519.0
A-n60-k9,WOA,2,402028,38,2519.0
A-n60-k9,WOA,2,402028,39,2519.0
A-n60-k9,WOA,2,402028,40,2519.0
A-n60-k9,WOA,2,402028,41,2519.0
A-n60-k9,WOA,2,402028,42,2519.0
A-n60-k9,WOA,2,402028,43,2519.0
A-n60-k9,WOA,2,402028,44,2519.0
A-n60-k9,WOA,2,402028,45,2519.0
A-n60-k9,WOA,2,402028,46,2519.0
A-n60-k9,WOA,2,402028,47,2519.0
A-n60-k9,WOA,2,402028,48,2519.0
A-n60-k9,WOA,2,402028,49,2519.0
A-n60-k9,WOA,2,402028,50,2519.0
A-n60-k9,WOA,2,402028,51,2519.0
A-n60-k9,WOA,2,402028,52,2519.0
A-n60-k9,WOA,2,402028,53,2519.0
A-n60-k9,WOA,2,402028,54,2519.0
A-n60-k9,WOA,2,402028,55,2519.0
A-n60-k9,WOA,2,402028,56,2519.0
A-n60-k9,WOA,2,402028,57,2519.0
A-n60-k9,WOA,2,402028,58,2519.0
A-n60-k9,WOA,2,402028,59,2519.0
A-n60-k9,WOA,2,402028,60,2519.0
A-n60-k9,WOA,2,402028,61,2519.0
A-n60-k9,WOA,2,402028,62,2519.0
A-n60-k9,WOA,2,402028,63,2519.0
A-n60-k9,WOA,2,402028,64,2519.0
A-n60-k9,WOA,2,402028,65,2519.0
A-n60-k9,WOA,2,402028,66,2519.0
A-n60-k9,WOA,2,402028,67,2519.0
A-n60-k9,WOA,2,402028,68,2519.0
A-n60-k9,WOA,2,402028,69,2519.0
A-n60-k9,WOA,2,402028,70,2519.0
A-n60-k9,WOA,2,402028,71,2519.0
A-n60-k9,WOA,2,402028,72,2519.0
A-n60-k9,WOA,2,402028,73,2519.0
A-n60-k9,WOA,2,402028,74,2519.0
A-n60-k9,WOA,2,402028,75,2519.0
A-n60-k9,WOA,2,402028,76,2519.0
A-n60-k9,WOA,2,402028,77,2519.0
A-n60-k9,WOA,2,402028,78,2519.0
A-n60-k9,WOA,2,402028,79,2519.0
A-n60-k9,WOA,2,402028,80,2519.0
A-n60-k9,WOA,2,402028,81,2519.0
A-n60-k9,WOA,2,402028,82,2519.0
A-n60-k9,WOA,2,402028,83,2519.0
A-n60-k9,WOA,2,402028,84,2519.0
A-n60-k9,WOA,2,402028,85,2519.0
A-n60-k9,WOA,2,402028,86,2519.0
A-n60-k9,WOA,2,402028,87,2519.0
A-n60-k9,WOA,2,402028,88,2519.0
A-n60-k9,WOA,2,402028,89,2519.0
A-n60-k9,WOA,2,402028,90,2519.0
A-n60-k9,WOA,2,402028,91,2519.0
A-n60-k9,WOA,2,402028,92,2519.0
A-n60-k9,WOA,2,402028,93,2519.0
A-n60-k9,WOA,2,402028,94,2519.0
A-n60-k9,WOA,2,402028,95,2519.0
A-n60-k9,WOA,2,402028,96,2519.0
A-n60-k9,WOA,2,402028,97,2519.0
A-n60-k9,WOA,2,402028,98,2519.0
A-n60-k9,WOA,2,402028,99,2519.0
A-n60-k9,WOA,2,402028,100,2519.0
A-n60-k9,WOA,2,402028,101,2519.0
A-n60-k9,WOA,2,402028,102,2519.0
A-n60-k9,WOA,2,402028,103,2519.0
A-n60-k9,WOA,2,402028,104,2519.0
A-n60-k9,WOA,2,402028,105,2519.0
A-n60-k9,WOA,2,402028,106,2519.0
A-n60-k9,WOA,2,402028,107,2519.0
A-n60-k9,WOA,2,402028,108,2519.0
A-n60-k9,WOA,2,402028,109,2519.0
A-n60-k9,WOA,2,402028,110,2519.0
A-n60-k9,WOA,2,402028,111,2519.0
A-n60-k9,WOA,2,402028,112,2519.0
A-n60-k9,WOA,2,402028,113,2519.0
A-n60-k9,WOA,2,402028,114,2519.0
A-n60-k9,WOA,2,402028,115,2519.0
A-n60-k9,WOA,2,402028,116,2519.0
A-n60-k9,WOA,2,402028,117,2519.0
A-n60-k9,WOA,2,402028,118,2519.0
A-n60-k9,WOA,2,402028,119,2519.0
A-n60-k9,WOA,2,402028,120,2519.0
A-n60-k9,WOA,2,402028,121,2519.0
A-n60-k9,WOA,2,402028,122,2519.0
A-n60-k9,WOA,2,402028,123,2519.0
A-n60-k9,WOA,2,402028,124,2519.0
A-n60-k9,WOA,2,402028,125,2519.0
A-n60-k9,WOA,2,402028,126,2519.0
A-n60-k9,WOA,2,402028,127,2519.0
A-n60-k9,WOA,2,402028,128,2519.0
A-n60-k9,WOA,2,402028,129,2519.0
A-n60-k9,WOA,2,402028,130,2519.0
A-n60-k9,WOA,2,402028,131,2519.0
A-n60-k9,WOA,2,402028,132,2519.0
A-n60-k9,WOA,2,402028,133,2519.0
A-n60-k9,WOA,2,402028,134,2519.0
A-n60-k9,WOA,2,402028,135,2506.0
A-n60-k9,WOA,2,402028,136,2465.0
A-n60-k9,WOA,2,402028,137,2465.0
A-n60-k9,WOA,2,402028,138,2465.0
A-n60-k9,WOA,2,402028,139,2465.0
A-n60-k9,WOA,2,402028,140,2465.0
A-n60-k9,WOA,2,402028,141,2465.0
A-n60-k9,WOA,2,402028,142,2465.0
A-n60-k9,WOA,2,402028,143,2465.0
A-n60-k9,WOA,2,402028,144,2465.0
A-n60-k9,WOA,2,402028,145,2462.0
A-n60-k9,WOA,2,402028,146,2462.0
A-n60-k9,WOA,2,402028,147,2457.0
A-n60-k9,WOA,2,402028,148,2442.0
A-n60-k9,WOA,2,402028,149,2442.0
A-n60-k9,WOA,2,402028,150,2442.0
A-n60-k9,WOA,2,402028,151,2442.0
A-n60-k9,WOA,2,402028,152,2442.0
A-n60-k9,WOA,2,402028,153,2442.0
A-n60-k9,WOA,2,402028,154,2442.0
A-n60-k9,WOA,2,402028,155,2442.0
A-n60-k9,WOA,2,402028,156,2442.0
A-n60-k9,WOA,2,402028,157,2442.0
A-n60-k9,WOA,2,402028,158,2442.0
A-n60-k9,WOA,2,402028,159,2442.0
A-n60-k9,WOA,2,402028,160,2442.0
A-n60-k9,WOA,2,402028,161,2442.0
A-n60-k9,WOA,2,402028,162,2442.0
A-n60-k9,WOA,2,402028,163,2442.0
A-n60-k9,WOA,2,402028,164,2442.0
A-n60-k9,WOA,2,402028,165,2442.0
A-n60-k9,WOA,2,402028,166,2442.0
A-n60-k9,WOA,2,402028,167,2442.0
A-n60-k9,WOA,2,402028,168,2442.0
A-n60-k9,WOA,2,402028,169,2442.0
A-n60-k9,WOA,2,402028,170,2442.0
A-n60-k9,WOA,2,402028,171,2442.0
A-n60-k9,WOA,2,402028,172,2442.0
A-n60-k9,WOA,2,402028,173,2442.0
A-n60-k9,WOA,2,402028,174,2442.0
A-n60-k9,WOA,2,402028,175,2442.0
A-n60-k9,WOA,2,402028,176,2442.0
A-n60-k9,WOA,2,402028,177,2442.0
A-n60-k9,WOA,2,402028,178,2442.0
A-n60-k9,WOA,2,402028,179,2442.0
A-n60-k9,WOA,2,402028,180,2442.0
A-n60-k9,WOA,2,402028,181,2442.0
A-n60-k9,WOA,2,402028,182,2442.0
A-n60-k9,WOA,2,402028,183,2442.0
A-n60-k9,WOA,2,402028,184,2442.0
A-n60-k9,WOA,2,402028,185,2442.0
A-n60-k9,WOA,2,402028,186,2442.0
A-n60-k9,WOA,2,402028,187,2442.0
A-n60-k9,WOA,2,402028,188,2442.0
A-n60-k9,WOA,2,402028,189,2442.0
A-n60-k9,WOA,2,402028,190,2442.0
A-n60-k9,WOA,2,402028,191,2442.0
A-n60-k9,WOA,2,402028,192,2442.0
A-n60-k9,WOA,2,402028,193,2442.0
A-n60-k9,WOA,2,402028,194,2442.0
A-n60-k9,WOA,2,402028,195,2442.0
A-n60-k9,WOA,2,402028,196,2442.0
A-n60-k9,WOA,2,402028,197,2442.0
A-n60-k9,WOA,2,402028,198,2442.0
A-n60-k9,WOA,2,402028,199,2442.0
A-n60-k9,WOA,2,402028,200,2442.0
A-n60-k9,WOA,3,402029,1,3200.0
A-n60-k9,WOA,3,402029,2,3178.0
A-n60-k9,WOA,3,402029,3,3027.0
A-n60-k9,WOA,3,402029,4,3027.0
A-n60-k9,WOA,3,402029,5,3027.0
A-n60-k9,WOA,3,402029,6,3027.0
A-n60-k9,WOA,3,402029,7,3027.0
A-n60-k9,WOA,3,402029,8,3027.0
A-n60-k9,WOA,3,402029,9,3027.0
A-n60-k9,WOA,3,402029,10,3027.0
A-n60-k9,WOA,3,402029,11,2969.0
A-n60-k9,WOA,3,402029,12,2958.0
A-n60-k9,WOA,3,402029,13,2958.0
A-n60-k9,WOA,3,402029,14,2958.0
A-n60-k9,WOA,3,402029,15,2958.0
A-n60-k9,WOA,3,402029,16,2958.0
A-n60-k9,WOA,3,402029,17,2958.0
A-n60-k9,WOA,3,402029,18,2958.0
A-n60-k9,WOA,3,402029,19,2958.0
A-n60-k9,WOA,3,402029,20,2958.0
A-n60-k9,WOA,3,402029,21,2958.0
A-n60-k9,WOA,3,402029,22,2958.0
A-n60-k9,WOA,3,402029,23,2958.0
A-n60-k9,WOA,3,402029,24,2958.0
A-n60-k9,WOA,3,402029,25,2958.0
A-n60-k9,WOA,3,402029,26,2958.0
A-n60-k9,WOA,3,402029,27,2958.0
A-n60-k9,WOA,3,402029,28,2958.0
A-n60-k9,WOA,3,402029,29,2958.0
A-n60-k9,WOA,3,402029,30,2958.0
A-n60-k9,WOA,3,402029,31,2958.0
A-n60-k9,WOA,3,402029,32,2958.0
A-n60-k9,WOA,3,402029,33,2958.0
A-n60-k9,WOA,3,402029,34,2958.0
A-n60-k9,WOA,3,402029,35,2958.0
A-n60-k9,WOA,3,402029,36,2958.0
A-n60-k9,WOA,3,402029,37,2958.0
A-n60-k9,WOA,3,402029,38,2958.0
A-n60-k9,WOA,3,402029,39,2958.0
A-n60-k9,WOA,3,402029,40,2958.0
A-n60-k9,WOA,3,402029,41,2958.0
A-n60-k9,WOA,3,402029,42,2958.0
A-n60-k9,WOA,3,402029,43,2958.0
A-n60-k9,WOA,3,402029,44,2958.0
A-n60-k9,WOA,3,402029,45,2958.0
A-n60-k9,WOA,3,402029,46,2958.0
A-n60-k9,WOA,3,402029,47,2958.0
A-n60-k9,WOA,3,402029,48,2958.0
A-n60-k9,WOA,3,402029,49,2958.0
A-n60-k9,WOA,3,402029,50,2958.0
A-n60-k9,WOA,3,402029,51,2958.0
A-n60-k9,WOA,3,402029,52,2958.0
A-n60-k9,WOA,3,402029,53,2958.0
A-n60-k9,WOA,3,402029,54,2958.0
A-n60-k9,WOA,3,402029,55,2958.0
A-n60-k9,WOA,3,402029,56,2958.0
A-n60-k9,WOA,3,402029,57,2958.0
A-n60-k9,WOA,3,402029,58,2958.0
A-n60-k9,WOA,3,402029,59,2958.0
A-n60-k9,WOA,3,402029,60,2958.0
A-n60-k9,WOA,3,402029,61,2958.0
A-n60-k9,WOA,3,402029,62,2958.0
A-n60-k9,WOA,3,402029,63,2958.0
A-n60-k9,WOA,3,402029,64,2958.0
A-n60-k9,WOA,3,402029,65,2958.0
A-n60-k9,WOA,3,402029,66,2941.0
A-n60-k9,WOA,3,402029,67,2910.0
A-n60-k9,WOA,3,402029,68,2876.0
A-n60-k9,WOA,3,402029,69,2826.0
A-n60-k9,WOA,3,402029,70,2826.0
A-n60-k9,WOA,3,402029,71,2796.0
A-n60-k9,WOA,3,402029,72,2796.0
A-n60-k9,WOA,3,402029,73,2749.0
A-n60-k9,WOA,3,402029,74,2669.0
A-n60-k9,WOA,3,402029,75,2669.0
A-n60-k9,WOA,3,402029,76,2669.0
A-n60-k9,WOA,3,402029,77,2669.0
A-n60-k9,WOA,3,402029,78,2609.0
A-n60-k9,WOA,3,402029,79,2609.0
A-n60-k9,WOA,3,402029,80,2609.0
A-n60-k9,WOA,3,402029,81,2609.0
A-n60-k9,WOA,3,402029,82,2609.0
A-n60-k9,WOA,3,402029,83,2609.0
A-n60-k9,WOA,3,402029,84,2609.0
A-n60-k9,WOA,3,402029,85,2609.0
A-n60-k9,WOA,3,402029,86,2609.0
A-n60-k9,WOA,3,402029,87,2609.0
A-n60-k9,WOA,3,402029,88,2609.0
A-n60-k9,WOA,3,402029,89,2609.0
A-n60-k9,WOA,3,402029,90,2609.0
A-n60-k9,WOA,3,402029,91,2609.0
A-n60-k9,WOA,3,402029,92,2606.0
A-n60-k9,WOA,3,402029,93,2606.0
A-n60-k9,WOA,3,402029,94,2606.0
A-n60-k9,WOA,3,402029,95,2606.0
A-n60-k9,WOA,3,402029,96,2606.0
A-n60-k9,WOA,3,402029,97,2606.0
A-n60-k9,WOA,3,402029,98,2606.0
A-n60-k9,WOA,3,402029,99,2606.0
A-n60-k9,WOA,3,402029,100,2606.0
A-n60-k9,WOA,3,402029,101,2535.0
A-n60-k9,WOA,3,402029,102,2507.0
A-n60-k9,WOA,3,402029,103,2486.0
A-n60-k9,WOA,3,402029,104,2486.0
A-n60-k9,WOA,3,402029,105,2486.0
A-n60-k9,WOA,3,402029,106,2486.0
A-n60-k9,WOA,3,402029,107,2486.0
A-n60-k9,WOA,3,402029,108,2486.0
A-n60-k9,WOA,3,402029,109,2486.0
A-n60-k9,WOA,3,402029,110,2486.0
A-n60-k9,WOA,3,402029,111,2486.0
A-n60-k9,WOA,3,402029,112,2470.0
A-n60-k9,WOA,3,402029,113,2451.0
A-n60-k9,WOA,3,402029,114,2451.0
A-n60-k9,WOA,3,402029,115,2451.0
A-n60-k9,WOA,3,402029,116,2451.0
A-n60-k9,WOA,3,402029,117,2451.0
A-n60-k9,WOA,3,402029,118,2451.0
A-n60-k9,WOA,3,402029,119,2451.0
A-n60-k9,WOA,3,402029,120,2451.0
A-n60-k9,WOA,3,402029,121,2451.0
A-n60-k9,WOA,3,402029,122,2451.0
A-n60-k9,WOA,3,402029,123,2451.0
A-n60-k9,WOA,3,402029,124,2451.0
A-n60-k9,WOA,3,402029,125,2451.0
A-n60-k9,WOA,3,402029,126,2451.0
A-n60-k9,WOA,3,402029,127,2429.0
A-n60-k9,WOA,3,402029,128,2429.0
A-n60-k9,WOA,3,402029,129,2429.0
A-n60-k9,WOA,3,402029,130,2429.0
A-n60-k9,WOA,3,402029,131,2429.0
A-n60-k9,WOA,3,402029,132,2429.0
A-n60-k9,WOA,3,402029,133,2429.0
A-n60-k9,WOA,3,402029,134,2429.0
A-n60-k9,WOA,3,402029,135,2429.0
A-n60-k9,WOA,3,402029,136,2429.0
A-n60-k9,WOA,3,402029,137,2429.0
A-n60-k9,WOA,3,402029,138,2429.0
A-n60-k9,WOA,3,402029,139,2429.0
A-n60-k9,WOA,3,402029,140,2429.0
A-n60-k9,WOA,3,402029,141,2429.0
A-n60-k9,WOA,3,402029,142,2429.0
A-n60-k9,WOA,3,402029,143,2429.0
A-n60-k9,WOA,3,402029,144,2429.0
A-n60-k9,WOA,3,402029,145,2429.0
A-n60-k9,WOA,3,402029,146,2429.0
A-n60-k9,WOA,3,402029,147,2429.0
A-n60-k9,WOA,3,402029,148,2429.0
A-n60-k9,WOA,3,402029,149,2429.0
A-n60-k9,WOA,3,402029,150,2429.0
A-n60-k9,WOA,3,402029,151,2429.0
A-n60-k9,WOA,3,402029,152,2429.0
A-n60-k9,WOA,3,402029,153,2429.0
A-n60-k9,WOA,3,402029,154,2429.0
A-n60-k9,WOA,3,402029,155,2429.0
A-n60-k9,WOA,3,402029,156,2429.0
A-n60-k9,WOA,3,402029,157,2429.0
A-n60-k9,WOA,3,402029,158,2429.0
A-n60-k9,WOA,3,402029,159,2429.0
A-n60-k9,WOA,3,402029,160,2429.0
A-n60-k9,WOA,3,402029,161,2429.0
A-n60-k9,WOA,3,402029,162,2429.0
A-n60-k9,WOA,3,402029,163,2429.0
A-n60-k9,WOA,3,402029,164,2429.0
A-n60-k9,WOA,3,402029,165,2429.0
A-n60-k9,WOA,3,402029,166,2429.0
A-n60-k9,WOA,3,402029,167,2429.0
A-n60-k9,WOA,3,402029,168,2429.0
A-n60-k9,WOA,3,402029,169,2429.0
A-n60-k9,WOA,3,402029,170,2429.0
A-n60-k9,WOA,3,402029,171,2429.0
A-n60-k9,WOA,3,402029,172,2429.0
A-n60-k9,WOA,3,402029,173,2429.0
A-n60-k9,WOA,3,402029,174,2429.0
A-n60-k9,WOA,3,402029,175,2429.0
A-n60-k9,WOA,3,402029,176,2429.0
A-n60-k9,WOA,3,402029,177,2429.0
A-n60-k9,WOA,3,402029,178,2429.0
A-n60-k9,WOA,3,402029,179,2429.0
A-n60-k9,WOA,3,402029,180,2429.0
A-n60-k9,WOA,3,402029,181,2429.0
A-n60-k9,WOA,3,402029,182,2429.0
A-n60-k9,WOA,3,402029,183,2429.0
A-n60-k9,WOA,3,402029,184,2429.0
A-n60-k9,WOA,3,402029,185,2429.0
A-n60-k9,WOA,3,402029,186,2429.0
A-n60-k9,WOA,3,402029,187,2429.0
A-n60-k9,WOA,3,402029,188,2429.0
A-n60-k9,WOA,3,402029,189,2429.0
A-n60-k9,WOA,3,402029,190,2429.0
A-n60-k9,WOA,3,402029,191,2429.0
A-n60-k9,WOA,3,402029,192,2429.0
A-n60-k9,WOA,3,402029,193,2429.0
A-n60-k9,WOA,3,402029,194,2429.0
A-n60-k9,WOA,3,402029,195,2429.0
A-n60-k9,WOA,3,402029,196,2429.0
A-n60-k9,WOA,3,402029,197,2429.0
A-n60-k9,WOA,3,402029,198,2429.0
A-n60-k9,WOA,3,402029,199,2429.0
A-n60-k9,WOA,3,402029,200,2429.0
A-n60-k9,SSA,1,403027,1,3309.0
A-n60-k9,SSA,1,403027,2,3283.0
A-n60-k9,SSA,1,403027,3,3262.0
A-n60-k9,SSA,1,403027,4,3110.0
A-n60-k9,SSA,1,403027,5,3110.0
A-n60-k9,SSA,1,403027,6,3110.0
A-n60-k9,SSA,1,403027,7,3110.0
A-n60-k9,SSA,1,403027,8,3110.0
A-n60-k9,SSA,1,403027,9,3110.0
A-n60-k9,SSA,1,403027,10,3110.0
A-n60-k9,SSA,1,403027,11,3110.0
A-n60-k9,SSA,1,403027,12,3110.0
A-n60-k9,SSA,1,403027,13,3110.0
A-n60-k9,SSA,1,403027,14,3054.0
A-n60-k9,SSA,1,403027,15,3054.0
A-n60-k9,SSA,1,403027,16,3054.0
A-n60-k9,SSA,1,403027,17,3054.0
A-n60-k9,SSA,1,403027,18,3037.0
A-n60-k9,SSA,1,403027,19,3037.0
A-n60-k9,SSA,1,403027,20,3034.0
A-n60-k9,SSA,1,403027,21,3034.0
A-n60-k9,SSA,1,403027,22,3034.0
A-n60-k9,SSA,1,403027,23,3034.0
A-n60-k9,SSA,1,403027,24,3034.0
A-n60-k9,SSA,1,403027,25,3034.0
A-n60-k9,SSA,1,403027,26,3034.0
A-n60-k9,SSA,1,403027,27,3034.0
A-n60-k9,SSA,1,403027,28,3034.0
A-n60-k9,SSA,1,403027,29,3034.0
A-n60-k9,SSA,1,403027,30,3034.0
A-n60-k9,SSA,1,403027,31,3034.0
A-n60-k9,SSA,1,403027,32,3034.0
A-n60-k9,SSA,1,403027,33,3018.0
A-n60-k9,SSA,1,403027,34,3018.0
A-n60-k9,SSA,1,403027,35,3018.0
A-n60-k9,SSA,1,403027,36,3018.0
A-n60-k9,SSA,1,403027,37,3018.0
A-n60-k9,SSA,1,403027,38,3018.0
A-n60-k9,SSA,1,403027,39,3018.0
A-n60-k9,SSA,1,403027,40,3018.0
A-n60-k9,SSA,1,403027,41,3018.0
A-n60-k9,SSA,1,403027,42,3018.0
A-n60-k9,SSA,1,403027,43,3018.0
A-n60-k9,SSA,1,403027,44,3018.0
A-n60-k9,SSA,1,403027,45,3018.0
A-n60-k9,SSA,1,403027,46,3018.0
A-n60-k9,SSA,1,403027,47,3018.0
A-n60-k9,SSA,1,403027,48,3018.0
A-n60-k9,SSA,1,403027,49,3018.0
A-n60-k9,SSA,1,403027,50,3018.0
A-n60-k9,SSA,1,403027,51,2896.0
A-n60-k9,SSA,1,403027,52,2896.0
A-n60-k9,SSA,1,403027,53,2896.0
A-n60-k9,SSA,1,403027,54,2896.0
A-n60-k9,SSA,1,403027,55,2896.0
A-n60-k9,SSA,1,403027,56,2896.0
A-n60-k9,SSA,1,403027,57,2896.0
A-n60-k9,SSA,1,403027,58,2896.0
A-n60-k9,SSA,1,403027,59,2896.0
A-n60-k9,SSA,1,403027,60,2896.0
A-n60-k9,SSA,1,403027,61,2896.0
A-n60-k9,SSA,1,403027,62,2896.0
A-n60-k9,SSA,1,403027,63,2896.0
A-n60-k9,SSA,1,403027,64,2896.0
A-n60-k9,SSA,1,403027,65,2896.0
A-n60-k9,SSA,1,403027,66,2896.0
A-n60-k9,SSA,1,403027,67,2896.0
A-n60-k9,SSA,1,403027,68,2896.0
A-n60-k9,SSA,1,403027,69,2896.0
A-n60-k9,SSA,1,403027,70,2896.0
A-n60-k9,SSA,1,403027,71,2896.0
A-n60-k9,SSA,1,403027,72,2896.0
A-n60-k9,SSA,1,403027,73,2896.0
A-n60-k9,SSA,1,403027,74,2896.0
A-n60-k9,SSA,1,403027,75,2896.0
A-n60-k9,SSA,1,403027,76,2896.0
A-n60-k9,SSA,1,403027,77,2896.0
A-n60-k9,SSA,1,403027,78,2896.0
A-n60-k9,SSA,1,403027,79,2896.0
A-n60-k9,SSA,1,403027,80,2896.0
A-n60-k9,SSA,1,403027,81,2896.0
A-n60-k9,SSA,1,403027,82,2896.0
A-n60-k9,SSA,1,403027,83,2896.0
A-n60-k9,SSA,1,403027,84,2896.0
A-n60-k9,SSA,1,403027,85,2896.0
A-n60-k9,SSA,1,403027,86,2818.0
A-n60-k9,SSA,1,403027,87,2818.0
A-n60-k9,SSA,1,403027,88,2818.0
A-n60-k9,SSA,1,403027,89,2818.0
A-n60-k9,SSA,1,403027,90,2818.0
A-n60-k9,SSA,1,403027,91,2818.0
A-n60-k9,SSA,1,403027,92,2818.0
A-n60-k9,SSA,1,403027,93,2818.0
A-n60-k9,SSA,1,403027,94,2818.0
A-n60-k9,SSA,1,403027,95,2818.0
A-n60-k9,SSA,1,403027,96,2818.0
A-n60-k9,SSA,1,403027,97,2818.0
A-n60-k9,SSA,1,403027,98,2818.0
A-n60-k9,SSA,1,403027,99,2818.0
A-n60-k9,SSA,1,403027,100,2818.0
A-n60-k9,SSA,1,403027,101,2818.0
A-n60-k9,SSA,1,403027,102,2818.0
A-n60-k9,SSA,1,403027,103,2818.0
A-n60-k9,SSA,1,403027,104,2818.0
A-n60-k9,SSA,1,403027,105,2818.0
A-n60-k9,SSA,1,403027,106,2818.0
A-n60-k9,SSA,1,403027,107,2818.0
A-n60-k9,SSA,1,403027,108,2818.0
A-n60-k9,SSA,1,403027,109,2818.0
A-n60-k9,SSA,1,403027,110,2818.0
A-n60-k9,SSA,1,403027,111,2818.0
A-n60-k9,SSA,1,403027,112,2818.0
A-n60-k9,SSA,1,403027,113,2818.0
A-n60-k9,SSA,1,403027,114,2818.0
A-n60-k9,SSA,1,403027,115,2818.0
A-n60-k9,SSA,1,403027,116,2818.0
A-n60-k9,SSA,1,403027,117,2818.0
A-n60-k9,SSA,1,403027,118,2818.0
A-n60-k9,SSA,1,403027,119,2818.0
A-n60-k9,SSA,1,403027,120,2818.0
A-n60-k9,SSA,1,403027,121,2818.0
A-n60-k9,SSA,1,403027,122,2818.0
A-n60-k9,SSA,1,403027,123,2818.0
A-n60-k9,SSA,1,403027,124,2818.0
A-n60-k9,SSA,1,403027,125,2818.0
A-n60-k9,SSA,1,403027,126,2818.0
A-n60-k9,SSA,1,403027,127,2818.0
A-n60-k9,SSA,1,403027,128,2818.0
A-n60-k9,SSA,1,403027,129,2818.0
A-n60-k9,SSA,1,403027,130,2818.0
A-n60-k9,SSA,1,403027,131,2818.0
A-n60-k9,SSA,1,403027,132,2818.0
A-n60-k9,SSA,1,403027,133,2818.0
A-n60-k9,SSA,1,403027,134,2815.0
A-n60-k9,SSA,1,403027,135,2815.0
A-n60-k9,SSA,1,403027,136,2815.0
A-n60-k9,SSA,1,403027,137,2815.0
A-n60-k9,SSA,1,403027,138,2815.0
A-n60-k9,SSA,1,403027,139,2815.0
A-n60-k9,SSA,1,403027,140,2815.0
A-n60-k9,SSA,1,403027,141,2815.0
A-n60-k9,SSA,1,403027,142,2815.0
A-n60-k9,SSA,1,403027,143,2815.0
A-n60-k9,SSA,1,403027,144,2815.0
A-n60-k9,SSA,1,403027,145,2815.0
A-n60-k9,SSA,1,403027,146,2815.0
A-n60-k9,SSA,1,403027,147,2815.0
A-n60-k9,SSA,1,403027,148,2815.0
A-n60-k9,SSA,1,403027,149,2815.0
A-n60-k9,SSA,1,403027,150,2815.0
A-n60-k9,SSA,1,403027,151,2815.0
A-n60-k9,SSA,1,403027,152,2815.0
A-n60-k9,SSA,1,403027,153,2815.0
A-n60-k9,SSA,1,403027,154,2815.0
A-n60-k9,SSA,1,403027,155,2815.0
A-n60-k9,SSA,1,403027,156,2815.0
A-n60-k9,SSA,1,403027,157,2815.0
A-n60-k9,SSA,1,403027,158,2815.0
A-n60-k9,SSA,1,403027,159,2815.0
A-n60-k9,SSA,1,403027,160,2815.0
A-n60-k9,SSA,1,403027,161,2815.0
A-n60-k9,SSA,1,403027,162,2815.0
A-n60-k9,SSA,1,403027,163,2815.0
A-n60-k9,SSA,1,403027,164,2815.0
A-n60-k9,SSA,1,403027,165,2815.0
A-n60-k9,SSA,1,403027,166,2815.0
A-n60-k9,SSA,1,403027,167,2815.0
A-n60-k9,SSA,1,403027,168,2815.0
A-n60-k9,SSA,1,403027,169,2815.0
A-n60-k9,SSA,1,403027,170,2815.0
A-n60-k9,SSA,1,403027,171,2815.0
A-n60-k9,SSA,1,403027,172,2815.0
A-n60-k9,SSA,1,403027,173,2815.0
A-n60-k9,SSA,1,403027,174,2815.0
A-n60-k9,SSA,1,403027,175,2815.0
A-n60-k9,SSA,1,403027,176,2815.0
A-n60-k9,SSA,1,403027,177,2815.0
A-n60-k9,SSA,1,403027,178,2815.0
A-n60-k9,SSA,1,403027,179,2815.0
A-n60-k9,SSA,1,403027,180,2815.0
A-n60-k9,SSA,1,403027,181,2815.0
A-n60-k9,SSA,1,403027,182,2815.0
A-n60-k9,SSA,1,403027,183,2815.0
A-n60-k9,SSA,1,403027,184,2815.0
A-n60-k9,SSA,1,403027,185,2815.0
A-n60-k9,SSA,1,403027,186,2815.0
A-n60-k9,SSA,1,403027,187,2815.0
A-n60-k9,SSA,1,403027,188,2815.0
A-n60-k9,SSA,1,403027,189,2815.0
A-n60-k9,SSA,1,403027,190,2815.0
A-n60-k9,SSA,1,403027,191,2815.0
A-n60-k9,SSA,1,403027,192,2815.0
A-n60-k9,SSA,1,403027,193,2815.0
A-n60-k9,SSA,1,403027,194,2815.0
A-n60-k9,SSA,1,403027,195,2815.0
A-n60-k9,SSA,1,403027,196,2815.0
A-n60-k9,SSA,1,403027,197,2815.0
A-n60-k9,SSA,1,403027,198,2815.0
A-n60-k9,SSA,1,403027,199,2815.0
A-n60-k9,SSA,1,403027,200,2815.0
A-n60-k9,SSA,2,403028,1,3240.0
A-n60-k9,SSA,2,403028,2,3240.0
A-n60-k9,SSA,2,403028,3,3240.0
A-n60-k9,SSA,2,403028,4,3051.0
A-n60-k9,SSA,2,403028,5,3051.0
A-n60-k9,SSA,2,403028,6,3051.0
A-n60-k9,SSA,2,403028,7,3051.0
A-n60-k9,SSA,2,403028,8,3044.0
A-n60-k9,SSA,2,403028,9,3044.0
A-n60-k9,SSA,2,403028,10,3044.0
A-n60-k9,SSA,2,403028,11,3044.0
A-n60-k9,SSA,2,403028,12,3044.0
A-n60-k9,SSA,2,403028,13,3044.0
A-n60-k9,SSA,2,403028,14,3044.0
A-n60-k9,SSA,2,403028,15,3044.0
A-n60-k9,SSA,2,403028,16,3044.0
A-n60-k9,SSA,2,403028,17,3044.0
A-n60-k9,SSA,2,403028,18,3044.0
A-n60-k9,SSA,2,403028,19,3044.0
A-n60-k9,SSA,2,403028,20,3044.0
A-n60-k9,SSA,2,403028,21,3044.0
A-n60-k9,SSA,2,403028,22,3044.0
A-n60-k9,SSA,2,403028,23,3044.0
A-n60-k9,SSA,2,403028,24,2984.0
A-n60-k9,SSA,2,403028,25,2984.0
A-n60-k9,SSA,2,403028,26,2984.0
A-n60-k9,SSA,2,403028,27,2710.0
A-n60-k9,SSA,2,403028,28,2710.0
A-n60-k9,SSA,2,403028,29,2710.0
A-n60-k9,SSA,2,403028,30,2710.0
A-n60-k9,SSA,2,403028,31,2710.0
A-n60-k9,SSA,2,403028,32,2710.0
A-n60-k9,SSA,2,403028,33,2710.0
A-n60-k9,SSA,2,403028,34,2710.0
A-n60-k9,SSA,2,403028,35,2710.0
A-n60-k9,SSA,2,403028,36,2710.0
A-n60-k9,SSA,2,403028,37,2710.0
A-n60-k9,SSA,2,403028,38,2710.0
A-n60-k9,SSA,2,403028,39,2710.0
A-n60-k9,SSA,2,403028,40,2710.0
A-n60-k9,SSA,2,403028,41,2710.0
A-n60-k9,SSA,2,403028,42,2710.0
A-n60-k9,SSA,2,403028,43,2710.0
A-n60-k9,SSA,2,403028,44,2710.0
A-n60-k9,SSA,2,403028,45,2710.0
A-n60-k9,SSA,2,403028,46,2710.0
A-n60-k9,SSA,2,403028,47,2710.0
A-n60-k9,SSA,2,403028,48,2710.0
A-n60-k9,SSA,2,403028,49,2710.0
A-n60-k9,SSA,2,403028,50,2710.0
A-n60-k9,SSA,2,403028,51,2710.0
A-n60-k9,SSA,2,403028,52,2710.0
A-n60-k9,SSA,2,403028,53,2710.0
A-n60-k9,SSA,2,403028,54,2710.0
A-n60-k9,SSA,2,403028,55,2710.0
A-n60-k9,SSA,2,403028,56,2710.0
A-n60-k9,SSA,2,403028,57,2710.0
A-n60-k9,SSA,2,403028,58,2710.0
A-n60-k9,SSA,2,403028,59,2710.0
A-n60-k9,SSA,2,403028,60,2710.0
A-n60-k9,SSA,2,403028,61,2710.0
A-n60-k9,SSA,2,403028,62,2710.0
A-n60-k9,SSA,2,403028,63,2710.0
A-n60-k9,SSA,2,403028,64,2710.0
A-n60-k9,SSA,2,403028,65,2710.0
A-n60-k9,SSA,2,403028,66,2710.0
A-n60-k9,SSA,2,403028,67,2710.0
A-n60-k9,SSA,2,403028,68,2710.0
A-n60-k9,SSA,2,403028,69,2710.0
A-n60-k9,SSA,2,403028,70,2710.0
A-n60-k9,SSA,2,403028,71,2710.0
A-n60-k9,SSA,2,403028,72,2710.0
A-n60-k9,SSA,2,403028,73,2710.0
A-n60-k9,SSA,2,403028,74,2710.0
A-n60-k9,SSA,2,403028,75,2710.0
A-n60-k9,SSA,2,403028,76,2710.0
A-n60-k9,SSA,2,403028,77,2710.0
A-n60-k9,SSA,2,403028,78,2710.0
A-n60-k9,SSA,2,403028,79,2710.0
A-n60-k9,SSA,2,403028,80,2710.0
A-n60-k9,SSA,2,403028,81,2710.0
A-n60-k9,SSA,2,403028,82,2710.0
A-n60-k9,SSA,2,403028,83,2710.0
A-n60-k9,SSA,2,403028,84,2710.0
A-n60-k9,SSA,2,403028,85,2710.0
A-n60-k9,SSA,2,403028,86,2710.0
A-n60-k9,SSA,2,403028,87,2710.0
A-n60-k9,SSA,2,403028,88,2710.0
A-n60-k9,SSA,2,403028,89,2710.0
A-n60-k9,SSA,2,403028,90,2710.0
A-n60-k9,SSA,2,403028,91,2710.0
A-n60-k9,SSA,2,403028,92,2710.0
A-n60-k9,SSA,2,403028,93,2710.0
A-n60-k9,SSA,2,403028,94,2710.0
A-n60-k9,SSA,2,403028,95,2710.0
A-n60-k9,SSA,2,403028,96,2710.0
A-n60-k9,SSA,2,403028,97,2710.0
A-n60-k9,SSA,2,403028,98,2710.0
A-n60-k9,SSA,2,403028,99,2710.0
A-n60-k9,SSA,2,403028,100,2710.0
A-n60-k9,SSA,2,403028,101,2710.0
A-n60-k9,SSA,2,403028,102,2710.0
A-n60-k9,SSA,2,403028,103,2710.0
A-n60-k9,SSA,2,403028,104,2710.0
A-n60-k9,SSA,2,403028,105,2710.0
A-n60-k9,SSA,2,403028,106,2710.0
A-n60-k9,SSA,2,403028,107,2710.0
A-n60-k9,SSA,2,403028,108,2710.0
A-n60-k9,SSA,2,403028,109,2710.0
A-n60-k9,SSA,2,403028,110,2710.0
A-n60-k9,SSA,2,403028,111,2710.0
A-n60-k9,SSA,2,403028,112,2710.0
A-n60-k9,SSA,2,403028,113,2710.0
A-n60-k9,SSA,2,403028,114,2710.0
A-n60-k9,SSA,2,403028,115,2710.0
A-n60-k9,SSA,2,403028,116,2710.0
A-n60-k9,SSA,2,403028,117,2710.0
A-n60-k9,SSA,2,403028,118,2710.0
A-n60-k9,SSA,2,403028,119,2710.0
A-n60-k9,SSA,2,403028,120,2710.0
A-n60-k9,SSA,2,403028,121,2710.0
A-n60-k9,SSA,2,403028,122,2710.0
A-n60-k9,SSA,2,403028,123,2710.0
A-n60-k9,SSA,2,403028,124,2710.0
A-n60-k9,SSA,2,403028,125,2710.0
A-n60-k9,SSA,2,403028,126,2647.0
A-n60-k9,SSA,2,403028,127,2647.0
A-n60-k9,SSA,2,403028,128,2647.0
A-n60-k9,SSA,2,403028,129,2647.0
A-n60-k9,SSA,2,403028,130,2647.0
A-n60-k9,SSA,2,403028,131,2644.0
A-n60-k9,SSA,2,403028,132,2644.0
A-n60-k9,SSA,2,403028,133,2644.0
A-n60-k9,SSA,2,403028,134,2644.0
A-n60-k9,SSA,2,403028,135,2644.0
A-n60-k9,SSA,2,403028,136,2644.0
A-n60-k9,SSA,2,403028,137,2644.0
A-n60-k9,SSA,2,403028,138,2644.0
A-n60-k9,SSA,2,403028,139,2644.0
A-n60-k9,SSA,2,403028,140,2644.0
A-n60-k9,SSA,2,403028,141,2644.0
A-n60-k9,SSA,2,403028,142,2644.0
A-n60-k9,SSA,2,403028,143,2644.0
A-n60-k9,SSA,2,403028,144,2644.0
A-n60-k9,SSA,2,403028,145,2644.0
A-n60-k9,SSA,2,403028,146,2644.0
A-n60-k9,SSA,2,403028,147,2644.0
A-n60-k9,SSA,2,403028,148,2644.0
A-n60-k9,SSA,2,403028,149,2644.0
A-n60-k9,SSA,2,403028,150,2644.0
A-n60-k9,SSA,2,403028,151,2644.0
A-n60-k9,SSA,2,403028,152,2644.0
A-n60-k9,SSA,2,403028,153,2644.0
A-n60-k9,SSA,2,403028,154,2644.0
A-n60-k9,SSA,2,403028,155,2644.0
A-n60-k9,SSA,2,403028,156,2644.0
A-n60-k9,SSA,2,403028,157,2644.0
A-n60-k9,SSA,2,403028,158,2644.0
A-n60-k9,SSA,2,403028,159,2644.0
A-n60-k9,SSA,2,403028,160,2644.0
A-n60-k9,SSA,2,403028,161,2644.0
A-n60-k9,SSA,2,403028,162,2644.0
A-n60-k9,SSA,2,403028,163,2644.0
A-n60-k9,SSA,2,403028,164,2644.0
A-n60-k9,SSA,2,403028,165,2644.0
A-n60-k9,SSA,2,403028,166,2644.0
A-n60-k9,SSA,2,403028,167,2644.0
A-n60-k9,SSA,2,403028,168,2644.0
A-n60-k9,SSA,2,403028,169,2644.0
A-n60-k9,SSA,2,403028,170,2644.0
A-n60-k9,SSA,2,403028,171,2644.0
A-n60-k9,SSA,2,403028,172,2644.0
A-n60-k9,SSA,2,403028,173,2644.0
A-n60-k9,SSA,2,403028,174,2644.0
A-n60-k9,SSA,2,403028,175,2644.0
A-n60-k9,SSA,2,403028,176,2644.0
A-n60-k9,SSA,2,403028,177,2644.0
A-n60-k9,SSA,2,403028,178,2644.0
A-n60-k9,SSA,2,403028,179,2644.0
A-n60-k9,SSA,2,403028,180,2644.0
A-n60-k9,SSA,2,403028,181,2644.0
A-n60-k9,SSA,2,403028,182,2644.0
A-n60-k9,SSA,2,403028,183,2644.0
A-n60-k9,SSA,2,403028,184,2644.0
A-n60-k9,SSA,2,403028,185,2644.0
A-n60-k9,SSA,2,403028,186,2644.0
A-n60-k9,SSA,2,403028,187,2644.0
A-n60-k9,SSA,2,403028,188,2644.0
A-n60-k9,SSA,2,403028,189,2644.0
A-n60-k9,SSA,2,403028,190,2644.0
A-n60-k9,SSA,2,403028,191,2644.0
A-n60-k9,SSA,2,403028,192,2644.0
A-n60-k9,SSA,2,403028,193,2644.0
A-n60-k9,SSA,2,403028,194,2644.0
A-n60-k9,SSA,2,403028,195,2644.0
A-n60-k9,SSA,2,403028,196,2644.0
A-n60-k9,SSA,2,403028,197,2644.0
A-n60-k9,SSA,2,403028,198,2644.0
A-n60-k9,SSA,2,403028,199,2644.0
A-n60-k9,SSA,2,403028,200,2644.0
A-n60-k9,SSA,3,403029,1,3144.0
A-n60-k9,SSA,3,403029,2,3024.0
A-n60-k9,SSA,3,403029,3,3024.0
A-n60-k9,SSA,3,403029,4,3024.0
A-n60-k9,SSA,3,403029,5,3024.0
A-n60-k9,SSA,3,403029,6,3024.0
A-n60-k9,SSA,3,403029,7,3024.0
A-n60-k9,SSA,3,403029,8,3024.0
A-n60-k9,SSA,3,403029,9,3024.0
A-n60-k9,SSA,3,403029,10,3024.0
A-n60-k9,SSA,3,403029,11,3024.0
A-n60-k9,SSA,3,403029,12,3024.0
A-n60-k9,SSA,3,403029,13,3024.0
A-n60-k9,SSA,3,403029,14,3024.0
A-n60-k9,SSA,3,403029,15,3024.0
A-n60-k9,SSA,3,403029,16,3024.0
A-n60-k9,SSA,3,403029,17,3024.0
A-n60-k9,SSA,3,403029,18,3024.0
A-n60-k9,SSA,3,403029,19,3024.0
A-n60-k9,SSA,3,403029,20,3024.0
A-n60-k9,SSA,3,403029,21,3024.0
A-n60-k9,SSA,3,403029,22,3024.0
A-n60-k9,SSA,3,403029,23,3024.0
A-n60-k9,SSA,3,403029,24,3024.0
A-n60-k9,SSA,3,403029,25,3024.0
A-n60-k9,SSA,3,403029,26,3024.0
A-n60-k9,SSA,3,403029,27,3024.0
A-n60-k9,SSA,3,403029,28,3024.0
A-n60-k9,SSA,3,403029,29,3024.0
A-n60-k9,SSA,3,403029,30,3024.0
A-n60-k9,SSA,3,403029,31,3024.0
A-n60-k9,SSA,3,403029,32,3024.0
A-n60-k9,SSA,3,403029,33,3024.0
A-n60-k9,SSA,3,403029,34,3024.0
A-n60-k9,SSA,3,403029,35,3024.0
A-n60-k9,SSA,3,403029,36,3024.0
A-n60-k9,SSA,3,403029,37,3024.0
A-n60-k9,SSA,3,403029,38,3024.0
A-n60-k9,SSA,3,403029,39,3024.0
A-n60-k9,SSA,3,403029,40,2995.0
A-n60-k9,SSA,3,403029,41,2995.0
A-n60-k9,SSA,3,403029,42,2995.0
A-n60-k9,SSA,3,403029,43,2995.0
A-n60-k9,SSA,3,403029,44,2995.0
A-n60-k9,SSA,3,403029,45,2995.0
A-n60-k9,SSA,3,403029,46,2995.0
A-n60-k9,SSA,3,403029,47,2995.0
A-n60-k9,SSA,3,403029,48,2995.0
A-n60-k9,SSA,3,403029,49,2995.0
A-n60-k9,SSA,3,403029,50,2995.0
A-n60-k9,SSA,3,403029,51,2995.0
A-n60-k9,SSA,3,403029,52,2995.0
A-n60-k9,SSA,3,403029,53,2995.0
A-n60-k9,SSA,3,403029,54,2995.0
A-n60-k9,SSA,3,403029,55,2995.0
A-n60-k9,SSA,3,403029,56,2995.0
A-n60-k9,SSA,3,403029,57,2995.0
A-n60-k9,SSA,3,403029,58,2995.0
A-n60-k9,SSA,3,403029,59,2995.0
A-n60-k9,SSA,3,403029,60,2995.0
A-n60-k9,SSA,3,403029,61,2995.0
A-n60-k9,SSA,3,403029,62,2995.0
A-n60-k9,SSA,3,403029,63,2995.0
A-n60-k9,SSA,3,403029,64,2995.0
A-n60-k9,SSA,3,403029,65,2942.0
A-n60-k9,SSA,3,403029,66,2942.0
A-n60-k9,SSA,3,403029,67,2942.0
A-n60-k9,SSA,3,403029,68,2942.0
A-n60-k9,SSA,3,403029,69,2942.0
A-n60-k9,SSA,3,403029,70,2942.0
A-n60-k9,SSA,3,403029,71,2942.0
A-n60-k9,SSA,3,403029,72,2942.0
A-n60-k9,SSA,3,403029,73,2942.0
A-n60-k9,SSA,3,403029,74,2942.0
A-n60-k9,SSA,3,403029,75,2942.0
A-n60-k9,SSA,3,403029,76,2942.0
A-n60-k9,SSA,3,403029,77,2942.0
A-n60-k9,SSA,3,403029,78,2942.0
A-n60-k9,SSA,3,403029,79,2942.0
A-n60-k9,SSA,3,403029,80,2942.0
A-n60-k9,SSA,3,403029,81,2942.0
A-n60-k9,SSA,3,403029,82,2942.0
A-n60-k9,SSA,3,403029,83,2942.0
A-n60-k9,SSA,3,403029,84,2942.0
A-n60-k9,SSA,3,403029,85,2942.0
A-n60-k9,SSA,3,403029,86,2942.0
A-n60-k9,SSA,3,403029,87,2942.0
A-n60-k9,SSA,3,403029,88,2942.0
A-n60-k9,SSA,3,403029,89,2942.0
A-n60-k9,SSA,3,403029,90,2942.0
A-n60-k9,SSA,3,403029,91,2942.0
A-n60-k9,SSA,3,403029,92,2942.0
A-n60-k9,SSA,3,403029,93,2942.0
A-n60-k9,SSA,3,403029,94,2942.0
A-n60-k9,SSA,3,403029,95,2942.0
A-n60-k9,SSA,3,403029,96,2942.0
A-n60-k9,SSA,3,403029,97,2942.0
A-n60-k9,SSA,3,403029,98,2942.0
A-n60-k9,SSA,3,403029,99,2942.0
A-n60-k9,SSA,3,403029,100,2942.0
A-n60-k9,SSA,3,403029,101,2942.0
A-n60-k9,SSA,3,403029,102,2942.0
A-n60-k9,SSA,3,403029,103,2942.0
A-n60-k9,SSA,3,403029,104,2942.0
A-n60-k9,SSA,3,403029,105,2942.0
A-n60-k9,SSA,3,403029,106,2942.0
A-n60-k9,SSA,3,403029,107,2942.0
A-n60-k9,SSA,3,403029,108,2942.0
A-n60-k9,SSA,3,403029,109,2942.0
A-n60-k9,SSA,3,403029,110,2942.0
A-n60-k9,SSA,3,403029,111,2942.0
A-n60-k9,SSA,3,403029,112,2942.0
A-n60-k9,SSA,3,403029,113,2942.0
A-n60-k9,SSA,3,403029,114,2942.0
A-n60-k9,SSA,3,403029,115,2942.0
A-n60-k9,SSA,3,403029,116,2942.0
A-n60-k9,SSA,3,403029,117,2942.0
A-n60-k9,SSA,3,403029,118,2942.0
A-n60-k9,SSA,3,403029,119,2942.0
A-n60-k9,SSA,3,403029,120,2942.0
A-n60-k9,SSA,3,403029,121,2942.0
A-n60-k9,SSA,3,403029,122,2942.0
A-n60-k9,SSA,3,403029,123,2942.0
A-n60-k9,SSA,3,403029,124,2942.0
A-n60-k9,SSA,3,403029,125,2942.0
A-n60-k9,SSA,3,403029,126,2942.0
A-n60-k9,SSA,3,403029,127,2942.0
A-n60-k9,SSA,3,403029,128,2942.0
A-n60-k9,SSA,3,403029,129,2942.0
A-n60-k9,SSA,3,403029,130,2942.0
A-n60-k9,SSA,3,403029,131,2942.0
A-n60-k9,SSA,3,403029,132,2942.0
A-n60-k9,SSA,3,403029,133,2870.0
A-n60-k9,SSA,3,403029,134,2870.0
A-n60-k9,SSA,3,403029,135,2870.0
A-n60-k9,SSA,3,403029,136,2870.0
A-n60-k9,SSA,3,403029,137,2870.0
A-n60-k9,SSA,3,403029,138,2870.0
A-n60-k9,SSA,3,403029,139,2870.0
A-n60-k9,SSA,3,403029,140,2870.0
A-n60-k9,SSA,3,403029,141,2870.0
A-n60-k9,SSA,3,403029,142,2870.0
A-n60-k9,SSA,3,403029,143,2870.0
A-n60-k9,SSA,3,403029,144,2870.0
A-n60-k9,SSA,3,403029,145,2870.0
A-n60-k9,SSA,3,403029,146,2870.0
A-n60-k9,SSA,3,403029,147,2870.0
A-n60-k9,SSA,3,403029,148,2870.0
A-n60-k9,SSA,3,403029,149,2870.0
A-n60-k9,SSA,3,403029,150,2870.0
A-n60-k9,SSA,3,403029,151,2870.0
A-n60-k9,SSA,3,403029,152,2870.0
A-n60-k9,SSA,3,403029,153,2870.0
A-n60-k9,SSA,3,403029,154,2870.0
A-n60-k9,SSA,3,403029,155,2870.0
A-n60-k9,SSA,3,403029,156,2870.0
A-n60-k9,SSA,3,403029,157,2870.0
A-n60-k9,SSA,3,403029,158,2870.0
A-n60-k9,SSA,3,403029,159,2870.0
A-n60-k9,SSA,3,403029,160,2870.0
A-n60-k9,SSA,3,403029,161,2870.0
A-n60-k9,SSA,3,403029,162,2870.0
A-n60-k9,SSA,3,403029,163,2870.0
A-n60-k9,SSA,3,403029,164,2870.0
A-n60-k9,SSA,3,403029,165,2870.0
A-n60-k9,SSA,3,403029,166,2870.0
A-n60-k9,SSA,3,403029,167,2870.0
A-n60-k9,SSA,3,403029,168,2870.0
A-n60-k9,SSA,3,403029,169,2870.0
A-n60-k9,SSA,3,403029,170,2870.0
A-n60-k9,SSA,3,403029,171,2870.0
A-n60-k9,SSA,3,403029,172,2870.0
A-n60-k9,SSA,3,403029,173,2866.0
A-n60-k9,SSA,3,403029,174,2866.0
A-n60-k9,SSA,3,403029,175,2866.0
A-n60-k9,SSA,3,403029,176,2866.0
A-n60-k9,SSA,3,403029,177,2866.0
A-n60-k9,SSA,3,403029,178,2866.0
A-n60-k9,SSA,3,403029,179,2866.0
A-n60-k9,SSA,3,403029,180,2866.0
A-n60-k9,SSA,3,403029,181,2866.0
A-n60-k9,SSA,3,403029,182,2866.0
A-n60-k9,SSA,3,403029,183,2866.0
A-n60-k9,SSA,3,403029,184,2866.0
A-n60-k9,SSA,3,403029,185,2866.0
A-n60-k9,SSA,3,403029,186,2866.0
A-n60-k9,SSA,3,403029,187,2866.0
A-n60-k9,SSA,3,403029,188,2866.0
A-n60-k9,SSA,3,403029,189,2866.0
A-n60-k9,SSA,3,403029,190,2866.0
A-n60-k9,SSA,3,403029,191,2866.0
A-n60-k9,SSA,3,403029,192,2866.0
A-n60-k9,SSA,3,403029,193,2866.0
A-n60-k9,SSA,3,403029,194,2866.0
A-n60-k9,SSA,3,403029,195,2866.0
A-n60-k9,SSA,3,403029,196,2866.0
A-n60-k9,SSA,3,403029,197,2866.0
A-n60-k9,SSA,3,403029,198,2866.0
A-n60-k9,SSA,3,403029,199,2866.0
A-n60-k9,SSA,3,403029,200,2866.0
A-n60-k9,M-WOA,1,404027,1,2169.0
A-n60-k9,M-WOA,1,404027,2,2089.0
A-n60-k9,M-WOA,1,404027,3,2086.0
A-n60-k9,M-WOA,1,404027,4,2086.0
A-n60-k9,M-WOA,1,404027,5,1996.0
A-n60-k9,M-WOA,1,404027,6,1996.0
A-n60-k9,M-WOA,1,404027,7,1948.0
A-n60-k9,M-WOA,1,404027,8,1943.0
A-n60-k9,M-WOA,1,404027,9,1943.0
A-n60-k9,M-WOA,1,404027,10,1927.0
A-n60-k9,M-WOA,1,404027,11,1927.0
A-n60-k9,M-WOA,1,404027,12,1927.0
A-n60-k9,M-WOA,1,404027,13,1927.0
A-n60-k9,M-WOA,1,404027,14,1870.0
A-n60-k9,M-WOA,1,404027,15,1870.0
A-n60-k9,M-WOA,1,404027,16,1870.0
A-n60-k9,M-WOA,1,404027,17,1833.0
A-n60-k9,M-WOA,1,404027,18,1780.0
A-n60-k9,M-WOA,1,404027,19,1780.0
A-n60-k9,M-WOA,1,404027,20,1719.0
A-n60-k9,M-WOA,1,404027,21,1719.0
A-n60-k9,M-WOA,1,404027,22,1719.0
A-n60-k9,M-WOA,1,404027,23,1719.0
A-n60-k9,M-WOA,1,404027,24,1719.0
A-n60-k9,M-WOA,1,404027,25,1719.0
A-n60-k9,M-WOA,1,404027,26,1719.0
A-n60-k9,M-WOA,1,404027,27,1719.0
A-n60-k9,M-WOA,1,404027,28,1719.0
A-n60-k9,M-WOA,1,404027,29,1719.0
A-n60-k9,M-WOA,1,404027,30,1719.0
A-n60-k9,M-WOA,1,404027,31,1712.0
A-n60-k9,M-WOA,1,404027,32,1667.0
A-n60-k9,M-WOA,1,404027,33,1633.0
A-n60-k9,M-WOA,1,404027,34,1633.0
A-n60-k9,M-WOA,1,404027,35,1633.0
A-n60-k9,M-WOA,1,404027,36,1611.0
A-n60-k9,M-WOA,1,404027,37,1611.0
A-n60-k9,M-WOA,1,404027,38,1611.0
A-n60-k9,M-WOA,1,404027,39,1611.0
A-n60-k9,M-WOA,1,404027,40,1611.0
A-n60-k9,M-WOA,1,404027,41,1608.0
A-n60-k9,M-WOA,1,404027,42,1591.0
A-n60-k9,M-WOA,1,404027,43,1591.0
A-n60-k9,M-WOA,1,404027,44,1591.0
A-n60-k9,M-WOA,1,404027,45,1591.0
A-n60-k9,M-WOA,1,404027,46,1591.0
A-n60-k9,M-WOA,1,404027,47,1591.0
A-n60-k9,M-WOA,1,404027,48,1591.0
A-n60-k9,M-WOA,1,404027,49,1591.0
A-n60-k9,M-WOA,1,404027,50,1591.0
A-n60-k9,M-WOA,1,404027,51,1591.0
A-n60-k9,M-WOA,1,404027,52,1591.0
A-n60-k9,M-WOA,1,404027,53,1591.0
A-n60-k9,M-WOA,1,404027,54,1591.0
A-n60-k9,M-WOA,1,404027,55,1591.0
A-n60-k9,M-WOA,1,404027,56,1591.0
A-n60-k9,M-WOA,1,404027,57,1591.0
A-n60-k9,M-WOA,1,404027,58,1576.0
A-n60-k9,M-WOA,1,404027,59,1576.0
A-n60-k9,M-WOA,1,404027,60,1576.0
A-n60-k9,M-WOA,1,404027,61,1576.0
A-n60-k9,M-WOA,1,404027,62,1576.0
A-n60-k9,M-WOA,1,404027,63,1576.0
A-n60-k9,M-WOA,1,404027,64,1576.0
A-n60-k9,M-WOA,1,404027,65,1576.0
A-n60-k9,M-WOA,1,404027,66,1576.0
A-n60-k9,M-WOA,1,404027,67,1576.0
A-n60-k9,M-WOA,1,404027,68,1576.0
A-n60-k9,M-WOA,1,404027,69,1576.0
A-n60-k9,M-WOA,1,404027,70,1576.0
A-n60-k9,M-WOA,1,404027,71,1576.0
A-n60-k9,M-WOA,1,404027,72,1575.0
A-n60-k9,M-WOA,1,404027,73,1575.0
A-n60-k9,M-WOA,1,404027,74,1575.0
A-n60-k9,M-WOA,1,404027,75,1575.0
A-n60-k9,M-WOA,1,404027,76,1575.0
A-n60-k9,M-WOA,1,404027,77,1575.0
A-n60-k9,M-WOA,1,404027,78,1575.0
A-n60-k9,M-WOA,1,404027,79,1575.0
A-n60-k9,M-WOA,1,404027,80,1575.0
A-n60-k9,M-WOA,1,404027,81,1575.0
A-n60-k9,M-WOA,1,404027,82,1575.0
A-n60-k9,M-WOA,1,404027,83,1575.0
A-n60-k9,M-WOA,1,404027,84,1571.0
A-n60-k9,M-WOA,1,404027,85,1571.0
A-n60-k9,M-WOA,1,404027,86,1571.0
A-n60-k9,M-WOA,1,404027,87,1571.0
A-n60-k9,M-WOA,1,404027,88,1571.0
A-n60-k9,M-WOA,1,404027,89,1571.0
A-n60-k9,M-WOA,1,404027,90,1571.0
A-n60-k9,M-WOA,1,404027,91,1571.0
A-n60-k9,M-WOA,1,404027,92,1571.0
A-n60-k9,M-WOA,1,404027,93,1570.0
A-n60-k9,M-WOA,1,404027,94,1570.0
A-n60-k9,M-WOA,1,404027,95,1570.0
A-n60-k9,M-WOA,1,404027,96,1570.0
A-n60-k9,M-WOA,1,404027,97,1570.0
A-n60-k9,M-WOA,1,404027,98,1570.0
A-n60-k9,M-WOA,1,404027,99,1570.0
A-n60-k9,M-WOA,1,404027,100,1570.0
A-n60-k9,M-WOA,1,404027,101,1570.0
A-n60-k9,M-WOA,1,404027,102,1570.0
A-n60-k9,M-WOA,1,404027,103,1570.0
A-n60-k9,M-WOA,1,404027,104,1570.0
A-n60-k9,M-WOA,1,404027,105,1570.0
A-n60-k9,M-WOA,1,404027,106,1570.0
A-n60-k9,M-WOA,1,404027,107,1570.0
A-n60-k9,M-WOA,1,404027,108,1570.0
A-n60-k9,M-WOA,1,404027,109,1570.0
A-n60-k9,M-WOA,1,404027,110,1570.0
A-n60-k9,M-WOA,1,404027,111,1570.0
A-n60-k9,M-WOA,1,404027,112,1570.0
A-n60-k9,M-WOA,1,404027,113,1570.0
A-n60-k9,M-WOA,1,404027,114,1570.0
A-n60-k9,M-WOA,1,404027,115,1570.0
A-n60-k9,M-WOA,1,404027,116,1570.0
A-n60-k9,M-WOA,1,404027,117,1570.0
A-n60-k9,M-WOA,1,404027,118,1570.0
A-n60-k9,M-WOA,1,404027,119,1570.0
A-n60-k9,M-WOA,1,404027,120,1570.0
A-n60-k9,M-WOA,1,404027,121,1570.0
A-n60-k9,M-WOA,1,404027,122,1570.0
A-n60-k9,M-WOA,1,404027,123,1570.0
A-n60-k9,M-WOA,1,404027,124,1570.0
A-n60-k9,M-WOA,1,404027,125,1570.0
A-n60-k9,M-WOA,1,404027,126,1570.0
A-n60-k9,M-WOA,1,404027,127,1570.0
A-n60-k9,M-WOA,1,404027,128,1570.0
A-n60-k9,M-WOA,1,404027,129,1570.0
A-n60-k9,M-WOA,1,404027,130,1570.0
A-n60-k9,M-WOA,1,404027,131,1570.0
A-n60-k9,M-WOA,1,404027,132,1570.0
A-n60-k9,M-WOA,1,404027,133,1570.0
A-n60-k9,M-WOA,1,404027,134,1570.0
A-n60-k9,M-WOA,1,404027,135,1570.0
A-n60-k9,M-WOA,1,404027,136,1570.0
A-n60-k9,M-WOA,1,404027,137,1570.0
A-n60-k9,M-WOA,1,404027,138,1570.0
A-n60-k9,M-WOA,1,404027,139,1570.0
A-n60-k9,M-WOA,1,404027,140,1570.0
A-n60-k9,M-WOA,1,404027,141,1570.0
A-n60-k9,M-WOA,1,404027,142,1570.0
A-n60-k9,M-WOA,1,404027,143,1570.0
A-n60-k9,M-WOA,1,404027,144,1570.0
A-n60-k9,M-WOA,1,404027,145,1570.0
A-n60-k9,M-WOA,1,404027,146,1570.0
A-n60-k9,M-WOA,1,404027,147,1570.0
A-n60-k9,M-WOA,1,404027,148,1570.0
A-n60-k9,M-WOA,1,404027,149,1570.0
A-n60-k9,M-WOA,1,404027,150,1570.0
A-n60-k9,M-WOA,1,404027,151,1570.0
A-n60-k9,M-WOA,1,404027,152,1570.0
A-n60-k9,M-WOA,1,404027,153,1570.0
A-n60-k9,M-WOA,1,404027,154,1570.0
A-n60-k9,M-WOA,1,404027,155,1570.0
A-n60-k9,M-WOA,1,404027,156,1570.0
A-n60-k9,M-WOA,1,404027,157,1570.0
A-n60-k9,M-WOA,1,404027,158,1570.0
A-n60-k9,M-WOA,1,404027,159,1570.0
A-n60-k9,M-WOA,1,404027,160,1570.0
A-n60-k9,M-WOA,1,404027,161,1570.0
A-n60-k9,M-WOA,1,404027,162,1570.0
A-n60-k9,M-WOA,1,404027,163,1570.0
A-n60-k9,M-WOA,1,404027,164,1570.0
A-n60-k9,M-WOA,1,404027,165,1570.0
A-n60-k9,M-WOA,1,404027,166,1570.0
A-n60-k9,M-WOA,1,404027,167,1570.0
A-n60-k9,M-WOA,1,404027,168,1570.0
A-n60-k9,M-WOA,1,404027,169,1570.0
A-n60-k9,M-WOA,1,404027,170,1570.0
A-n60-k9,M-WOA,1,404027,171,1570.0
A-n60-k9,M-WOA,1,404027,172,1570.0
A-n60-k9,M-WOA,1,404027,173,1570.0
A-n60-k9,M-WOA,1,404027,174,1570.0
A-n60-k9,M-WOA,1,404027,175,1570.0
A-n60-k9,M-WOA,1,404027,176,1570.0
A-n60-k9,M-WOA,1,404027,177,1570.0
A-n60-k9,M-WOA,1,404027,178,1570.0
A-n60-k9,M-WOA,1,404027,179,1570.0
A-n60-k9,M-WOA,1,404027,180,1570.0
A-n60-k9,M-WOA,1,404027,181,1570.0
A-n60-k9,M-WOA,1,404027,182,1570.0
A-n60-k9,M-WOA,1,404027,183,1570.0
A-n60-k9,M-WOA,1,404027,184,1570.0
A-n60-k9,M-WOA,1,404027,185,1570.0
A-n60-k9,M-WOA,1,404027,186,1570.0
A-n60-k9,M-WOA,1,404027,187,1570.0
A-n60-k9,M-WOA,1,404027,188,1570.0
A-n60-k9,M-WOA,1,404027,189,1570.0
A-n60-k9,M-WOA,1,404027,190,1570.0
A-n60-k9,M-WOA,1,404027,191,1570.0
A-n60-k9,M-WOA,1,404027,192,1570.0
A-n60-k9,M-WOA,1,404027,193,1570.0
A-n60-k9,M-WOA,1,404027,194,1570.0
A-n60-k9,M-WOA,1,404027,195,1570.0
A-n60-k9,M-WOA,1,404027,196,1570.0
A-n60-k9,M-WOA,1,404027,197,1570.0
A-n60-k9,M-WOA,1,404027,198,1570.0
A-n60-k9,M-WOA,1,404027,199,1570.0
A-n60-k9,M-WOA,1,404027,200,1570.0
A-n60-k9,M-WOA,2,404028,1,2182.0
A-n60-k9,M-WOA,2,404028,2,2182.0
A-n60-k9,M-WOA,2,404028,3,2094.0
A-n60-k9,M-WOA,2,404028,4,2005.0
A-n60-k9,M-WOA,2,404028,5,1926.0
A-n60-k9,M-WOA,2,404028,6,1825.0
A-n60-k9,M-WOA,2,404028,7,1776.0
A-n60-k9,M-WOA,2,404028,8,1750.0
A-n60-k9,M-WOA,2,404028,9,1750.0
A-n60-k9,M-WOA,2,404028,10,1712.0
A-n60-k9,M-WOA,2,404028,11,1712.0
A-n60-k9,M-WOA,2,404028,12,1712.0
A-n60-k9,M-WOA,2,404028,13,1712.0
A-n60-k9,M-WOA,2,404028,14,1712.0
A-n60-k9,M-WOA,2,404028,15,1711.0
A-n60-k9,M-WOA,2,404028,16,1711.0
A-n60-k9,M-WOA,2,404028,17,1711.0
A-n60-k9,M-WOA,2,404028,18,1711.0
A-n60-k9,M-WOA,2,404028,19,1711.0
A-n60-k9,M-WOA,2,404028,20,1711.0
A-n60-k9,M-WOA,2,404028,21,1711.0
A-n60-k9,M-WOA,2,404028,22,1711.0
A-n60-k9,M-WOA,2,404028,23,1711.0
A-n60-k9,M-WOA,2,404028,24,1711.0
A-n60-k9,M-WOA,2,404028,25,1711.0
A-n60-k9,M-WOA,2,404028,26,1711.0
A-n60-k9,M-WOA,2,404028,27,1711.0
A-n60-k9,M-WOA,2,404028,28,1711.0
A-n60-k9,M-WOA,2,404028,29,1711.0
A-n60-k9,M-WOA,2,404028,30,1711.0
A-n60-k9,M-WOA,2,404028,31,1711.0
A-n60-k9,M-WOA,2,404028,32,1711.0
A-n60-k9,M-WOA,2,404028,33,1711.0
A-n60-k9,M-WOA,2,404028,34,1711.0
A-n60-k9,M-WOA,2,404028,35,1711.0
A-n60-k9,M-WOA,2,404028,36,1711.0
A-n60-k9,M-WOA,2,404028,37,1691.0
A-n60-k9,M-WOA,2,404028,38,1691.0
A-n60-k9,M-WOA,2,404028,39,1691.0
A-n60-k9,M-WOA,2,404028,40,1691.0
A-n60-k9,M-WOA,2,404028,41,1691.0
A-n60-k9,M-WOA,2,404028,42,1646.0
A-n60-k9,M-WOA,2,404028,43,1646.0
A-n60-k9,M-WOA,2,404028,44,1646.0
A-n60-k9,M-WOA,2,404028,45,1646.0
A-n60-k9,M-WOA,2,404028,46,1646.0
A-n60-k9,M-WOA,2,404028,47,1646.0
A-n60-k9,M-WOA,2,404028,48,1646.0
A-n60-k9,M-WOA,2,404028,49,1646.0
A-n60-k9,M-WOA,2,404028,50,1646.0
A-n60-k9,M-WOA,2,404028,51,1646.0
A-n60-k9,M-WOA,2,404028,52,1646.0
A-n60-k9,M-WOA,2,404028,53,1646.0
A-n60-k9,M-WOA,2,404028,54,1646.0
A-n60-k9,M-WOA,2,404028,55,1646.0
A-n60-k9,M-WOA,2,404028,56,1635.0
A-n60-k9,M-WOA,2,404028,57,1635.0
A-n60-k9,M-WOA,2,404028,58,1635.0
A-n60-k9,M-WOA,2,404028,59,1635.0
A-n60-k9,M-WOA,2,404028,60,1635.0
A-n60-k9,M-WOA,2,404028,61,1635.0
A-n60-k9,M-WOA,2,404028,62,1635.0
A-n60-k9,M-WOA,2,404028,63,1635.0
A-n60-k9,M-WOA,2,404028,64,1635.0
A-n60-k9,M-WOA,2,404028,65,1635.0
A-n60-k9,M-WOA,2,404028,66,1635.0
A-n60-k9,M-WOA,2,404028,67,1635.0
A-n60-k9,M-WOA,2,404028,68,1635.0
A-n60-k9,M-WOA,2,404028,69,1635.0
A-n60-k9,M-WOA,2,404028,70,1635.0
A-n60-k9,M-WOA,2,404028,71,1635.0
A-n60-k9,M-WOA,2,404028,72,1635.0
A-n60-k9,M-WOA,2,404028,73,1635.0
A-n60-k9,M-WOA,2,404028,74,1635.0
A-n60-k9,M-WOA,2,404028,75,1635.0
A-n60-k9,M-WOA,2,404028,76,1635.0
A-n60-k9,M-WOA,2,404028,77,1635.0
A-n60-k9,M-WOA,2,404028,78,1635.0
A-n60-k9,M-WOA,2,404028,79,1635.0
A-n60-k9,M-WOA,2,404028,80,1635.0
A-n60-k9,M-WOA,2,404028,81,1635.0
A-n60-k9,M-WOA,2,404028,82,1635.0
A-n60-k9,M-WOA,2,404028,83,1635.0
A-n60-k9,M-WOA,2,404028,84,1635.0
A-n60-k9,M-WOA,2,404028,85,1635.0
A-n60-k9,M-WOA,2,404028,86,1633.0
A-n60-k9,M-WOA,2,404028,87,1623.0
A-n60-k9,M-WOA,2,404028,88,1604.0
A-n60-k9,M-WOA,2,404028,89,1604.0
A-n60-k9,M-WOA,2,404028,90,1604.0
A-n60-k9,M-WOA,2,404028,91,1604.0
A-n60-k9,M-WOA,2,404028,92,1598.0
A-n60-k9,M-WOA,2,404028,93,1598.0
A-n60-k9,M-WOA,2,404028,94,1598.0
A-n60-k9,M-WOA,2,404028,95,1598.0
A-n60-k9,M-WOA,2,404028,96,1598.0
A-n60-k9,M-WOA,2,404028,97,1598.0
A-n60-k9,M-WOA,2,404028,98,1598.0
A-n60-k9,M-WOA,2,404028,99,1598.0
A-n60-k9,M-WOA,2,404028,100,1598.0
A-n60-k9,M-WOA,2,404028,101,1598.0
A-n60-k9,M-WOA,2,404028,102,1598.0
A-n60-k9,M-WOA,2,404028,103,1598.0
A-n60-k9,M-WOA,2,404028,104,1598.0
A-n60-k9,M-WOA,2,404028,105,1598.0
A-n60-k9,M-WOA,2,404028,106,1598.0
A-n60-k9,M-WOA,2,404028,107,1598.0
A-n60-k9,M-WOA,2,404028,108,1598.0
A-n60-k9,M-WOA,2,404028,109,1598.0
A-n60-k9,M-WOA,2,404028,110,1598.0
A-n60-k9,M-WOA,2,404028,111,1598.0
A-n60-k9,M-WOA,2,404028,112,1598.0
A-n60-k9,M-WOA,2,404028,113,1596.0
A-n60-k9,M-WOA,2,404028,114,1596.0
A-n60-k9,M-WOA,2,404028,115,1596.0
A-n60-k9,M-WOA,2,404028,116,1596.0
A-n60-k9,M-WOA,2,404028,117,1596.0
A-n60-k9,M-WOA,2,404028,118,1596.0
A-n60-k9,M-WOA,2,404028,119,1566.0
A-n60-k9,M-WOA,2,404028,120,1566.0
A-n60-k9,M-WOA,2,404028,121,1566.0
A-n60-k9,M-WOA,2,404028,122,1566.0
A-n60-k9,M-WOA,2,404028,123,1566.0
A-n60-k9,M-WOA,2,404028,124,1566.0
A-n60-k9,M-WOA,2,404028,125,1566.0
A-n60-k9,M-WOA,2,404028,126,1566.0
A-n60-k9,M-WOA,2,404028,127,1566.0
A-n60-k9,M-WOA,2,404028,128,1566.0
A-n60-k9,M-WOA,2,404028,129,1565.0
A-n60-k9,M-WOA,2,404028,130,1565.0
A-n60-k9,M-WOA,2,404028,131,1565.0
A-n60-k9,M-WOA,2,404028,132,1565.0
A-n60-k9,M-WOA,2,404028,133,1565.0
A-n60-k9,M-WOA,2,404028,134,1565.0
A-n60-k9,M-WOA,2,404028,135,1565.0
A-n60-k9,M-WOA,2,404028,136,1565.0
A-n60-k9,M-WOA,2,404028,137,1565.0
A-n60-k9,M-WOA,2,404028,138,1565.0
A-n60-k9,M-WOA,2,404028,139,1565.0
A-n60-k9,M-WOA,2,404028,140,1565.0
A-n60-k9,M-WOA,2,404028,141,1565.0
A-n60-k9,M-WOA,2,404028,142,1565.0
A-n60-k9,M-WOA,2,404028,143,1565.0
A-n60-k9,M-WOA,2,404028,144,1565.0
A-n60-k9,M-WOA,2,404028,145,1565.0
A-n60-k9,M-WOA,2,404028,146,1565.0
A-n60-k9,M-WOA,2,404028,147,1565.0
A-n60-k9,M-WOA,2,404028,148,1565.0
A-n60-k9,M-WOA,2,404028,149,1565.0
A-n60-k9,M-WOA,2,404028,150,1565.0
A-n60-k9,M-WOA,2,404028,151,1565.0
A-n60-k9,M-WOA,2,404028,152,1565.0
A-n60-k9,M-WOA,2,404028,153,1565.0
A-n60-k9,M-WOA,2,404028,154,1565.0
A-n60-k9,M-WOA,2,404028,155,1565.0
A-n60-k9,M-WOA,2,404028,156,1565.0
A-n60-k9,M-WOA,2,404028,157,1565.0
A-n60-k9,M-WOA,2,404028,158,1565.0
A-n60-k9,M-WOA,2,404028,159,1565.0
A-n60-k9,M-WOA,2,404028,160,1565.0
A-n60-k9,M-WOA,2,404028,161,1565.0
A-n60-k9,M-WOA,2,404028,162,1565.0
A-n60-k9,M-WOA,2,404028,163,1565.0
A-n60-k9,M-WOA,2,404028,164,1565.0
A-n60-k9,M-WOA,2,404028,165,1565.0
A-n60-k9,M-WOA,2,404028,166,1565.0
A-n60-k9,M-WOA,2,404028,167,1565.0
A-n60-k9,M-WOA,2,404028,168,1565.0
A-n60-k9,M-WOA,2,404028,169,1565.0
A-n60-k9,M-WOA,2,404028,170,1561.0
A-n60-k9,M-WOA,2,404028,171,1561.0
A-n60-k9,M-WOA,2,404028,172,1561.0
A-n60-k9,M-WOA,2,404028,173,1561.0
A-n60-k9,M-WOA,2,404028,174,1561.0
A-n60-k9,M-WOA,2,404028,175,1561.0
A-n60-k9,M-WOA,2,404028,176,1561.0
A-n60-k9,M-WOA,2,404028,177,1561.0
A-n60-k9,M-WOA,2,404028,178,1561.0
A-n60-k9,M-WOA,2,404028,179,1561.0
A-n60-k9,M-WOA,2,404028,180,1561.0
A-n60-k9,M-WOA,2,404028,181,1561.0
A-n60-k9,M-WOA,2,404028,182,1561.0
A-n60-k9,M-WOA,2,404028,183,1561.0
A-n60-k9,M-WOA,2,404028,184,1561.0
A-n60-k9,M-WOA,2,404028,185,1561.0
A-n60-k9,M-WOA,2,404028,186,1561.0
A-n60-k9,M-WOA,2,404028,187,1561.0
A-n60-k9,M-WOA,2,404028,188,1561.0
A-n60-k9,M-WOA,2,404028,189,1561.0
A-n60-k9,M-WOA,2,404028,190,1561.0
A-n60-k9,M-WOA,2,404028,191,1561.0
A-n60-k9,M-WOA,2,404028,192,1561.0
A-n60-k9,M-WOA,2,404028,193,1561.0
A-n60-k9,M-WOA,2,404028,194,1561.0
A-n60-k9,M-WOA,2,404028,195,1561.0
A-n60-k9,M-WOA,2,404028,196,1561.0
A-n60-k9,M-WOA,2,404028,197,1561.0
A-n60-k9,M-WOA,2,404028,198,1561.0
A-n60-k9,M-WOA,2,404028,199,1561.0
A-n60-k9,M-WOA,2,404028,200,1561.0
A-n60-k9,M-WOA,3,404029,1,2123.0
A-n60-k9,M-WOA,3,404029,2,2015.0
A-n60-k9,M-WOA,3,404029,3,2015.0
A-n60-k9,M-WOA,3,404029,4,2010.0
A-n60-k9,M-WOA,3,404029,5,1957.0
A-n60-k9,M-WOA,3,404029,6,1925.0
A-n60-k9,M-WOA,3,404029,7,1845.0
A-n60-k9,M-WOA,3,404029,8,1784.0
A-n60-k9,M-WOA,3,404029,9,1784.0
A-n60-k9,M-WOA,3,404029,10,1766.0
A-n60-k9,M-WOA,3,404029,11,1766.0
A-n60-k9,M-WOA,3,404029,12,1766.0
A-n60-k9,M-WOA,3,404029,13,1766.0
A-n60-k9,M-WOA,3,404029,14,1760.0
A-n60-k9,M-WOA,3,404029,15,1760.0
A-n60-k9,M-WOA,3,404029,16,1721.0
A-n60-k9,M-WOA,3,404029,17,1721.0
A-n60-k9,M-WOA,3,404029,18,1721.0
A-n60-k9,M-WOA,3,404029,19,1704.0
A-n60-k9,M-WOA,3,404029,20,1704.0
A-n60-k9,M-WOA,3,404029,21,1701.0
A-n60-k9,M-WOA,3,404029,22,1668.0
A-n60-k9,M-WOA,3,404029,23,1557.0
A-n60-k9,M-WOA,3,404029,24,1557.0
A-n60-k9,M-WOA,3,404029,25,1557.0
A-n60-k9,M-WOA,3,404029,26,1557.0
A-n60-k9,M-WOA,3,404029,27,1557.0
A-n60-k9,M-WOA,3,404029,28,1542.0
A-n60-k9,M-WOA,3,404029,29,1532.0
A-n60-k9,M-WOA,3,404029,30,1532.0
A-n60-k9,M-WOA,3,404029,31,1531.0
A-n60-k9,M-WOA,3,404029,32,1523.0
A-n60-k9,M-WOA,3,404029,33,1523.0
A-n60-k9,M-WOA,3,404029,34,1523.0
A-n60-k9,M-WOA,3,404029,35,1523.0
A-n60-k9,M-WOA,3,404029,36,1523.0
A-n60-k9,M-WOA,3,404029,37,1523.0
A-n60-k9,M-WOA,3,404029,38,1523.0
A-n60-k9,M-WOA,3,404029,39,1523.0
A-n60-k9,M-WOA,3,404029,40,1523.0
A-n60-k9,M-WOA,3,404029,41,1523.0
A-n60-k9,M-WOA,3,404029,42,1523.0
A-n60-k9,M-WOA,3,404029,43,1518.0
A-n60-k9,M-WOA,3,404029,44,1487.0
A-n60-k9,M-WOA,3,404029,45,1487.0
A-n60-k9,M-WOA,3,404029,46,1487.0
A-n60-k9,M-WOA,3,404029,47,1487.0
A-n60-k9,M-WOA,3,404029,48,1487.0
A-n60-k9,M-WOA,3,404029,49,1487.0
A-n60-k9,M-WOA,3,404029,50,1487.0
A-n60-k9,M-WOA,3,404029,51,1487.0
A-n60-k9,M-WOA,3,404029,52,1487.0
A-n60-k9,M-WOA,3,404029,53,1487.0
A-n60-k9,M-WOA,3,404029,54,1487.0
A-n60-k9,M-WOA,3,404029,55,1487.0
A-n60-k9,M-WOA,3,404029,56,1487.0
A-n60-k9,M-WOA,3,404029,57,1487.0
A-n60-k9,M-WOA,3,404029,58,1480.0
A-n60-k9,M-WOA,3,404029,59,1477.0
A-n60-k9,M-WOA,3,404029,60,1477.0
A-n60-k9,M-WOA,3,404029,61,1477.0
A-n60-k9,M-WOA,3,404029,62,1477.0
A-n60-k9,M-WOA,3,404029,63,1477.0
A-n60-k9,M-WOA,3,404029,64,1477.0
A-n60-k9,M-WOA,3,404029,65,1477.0
A-n60-k9,M-WOA,3,404029,66,1477.0
A-n60-k9,M-WOA,3,404029,67,1477.0
A-n60-k9,M-WOA,3,404029,68,1477.0
A-n60-k9,M-WOA,3,404029,69,1477.0
A-n60-k9,M-WOA,3,404029,70,1477.0
A-n60-k9,M-WOA,3,404029,71,1477.0
A-n60-k9,M-WOA,3,404029,72,1477.0
A-n60-k9,M-WOA,3,404029,73,1477.0
A-n60-k9,M-WOA,3,404029,74,1477.0
A-n60-k9,M-WOA,3,404029,75,1477.0
A-n60-k9,M-WOA,3,404029,76,1477.0
A-n60-k9,M-WOA,3,404029,77,1477.0
A-n60-k9,M-WOA,3,404029,78,1477.0
A-n60-k9,M-WOA,3,404029,79,1477.0
A-n60-k9,M-WOA,3,404029,80,1477.0
A-n60-k9,M-WOA,3,404029,81,1477.0
A-n60-k9,M-WOA,3,404029,82,1477.0
A-n60-k9,M-WOA,3,404029,83,1477.0
A-n60-k9,M-WOA,3,404029,84,1477.0
A-n60-k9,M-WOA,3,404029,85,1477.0
A-n60-k9,M-WOA,3,404029,86,1477.0
A-n60-k9,M-WOA,3,404029,87,1477.0
A-n60-k9,M-WOA,3,404029,88,1477.0
A-n60-k9,M-WOA,3,404029,89,1477.0
A-n60-k9,M-WOA,3,404029,90,1477.0
A-n60-k9,M-WOA,3,404029,91,1477.0
A-n60-k9,M-WOA,3,404029,92,1477.0
A-n60-k9,M-WOA,3,404029,93,1477.0
A-n60-k9,M-WOA,3,404029,94,1477.0
A-n60-k9,M-WOA,3,404029,95,1477.0
A-n60-k9,M-WOA,3,404029,96,1477.0
A-n60-k9,M-WOA,3,404029,97,1477.0
A-n60-k9,M-WOA,3,404029,98,1477.0
A-n60-k9,M-WOA,3,404029,99,1477.0
A-n60-k9,M-WOA,3,404029,100,1477.0
A-n60-k9,M-WOA,3,404029,101,1477.0
A-n60-k9,M-WOA,3,404029,102,1477.0
A-n60-k9,M-WOA,3,404029,103,1477.0
A-n60-k9,M-WOA,3,404029,104,1477.0
A-n60-k9,M-WOA,3,404029,105,1477.0
A-n60-k9,M-WOA,3,404029,106,1477.0
A-n60-k9,M-WOA,3,404029,107,1477.0
A-n60-k9,M-WOA,3,404029,108,1477.0
A-n60-k9,M-WOA,3,404029,109,1477.0
A-n60-k9,M-WOA,3,404029,110,1477.0
A-n60-k9,M-WOA,3,404029,111,1477.0
A-n60-k9,M-WOA,3,404029,112,1477.0
A-n60-k9,M-WOA,3,404029,113,1477.0
A-n60-k9,M-WOA,3,404029,114,1477.0
A-n60-k9,M-WOA,3,404029,115,1477.0
A-n60-k9,M-WOA,3,404029,116,1477.0
A-n60-k9,M-WOA,3,404029,117,1477.0
A-n60-k9,M-WOA,3,404029,118,1477.0
A-n60-k9,M-WOA,3,404029,119,1477.0
A-n60-k9,M-WOA,3,404029,120,1477.0
A-n60-k9,M-WOA,3,404029,121,1477.0
A-n60-k9,M-WOA,3,404029,122,1477.0
A-n60-k9,M-WOA,3,404029,123,1477.0
A-n60-k9,M-WOA,3,404029,124,1477.0
A-n60-k9,M-WOA,3,404029,125,1477.0
A-n60-k9,M-WOA,3,404029,126,1477.0
A-n60-k9,M-WOA,3,404029,127,1477.0
A-n60-k9,M-WOA,3,404029,128,1477.0
A-n60-k9,M-WOA,3,404029,129,1477.0
A-n60-k9,M-WOA,3,404029,130,1477.0
A-n60-k9,M-WOA,3,404029,131,1477.0
A-n60-k9,M-WOA,3,404029,132,1477.0
A-n60-k9,M-WOA,3,404029,133,1477.0
A-n60-k9,M-WOA,3,404029,134,1477.0
A-n60-k9,M-WOA,3,404029,135,1477.0
A-n60-k9,M-WOA,3,404029,136,1477.0
A-n60-k9,M-WOA,3,404029,137,1477.0
A-n60-k9,M-WOA,3,404029,138,1477.0
A-n60-k9,M-WOA,3,404029,139,1477.0
A-n60-k9,M-WOA,3,404029,140,1477.0
A-n60-k9,M-WOA,3,404029,141,1477.0
A-n60-k9,M-WOA,3,404029,142,1477.0
A-n60-k9,M-WOA,3,404029,143,1477.0
A-n60-k9,M-WOA,3,404029,144,1477.0
A-n60-k9,M-WOA,3,404029,145,1477.0
A-n60-k9,M-WOA,3,404029,146,1477.0
A-n60-k9,M-WOA,3,404029,147,1477.0
A-n60-k9,M-WOA,3,404029,148,1477.0
A-n60-k9,M-WOA,3,404029,149,1477.0
A-n60-k9,M-WOA,3,404029,150,1477.0
A-n60-k9,M-WOA,3,404029,151,1477.0
A-n60-k9,M-WOA,3,404029,152,1477.0
A-n60-k9,M-WOA,3,404029,153,1477.0
A-n60-k9,M-WOA,3,404029,154,1477.0
A-n60-k9,M-WOA,3,404029,155,1477.0
A-n60-k9,M-WOA,3,404029,156,1477.0
A-n60-k9,M-WOA,3,404029,157,1477.0
A-n60-k9,M-WOA,3,404029,158,1477.0
A-n60-k9,M-WOA,3,404029,159,1477.0
A-n60-k9,M-WOA,3,404029,160,1477.0
A-n60-k9,M-WOA,3,404029,161,1477.0
A-n60-k9,M-WOA,3,404029,162,1477.0
A-n60-k9,M-WOA,3,404029,163,1477.0
A-n60-k9,M-WOA,3,404029,164,1475.0
A-n60-k9,M-WOA,3,404029,165,1475.0
A-n60-k9,M-WOA,3,404029,166,1475.0
A-n60-k9,M-WOA,3,404029,167,1475.0
A-n60-k9,M-WOA,3,404029,168,1475.0
A-n60-k9,M-WOA,3,404029,169,1475.0
A-n60-k9,M-WOA,3,404029,170,1475.0
A-n60-k9,M-WOA,3,404029,171,1475.0
A-n60-k9,M-WOA,3,404029,172,1475.0
A-n60-k9,M-WOA,3,404029,173,1475.0
A-n60-k9,M-WOA,3,404029,174,1475.0
A-n60-k9,M-WOA,3,404029,175,1475.0
A-n60-k9,M-WOA,3,404029,176,1475.0
A-n60-k9,M-WOA,3,404029,177,1475.0
A-n60-k9,M-WOA,3,404029,178,1475.0
A-n60-k9,M-WOA,3,404029,179,1475.0
A-n60-k9,M-WOA,3,404029,180,1475.0
A-n60-k9,M-WOA,3,404029,181,1475.0
A-n60-k9,M-WOA,3,404029,182,1475.0
A-n60-k9,M-WOA,3,404029,183,1475.0
A-n60-k9,M-WOA,3,404029,184,1475.0
A-n60-k9,M-WOA,3,404029,185,1475.0
A-n60-k9,M-WOA,3,404029,186,1475.0
A-n60-k9,M-WOA,3,404029,187,1475.0
A-n60-k9,M-WOA,3,404029,188,1475.0
A-n60-k9,M-WOA,3,404029,189,1472.0
A-n60-k9,M-WOA,3,404029,190,1472.0
A-n60-k9,M-WOA,3,404029,191,1472.0
A-n60-k9,M-WOA,3,404029,192,1472.0
A-n60-k9,M-WOA,3,404029,193,1472.0
A-n60-k9,M-WOA,3,404029,194,1472.0
A-n60-k9,M-WOA,3,404029,195,1472.0
A-n60-k9,M-WOA,3,404029,196,1472.0
A-n60-k9,M-WOA,3,404029,197,1472.0
A-n60-k9,M-WOA,3,404029,198,1472.0
A-n60-k9,M-WOA,3,404029,199,1472.0
A-n60-k9,M-WOA,3,404029,200,1472.0
A-n60-k9,M-SSA,1,405027,1,2240.0
A-n60-k9,M-SSA,1,405027,2,2120.0
A-n60-k9,M-SSA,1,405027,3,2120.0
A-n60-k9,M-SSA,1,405027,4,2120.0
A-n60-k9,M-SSA,1,405027,5,2120.0
A-n60-k9,M-SSA,1,405027,6,2067.0
A-n60-k9,M-SSA,1,405027,7,2006.0
A-n60-k9,M-SSA,1,405027,8,2006.0
A-n60-k9,M-SSA,1,405027,9,2006.0
A-n60-k9,M-SSA,1,405027,10,2006.0
A-n60-k9,M-SSA,1,405027,11,2006.0
A-n60-k9,M-SSA,1,405027,12,2006.0
A-n60-k9,M-SSA,1,405027,13,2006.0
A-n60-k9,M-SSA,1,405027,14,2006.0
A-n60-k9,M-SSA,1,405027,15,2006.0
A-n60-k9,M-SSA,1,405027,16,2006.0
A-n60-k9,M-SSA,1,405027,17,2006.0
A-n60-k9,M-SSA,1,405027,18,2006.0
A-n60-k9,M-SSA,1,405027,19,2006.0
A-n60-k9,M-SSA,1,405027,20,1937.0
A-n60-k9,M-SSA,1,405027,21,1937.0
A-n60-k9,M-SSA,1,405027,22,1937.0
A-n60-k9,M-SSA,1,405027,23,1937.0
A-n60-k9,M-SSA,1,405027,24,1884.0
A-n60-k9,M-SSA,1,405027,25,1884.0
A-n60-k9,M-SSA,1,405027,26,1884.0
A-n60-k9,M-SSA,1,405027,27,1884.0
A-n60-k9,M-SSA,1,405027,28,1884.0
A-n60-k9,M-SSA,1,405027,29,1884.0
A-n60-k9,M-SSA,1,405027,30,1884.0
A-n60-k9,M-SSA,1,405027,31,1884.0
A-n60-k9,M-SSA,1,405027,32,1884.0
A-n60-k9,M-SSA,1,405027,33,1884.0
A-n60-k9,M-SSA,1,405027,34,1884.0
A-n60-k9,M-SSA,1,405027,35,1884.0
A-n60-k9,M-SSA,1,405027,36,1884.0
A-n60-k9,M-SSA,1,405027,37,1884.0
A-n60-k9,M-SSA,1,405027,38,1884.0
A-n60-k9,M-SSA,1,405027,39,1884.0
A-n60-k9,M-SSA,1,405027,40,1884.0
A-n60-k9,M-SSA,1,405027,41,1884.0
A-n60-k9,M-SSA,1,405027,42,1884.0
A-n60-k9,M-SSA,1,405027,43,1884.0
A-n60-k9,M-SSA,1,405027,44,1884.0
A-n60-k9,M-SSA,1,405027,45,1884.0
A-n60-k9,M-SSA,1,405027,46,1884.0
A-n60-k9,M-SSA,1,405027,47,1884.0
A-n60-k9,M-SSA,1,405027,48,1884.0
A-n60-k9,M-SSA,1,405027,49,1884.0
A-n60-k9,M-SSA,1,405027,50,1884.0
A-n60-k9,M-SSA,1,405027,51,1884.0
A-n60-k9,M-SSA,1,405027,52,1884.0
A-n60-k9,M-SSA,1,405027,53,1884.0
A-n60-k9,M-SSA,1,405027,54,1884.0
A-n60-k9,M-SSA,1,405027,55,1884.0
A-n60-k9,M-SSA,1,405027,56,1884.0
A-n60-k9,M-SSA,1,405027,57,1884.0
A-n60-k9,M-SSA,1,405027,58,1884.0
A-n60-k9,M-SSA,1,405027,59,1884.0
A-n60-k9,M-SSA,1,405027,60,1884.0
A-n60-k9,M-SSA,1,405027,61,1878.0
A-n60-k9,M-SSA,1,405027,62,1809.0
A-n60-k9,M-SSA,1,405027,63,1809.0
A-n60-k9,M-SSA,1,405027,64,1809.0
A-n60-k9,M-SSA,1,405027,65,1780.0
A-n60-k9,M-SSA,1,405027,66,1780.0
A-n60-k9,M-SSA,1,405027,67,1780.0
A-n60-k9,M-SSA,1,405027,68,1780.0
A-n60-k9,M-SSA,1,405027,69,1771.0
A-n60-k9,M-SSA,1,405027,70,1771.0
A-n60-k9,M-SSA,1,405027,71,1762.0
A-n60-k9,M-SSA,1,405027,72,1762.0
A-n60-k9,M-SSA,1,405027,73,1761.0
A-n60-k9,M-SSA,1,405027,74,1761.0
A-n60-k9,M-SSA,1,405027,75,1761.0
A-n60-k9,M-SSA,1,405027,76,1735.0
A-n60-k9,M-SSA,1,405027,77,1690.0
A-n60-k9,M-SSA,1,405027,78,1662.0
A-n60-k9,M-SSA,1,405027,79,1662.0
A-n60-k9,M-SSA,1,405027,80,1662.0
A-n60-k9,M-SSA,1,405027,81,1662.0
A-n60-k9,M-SSA,1,405027,82,1662.0
A-n60-k9,M-SSA,1,405027,83,1662.0
A-n60-k9,M-SSA,1,405027,84,1591.0
A-n60-k9,M-SSA,1,405027,85,1591.0
A-n60-k9,M-SSA,1,405027,86,1591.0
A-n60-k9,M-SSA,1,405027,87,1591.0
A-n60-k9,M-SSA,1,405027,88,1591.0
A-n60-k9,M-SSA,1,405027,89,1591.0
A-n60-k9,M-SSA,1,405027,90,1591.0
A-n60-k9,M-SSA,1,405027,91,1591.0
A-n60-k9,M-SSA,1,405027,92,1591.0
A-n60-k9,M-SSA,1,405027,93,1591.0
A-n60-k9,M-SSA,1,405027,94,1591.0
A-n60-k9,M-SSA,1,405027,95,1591.0
A-n60-k9,M-SSA,1,405027,96,1591.0
A-n60-k9,M-SSA,1,405027,97,1591.0
A-n60-k9,M-SSA,1,405027,98,1591.0
A-n60-k9,M-SSA,1,405027,99,1591.0
A-n60-k9,M-SSA,1,405027,100,1591.0
A-n60-k9,M-SSA,1,405027,101,1591.0
A-n60-k9,M-SSA,1,405027,102,1591.0
A-n60-k9,M-SSA,1,405027,103,1591.0
A-n60-k9,M-SSA,1,405027,104,1591.0
A-n60-k9,M-SSA,1,405027,105,1591.0
A-n60-k9,M-SSA,1,405027,106,1591.0
A-n60-k9,M-SSA,1,405027,107,1591.0
A-n60-k9,M-SSA,1,405027,108,1591.0
A-n60-k9,M-SSA,1,405027,109,1591.0
A-n60-k9,M-SSA,1,405027,110,1591.0
A-n60-k9,M-SSA,1,405027,111,1591.0
A-n60-k9,M-SSA,1,405027,112,1591.0
A-n60-k9,M-SSA,1,405027,113,1591.0
A-n60-k9,M-SSA,1,405027,114,1591.0
A-n60-k9,M-SSA,1,405027,115,1591.0
A-n60-k9,M-SSA,1,405027,116,1591.0
A-n60-k9,M-SSA,1,405027,117,1591.0
A-n60-k9,M-SSA,1,405027,118,1591.0
A-n60-k9,M-SSA,1,405027,119,1591.0
A-n60-k9,M-SSA,1,405027,120,1591.0
A-n60-k9,M-SSA,1,405027,121,1591.0
A-n60-k9,M-SSA,1,405027,122,1591.0
A-n60-k9,M-SSA,1,405027,123,1591.0
A-n60-k9,M-SSA,1,405027,124,1591.0
A-n60-k9,M-SSA,1,405027,125,1591.0
A-n60-k9,M-SSA,1,405027,126,1591.0
A-n60-k9,M-SSA,1,405027,127,1591.0
A-n60-k9,M-SSA,1,405027,128,1591.0
A-n60-k9,M-SSA,1,405027,129,1591.0
A-n60-k9,M-SSA,1,405027,130,1591.0
A-n60-k9,M-SSA,1,405027,131,1591.0
A-n60-k9,M-SSA,1,405027,132,1591.0
A-n60-k9,M-SSA,1,405027,133,1591.0
A-n60-k9,M-SSA,1,405027,134,1591.0
A-n60-k9,M-SSA,1,405027,135,1591.0
A-n60-k9,M-SSA,1,405027,136,1591.0
A-n60-k9,M-SSA,1,405027,137,1591.0
A-n60-k9,M-SSA,1,405027,138,1591.0
A-n60-k9,M-SSA,1,405027,139,1591.0
A-n60-k9,M-SSA,1,405027,140,1591.0
A-n60-k9,M-SSA,1,405027,141,1591.0
A-n60-k9,M-SSA,1,405027,142,1591.0
A-n60-k9,M-SSA,1,405027,143,1591.0
A-n60-k9,M-SSA,1,405027,144,1591.0
A-n60-k9,M-SSA,1,405027,145,1591.0
A-n60-k9,M-SSA,1,405027,146,1591.0
A-n60-k9,M-SSA,1,405027,147,1591.0
A-n60-k9,M-SSA,1,405027,148,1591.0
A-n60-k9,M-SSA,1,405027,149,1591.0
A-n60-k9,M-SSA,1,405027,150,1591.0
A-n60-k9,M-SSA,1,405027,151,1591.0
A-n60-k9,M-SSA,1,405027,152,1555.0
A-n60-k9,M-SSA,1,405027,153,1555.0
A-n60-k9,M-SSA,1,405027,154,1555.0
A-n60-k9,M-SSA,1,405027,155,1555.0
A-n60-k9,M-SSA,1,405027,156,1554.0
A-n60-k9,M-SSA,1,405027,157,1520.0
A-n60-k9,M-SSA,1,405027,158,1520.0
A-n60-k9,M-SSA,1,405027,159,1520.0
A-n60-k9,M-SSA,1,405027,160,1520.0
A-n60-k9,M-SSA,1,405027,161,1503.0
A-n60-k9,M-SSA,1,405027,162,1482.0
A-n60-k9,M-SSA,1,405027,163,1475.0
A-n60-k9,M-SSA,1,405027,164,1475.0
A-n60-k9,M-SSA,1,405027,165,1475.0
A-n60-k9,M-SSA,1,405027,166,1475.0
A-n60-k9,M-SSA,1,405027,167,1475.0
A-n60-k9,M-SSA,1,405027,168,1475.0
A-n60-k9,M-SSA,1,405027,169,1475.0
A-n60-k9,M-SSA,1,405027,170,1475.0
A-n60-k9,M-SSA,1,405027,171,1475.0
A-n60-k9,M-SSA,1,405027,172,1475.0
A-n60-k9,M-SSA,1,405027,173,1475.0
A-n60-k9,M-SSA,1,405027,174,1475.0
A-n60-k9,M-SSA,1,405027,175,1475.0
A-n60-k9,M-SSA,1,405027,176,1475.0
A-n60-k9,M-SSA,1,405027,177,1475.0
A-n60-k9,M-SSA,1,405027,178,1475.0
A-n60-k9,M-SSA,1,405027,179,1475.0
A-n60-k9,M-SSA,1,405027,180,1475.0
A-n60-k9,M-SSA,1,405027,181,1475.0
A-n60-k9,M-SSA,1,405027,182,1475.0
A-n60-k9,M-SSA,1,405027,183,1475.0
A-n60-k9,M-SSA,1,405027,184,1475.0
A-n60-k9,M-SSA,1,405027,185,1475.0
A-n60-k9,M-SSA,1,405027,186,1475.0
A-n60-k9,M-SSA,1,405027,187,1475.0
A-n60-k9,M-SSA,1,405027,188,1475.0
A-n60-k9,M-SSA,1,405027,189,1475.0
A-n60-k9,M-SSA,1,405027,190,1475.0
A-n60-k9,M-SSA,1,405027,191,1475.0
A-n60-k9,M-SSA,1,405027,192,1475.0
A-n60-k9,M-SSA,1,405027,193,1475.0
A-n60-k9,M-SSA,1,405027,194,1475.0
A-n60-k9,M-SSA,1,405027,195,1475.0
A-n60-k9,M-SSA,1,405027,196,1475.0
A-n60-k9,M-SSA,1,405027,197,1475.0
A-n60-k9,M-SSA,1,405027,198,1475.0
A-n60-k9,M-SSA,1,405027,199,1475.0
A-n60-k9,M-SSA,1,405027,200,1475.0
A-n60-k9,M-SSA,2,405028,1,2130.0
A-n60-k9,M-SSA,2,405028,2,2092.0
A-n60-k9,M-SSA,2,405028,3,2092.0
A-n60-k9,M-SSA,2,405028,4,2092.0
A-n60-k9,M-SSA,2,405028,5,2092.0
A-n60-k9,M-SSA,2,405028,6,2092.0
A-n60-k9,M-SSA,2,405028,7,2092.0
A-n60-k9,M-SSA,2,405028,8,2066.0
A-n60-k9,M-SSA,2,405028,9,2066.0
A-n60-k9,M-SSA,2,405028,10,2002.0
A-n60-k9,M-SSA,2,405028,11,2002.0
A-n60-k9,M-SSA,2,405028,12,2002.0
A-n60-k9,M-SSA,2,405028,13,2002.0
A-n60-k9,M-SSA,2,405028,14,2002.0
A-n60-k9,M-SSA,2,405028,15,1999.0
A-n60-k9,M-SSA,2,405028,16,1948.0
A-n60-k9,M-SSA,2,405028,17,1948.0
A-n60-k9,M-SSA,2,405028,18,1948.0
A-n60-k9,M-SSA,2,405028,19,1948.0
A-n60-k9,M-SSA,2,405028,20,1908.0
A-n60-k9,M-SSA,2,405028,21,1908.0
A-n60-k9,M-SSA,2,405028,22,1908.0
A-n60-k9,M-SSA,2,405028,23,1896.0
A-n60-k9,M-SSA,2,405028,24,1896.0
A-n60-k9,M-SSA,2,405028,25,1865.0
A-n60-k9,M-SSA,2,405028,26,1865.0
A-n60-k9,M-SSA,2,405028,27,1865.0
A-n60-k9,M-SSA,2,405028,28,1843.0
A-n60-k9,M-SSA,2,405028,29,1761.0
A-n60-k9,M-SSA,2,405028,30,1761.0
A-n60-k9,M-SSA,2,405028,31,1761.0
A-n60-k9,M-SSA,2,405028,32,1761.0
A-n60-k9,M-SSA,2,405028,33,1761.0
A-n60-k9,M-SSA,2,405028,34,1761.0
A-n60-k9,M-SSA,2,405028,35,1761.0
A-n60-k9,M-SSA,2,405028,36,1761.0
A-n60-k9,M-SSA,2,405028,37,1761.0
A-n60-k9,M-SSA,2,405028,38,1761.0
A-n60-k9,M-SSA,2,405028,39,1761.0
A-n60-k9,M-SSA,2,405028,40,1761.0
A-n60-k9,M-SSA,2,405028,41,1761.0
A-n60-k9,M-SSA,2,405028,42,1761.0
A-n60-k9,M-SSA,2,405028,43,1761.0
A-n60-k9,M-SSA,2,405028,44,1761.0
A-n60-k9,M-SSA,2,405028,45,1761.0
A-n60-k9,M-SSA,2,405028,46,1761.0
A-n60-k9,M-SSA,2,405028,47,1761.0
A-n60-k9,M-SSA,2,405028,48,1761.0
A-n60-k9,M-SSA,2,405028,49,1761.0
A-n60-k9,M-SSA,2,405028,50,1761.0
A-n60-k9,M-SSA,2,405028,51,1761.0
A-n60-k9,M-SSA,2,405028,52,1761.0
A-n60-k9,M-SSA,2,405028,53,1761.0
A-n60-k9,M-SSA,2,405028,54,1760.0
A-n60-k9,M-SSA,2,405028,55,1760.0
A-n60-k9,M-SSA,2,405028,56,1760.0
A-n60-k9,M-SSA,2,405028,57,1760.0
A-n60-k9,M-SSA,2,405028,58,1760.0
A-n60-k9,M-SSA,2,405028,59,1760.0
A-n60-k9,M-SSA,2,405028,60,1760.0
A-n60-k9,M-SSA,2,405028,61,1760.0
A-n60-k9,M-SSA,2,405028,62,1760.0
A-n60-k9,M-SSA,2,405028,63,1760.0
A-n60-k9,M-SSA,2,405028,64,1760.0
A-n60-k9,M-SSA,2,405028,65,1760.0
A-n60-k9,M-SSA,2,405028,66,1760.0
A-n60-k9,M-SSA,2,405028,67,1760.0
A-n60-k9,M-SSA,2,405028,68,1760.0
A-n60-k9,M-SSA,2,405028,69,1760.0
A-n60-k9,M-SSA,2,405028,70,1760.0
A-n60-k9,M-SSA,2,405028,71,1760.0
A-n60-k9,M-SSA,2,405028,72,1760.0
A-n60-k9,M-SSA,2,405028,73,1760.0
A-n60-k9,M-SSA,2,405028,74,1760.0
A-n60-k9,M-SSA,2,405028,75,1760.0
A-n60-k9,M-SSA,2,405028,76,1760.0
A-n60-k9,M-SSA,2,405028,77,1760.0
A-n60-k9,M-SSA,2,405028,78,1760.0
A-n60-k9,M-SSA,2,405028,79,1760.0
A-n60-k9,M-SSA,2,405028,80,1760.0
A-n60-k9,M-SSA,2,405028,81,1760.0
A-n60-k9,M-SSA,2,405028,82,1760.0
A-n60-k9,M-SSA,2,405028,83,1760.0
A-n60-k9,M-SSA,2,405028,84,1760.0
A-n60-k9,M-SSA,2,405028,85,1760.0
A-n60-k9,M-SSA,2,405028,86,1760.0
A-n60-k9,M-SSA,2,405028,87,1760.0
A-n60-k9,M-SSA,2,405028,88,1760.0
A-n60-k9,M-SSA,2,405028,89,1760.0
A-n60-k9,M-SSA,2,405028,90,1760.0
A-n60-k9,M-SSA,2,405028,91,1760.0
A-n60-k9,M-SSA,2,405028,92,1760.0
A-n60-k9,M-SSA,2,405028,93,1760.0
A-n60-k9,M-SSA,2,405028,94,1760.0
A-n60-k9,M-SSA,2,405028,95,1760.0
A-n60-k9,M-SSA,2,405028,96,1760.0
A-n60-k9,M-SSA,2,405028,97,1760.0
A-n60-k9,M-SSA,2,405028,98,1760.0
A-n60-k9,M-SSA,2,405028,99,1760.0
A-n60-k9,M-SSA,2,405028,100,1760.0
A-n60-k9,M-SSA,2,405028,101,1760.0
A-n60-k9,M-SSA,2,405028,102,1760.0
A-n60-k9,M-SSA,2,405028,103,1760.0
A-n60-k9,M-SSA,2,405028,104,1760.0
A-n60-k9,M-SSA,2,405028,105,1760.0
A-n60-k9,M-SSA,2,405028,106,1760.0
A-n60-k9,M-SSA,2,405028,107,1760.0
A-n60-k9,M-SSA,2,405028,108,1760.0
A-n60-k9,M-SSA,2,405028,109,1760.0
A-n60-k9,M-SSA,2,405028,110,1760.0
A-n60-k9,M-SSA,2,405028,111,1760.0
A-n60-k9,M-SSA,2,405028,112,1760.0
A-n60-k9,M-SSA,2,405028,113,1760.0
A-n60-k9,M-SSA,2,405028,114,1760.0
A-n60-k9,M-SSA,2,405028,115,1760.0
A-n60-k9,M-SSA,2,405028,116,1760.0
A-n60-k9,M-SSA,2,405028,117,1760.0
A-n60-k9,M-SSA,2,405028,118,1760.0
A-n60-k9,M-SSA,2,405028,119,1709.0
A-n60-k9,M-SSA,2,405028,120,1709.0
A-n60-k9,M-SSA,2,405028,121,1709.0
A-n60-k9,M-SSA,2,405028,122,1709.0
A-n60-k9,M-SSA,2,405028,123,1709.0
A-n60-k9,M-SSA,2,405028,124,1709.0
A-n60-k9,M-SSA,2,405028,125,1709.0
A-n60-k9,M-SSA,2,405028,126,1709.0
A-n60-k9,M-SSA,2,405028,127,1709.0
A-n60-k9,M-SSA,2,405028,128,1709.0
A-n60-k9,M-SSA,2,405028,129,1709.0
A-n60-k9,M-SSA,2,405028,130,1709.0
A-n60-k9,M-SSA,2,405028,131,1709.0
A-n60-k9,M-SSA,2,405028,132,1709.0
A-n60-k9,M-SSA,2,405028,133,1709.0
A-n60-k9,M-SSA,2,405028,134,1607.0
A-n60-k9,M-SSA,2,405028,135,1607.0
A-n60-k9,M-SSA,2,405028,136,1607.0
A-n60-k9,M-SSA,2,405028,137,1607.0
A-n60-k9,M-SSA,2,405028,138,1607.0
A-n60-k9,M-SSA,2,405028,139,1607.0
A-n60-k9,M-SSA,2,405028,140,1607.0
A-n60-k9,M-SSA,2,405028,141,1607.0
A-n60-k9,M-SSA,2,405028,142,1607.0
A-n60-k9,M-SSA,2,405028,143,1607.0
A-n60-k9,M-SSA,2,405028,144,1607.0
A-n60-k9,M-SSA,2,405028,145,1607.0
A-n60-k9,M-SSA,2,405028,146,1607.0
A-n60-k9,M-SSA,2,405028,147,1607.0
A-n60-k9,M-SSA,2,405028,148,1607.0
A-n60-k9,M-SSA,2,405028,149,1607.0
A-n60-k9,M-SSA,2,405028,150,1607.0
A-n60-k9,M-SSA,2,405028,151,1607.0
A-n60-k9,M-SSA,2,405028,152,1607.0
A-n60-k9,M-SSA,2,405028,153,1607.0
A-n60-k9,M-SSA,2,405028,154,1607.0
A-n60-k9,M-SSA,2,405028,155,1607.0
A-n60-k9,M-SSA,2,405028,156,1607.0
A-n60-k9,M-SSA,2,405028,157,1607.0
A-n60-k9,M-SSA,2,405028,158,1607.0
A-n60-k9,M-SSA,2,405028,159,1607.0
A-n60-k9,M-SSA,2,405028,160,1607.0
A-n60-k9,M-SSA,2,405028,161,1607.0
A-n60-k9,M-SSA,2,405028,162,1607.0
A-n60-k9,M-SSA,2,405028,163,1607.0
A-n60-k9,M-SSA,2,405028,164,1607.0
A-n60-k9,M-SSA,2,405028,165,1607.0
A-n60-k9,M-SSA,2,405028,166,1607.0
A-n60-k9,M-SSA,2,405028,167,1607.0
A-n60-k9,M-SSA,2,405028,168,1607.0
A-n60-k9,M-SSA,2,405028,169,1607.0
A-n60-k9,M-SSA,2,405028,170,1607.0
A-n60-k9,M-SSA,2,405028,171,1607.0
A-n60-k9,M-SSA,2,405028,172,1607.0
A-n60-k9,M-SSA,2,405028,173,1607.0
A-n60-k9,M-SSA,2,405028,174,1607.0
A-n60-k9,M-SSA,2,405028,175,1607.0
A-n60-k9,M-SSA,2,405028,176,1607.0
A-n60-k9,M-SSA,2,405028,177,1607.0
A-n60-k9,M-SSA,2,405028,178,1607.0
A-n60-k9,M-SSA,2,405028,179,1607.0
A-n60-k9,M-SSA,2,405028,180,1607.0
A-n60-k9,M-SSA,2,405028,181,1607.0
A-n60-k9,M-SSA,2,405028,182,1607.0
A-n60-k9,M-SSA,2,405028,183,1607.0
A-n60-k9,M-SSA,2,405028,184,1607.0
A-n60-k9,M-SSA,2,405028,185,1607.0
A-n60-k9,M-SSA,2,405028,186,1607.0
A-n60-k9,M-SSA,2,405028,187,1607.0
A-n60-k9,M-SSA,2,405028,188,1607.0
A-n60-k9,M-SSA,2,405028,189,1607.0
A-n60-k9,M-SSA,2,405028,190,1607.0
A-n60-k9,M-SSA,2,405028,191,1607.0
A-n60-k9,M-SSA,2,405028,192,1607.0
A-n60-k9,M-SSA,2,405028,193,1607.0
A-n60-k9,M-SSA,2,405028,194,1607.0
A-n60-k9,M-SSA,2,405028,195,1607.0
A-n60-k9,M-SSA,2,405028,196,1607.0
A-n60-k9,M-SSA,2,405028,197,1607.0
A-n60-k9,M-SSA,2,405028,198,1607.0
A-n60-k9,M-SSA,2,405028,199,1607.0
A-n60-k9,M-SSA,2,405028,200,1607.0
A-n60-k9,M-SSA,3,405029,1,2138.0
A-n60-k9,M-SSA,3,405029,2,2138.0
A-n60-k9,M-SSA,3,405029,3,2138.0
A-n60-k9,M-SSA,3,405029,4,2085.0
A-n60-k9,M-SSA,3,405029,5,2085.0
A-n60-k9,M-SSA,3,405029,6,2085.0
A-n60-k9,M-SSA,3,405029,7,2043.0
A-n60-k9,M-SSA,3,405029,8,2043.0
A-n60-k9,M-SSA,3,405029,9,2043.0
A-n60-k9,M-SSA,3,405029,10,2043.0
A-n60-k9,M-SSA,3,405029,11,2043.0
A-n60-k9,M-SSA,3,405029,12,2043.0
A-n60-k9,M-SSA,3,405029,13,2034.0
A-n60-k9,M-SSA,3,405029,14,2034.0
A-n60-k9,M-SSA,3,405029,15,1982.0
A-n60-k9,M-SSA,3,405029,16,1981.0
A-n60-k9,M-SSA,3,405029,17,1981.0
A-n60-k9,M-SSA,3,405029,18,1981.0
A-n60-k9,M-SSA,3,405029,19,1981.0
A-n60-k9,M-SSA,3,405029,20,1981.0
A-n60-k9,M-SSA,3,405029,21,1981.0
A-n60-k9,M-SSA,3,405029,22,1981.0
A-n60-k9,M-SSA,3,405029,23,1981.0
A-n60-k9,M-SSA,3,405029,24,1981.0
A-n60-k9,M-SSA,3,405029,25,1981.0
A-n60-k9,M-SSA,3,405029,26,1981.0
A-n60-k9,M-SSA,3,405029,27,1981.0
A-n60-k9,M-SSA,3,405029,28,1981.0
A-n60-k9,M-SSA,3,405029,29,1943.0
A-n60-k9,M-SSA,3,405029,30,1943.0
A-n60-k9,M-SSA,3,405029,31,1943.0
A-n60-k9,M-SSA,3,405029,32,1943.0
A-n60-k9,M-SSA,3,405029,33,1943.0
A-n60-k9,M-SSA,3,405029,34,1939.0
A-n60-k9,M-SSA,3,405029,35,1939.0
A-n60-k9,M-SSA,3,405029,36,1939.0
A-n60-k9,M-SSA,3,405029,37,1891.0
A-n60-k9,M-SSA,3,405029,38,1891.0
A-n60-k9,M-SSA,3,405029,39,1891.0
A-n60-k9,M-SSA,3,405029,40,1891.0
A-n60-k9,M-SSA,3,405029,41,1891.0
A-n60-k9,M-SSA,3,405029,42,1891.0
A-n60-k9,M-SSA,3,405029,43,1891.0
A-n60-k9,M-SSA,3,405029,44,1891.0
A-n60-k9,M-SSA,3,405029,45,1891.0
A-n60-k9,M-SSA,3,405029,46,1891.0
A-n60-k9,M-SSA,3,405029,47,1891.0
A-n60-k9,M-SSA,3,405029,48,1891.0
A-n60-k9,M-SSA,3,405029,49,1891.0
A-n60-k9,M-SSA,3,405029,50,1891.0
A-n60-k9,M-SSA,3,405029,51,1891.0
A-n60-k9,M-SSA,3,405029,52,1891.0
A-n60-k9,M-SSA,3,405029,53,1891.0
A-n60-k9,M-SSA,3,405029,54,1891.0
A-n60-k9,M-SSA,3,405029,55,1891.0
A-n60-k9,M-SSA,3,405029,56,1891.0
A-n60-k9,M-SSA,3,405029,57,1891.0
A-n60-k9,M-SSA,3,405029,58,1891.0
A-n60-k9,M-SSA,3,405029,59,1891.0
A-n60-k9,M-SSA,3,405029,60,1891.0
A-n60-k9,M-SSA,3,405029,61,1891.0
A-n60-k9,M-SSA,3,405029,62,1891.0
A-n60-k9,M-SSA,3,405029,63,1891.0
A-n60-k9,M-SSA,3,405029,64,1891.0
A-n60-k9,M-SSA,3,405029,65,1891.0
A-n60-k9,M-SSA,3,405029,66,1891.0
A-n60-k9,M-SSA,3,405029,67,1891.0
A-n60-k9,M-SSA,3,405029,68,1891.0
A-n60-k9,M-SSA,3,405029,69,1861.0
A-n60-k9,M-SSA,3,405029,70,1861.0
A-n60-k9,M-SSA,3,405029,71,1861.0
A-n60-k9,M-SSA,3,405029,72,1861.0
A-n60-k9,M-SSA,3,405029,73,1785.0
A-n60-k9,M-SSA,3,405029,74,1779.0
A-n60-k9,M-SSA,3,405029,75,1779.0
A-n60-k9,M-SSA,3,405029,76,1779.0
A-n60-k9,M-SSA,3,405029,77,1779.0
A-n60-k9,M-SSA,3,405029,78,1779.0
A-n60-k9,M-SSA,3,405029,79,1779.0
A-n60-k9,M-SSA,3,405029,80,1779.0
A-n60-k9,M-SSA,3,405029,81,1779.0
A-n60-k9,M-SSA,3,405029,82,1779.0
A-n60-k9,M-SSA,3,405029,83,1779.0
A-n60-k9,M-SSA,3,405029,84,1779.0
A-n60-k9,M-SSA,3,405029,85,1779.0
A-n60-k9,M-SSA,3,405029,86,1779.0
A-n60-k9,M-SSA,3,405029,87,1779.0
A-n60-k9,M-SSA,3,405029,88,1779.0
A-n60-k9,M-SSA,3,405029,89,1756.0
A-n60-k9,M-SSA,3,405029,90,1756.0
A-n60-k9,M-SSA,3,405029,91,1756.0
A-n60-k9,M-SSA,3,405029,92,1756.0
A-n60-k9,M-SSA,3,405029,93,1756.0
A-n60-k9,M-SSA,3,405029,94,1756.0
A-n60-k9,M-SSA,3,405029,95,1756.0
A-n60-k9,M-SSA,3,405029,96,1756.0
A-n60-k9,M-SSA,3,405029,97,1756.0
A-n60-k9,M-SSA,3,405029,98,1756.0
A-n60-k9,M-SSA,3,405029,99,1756.0
A-n60-k9,M-SSA,3,405029,100,1756.0
A-n60-k9,M-SSA,3,405029,101,1756.0
A-n60-k9,M-SSA,3,405029,102,1756.0
A-n60-k9,M-SSA,3,405029,103,1756.0
A-n60-k9,M-SSA,3,405029,104,1756.0
A-n60-k9,M-SSA,3,405029,105,1756.0
A-n60-k9,M-SSA,3,405029,106,1756.0
A-n60-k9,M-SSA,3,405029,107,1756.0
A-n60-k9,M-SSA,3,405029,108,1756.0
A-n60-k9,M-SSA,3,405029,109,1756.0
A-n60-k9,M-SSA,3,405029,110,1747.0
A-n60-k9,M-SSA,3,405029,111,1747.0
A-n60-k9,M-SSA,3,405029,112,1747.0
A-n60-k9,M-SSA,3,405029,113,1747.0
A-n60-k9,M-SSA,3,405029,114,1747.0
A-n60-k9,M-SSA,3,405029,115,1747.0
A-n60-k9,M-SSA,3,405029,116,1747.0
A-n60-k9,M-SSA,3,405029,117,1747.0
A-n60-k9,M-SSA,3,405029,118,1738.0
A-n60-k9,M-SSA,3,405029,119,1738.0
A-n60-k9,M-SSA,3,405029,120,1738.0
A-n60-k9,M-SSA,3,405029,121,1738.0
A-n60-k9,M-SSA,3,405029,122,1738.0
A-n60-k9,M-SSA,3,405029,123,1738.0
A-n60-k9,M-SSA,3,405029,124,1738.0
A-n60-k9,M-SSA,3,405029,125,1738.0
A-n60-k9,M-SSA,3,405029,126,1738.0
A-n60-k9,M-SSA,3,405029,127,1738.0
A-n60-k9,M-SSA,3,405029,128,1698.0
A-n60-k9,M-SSA,3,405029,129,1698.0
A-n60-k9,M-SSA,3,405029,130,1698.0
A-n60-k9,M-SSA,3,405029,131,1698.0
A-n60-k9,M-SSA,3,405029,132,1698.0
A-n60-k9,M-SSA,3,405029,133,1698.0
A-n60-k9,M-SSA,3,405029,134,1698.0
A-n60-k9,M-SSA,3,405029,135,1698.0
A-n60-k9,M-SSA,3,405029,136,1698.0
A-n60-k9,M-SSA,3,405029,137,1698.0
A-n60-k9,M-SSA,3,405029,138,1698.0
A-n60-k9,M-SSA,3,405029,139,1698.0
A-n60-k9,M-SSA,3,405029,140,1698.0
A-n60-k9,M-SSA,3,405029,141,1659.0
A-n60-k9,M-SSA,3,405029,142,1659.0
A-n60-k9,M-SSA,3,405029,143,1659.0
A-n60-k9,M-SSA,3,405029,144,1659.0
A-n60-k9,M-SSA,3,405029,145,1659.0
A-n60-k9,M-SSA,3,405029,146,1659.0
A-n60-k9,M-SSA,3,405029,147,1659.0
A-n60-k9,M-SSA,3,405029,148,1659.0
A-n60-k9,M-SSA,3,405029,149,1659.0
A-n60-k9,M-SSA,3,405029,150,1659.0
A-n60-k9,M-SSA,3,405029,151,1659.0
A-n60-k9,M-SSA,3,405029,152,1659.0
A-n60-k9,M-SSA,3,405029,153,1578.0
A-n60-k9,M-SSA,3,405029,154,1578.0
A-n60-k9,M-SSA,3,405029,155,1578.0
A-n60-k9,M-SSA,3,405029,156,1578.0
A-n60-k9,M-SSA,3,405029,157,1578.0
A-n60-k9,M-SSA,3,405029,158,1578.0
A-n60-k9,M-SSA,3,405029,159,1578.0
A-n60-k9,M-SSA,3,405029,160,1578.0
A-n60-k9,M-SSA,3,405029,161,1578.0
A-n60-k9,M-SSA,3,405029,162,1578.0
A-n60-k9,M-SSA,3,405029,163,1578.0
A-n60-k9,M-SSA,3,405029,164,1578.0
A-n60-k9,M-SSA,3,405029,165,1578.0
A-n60-k9,M-SSA,3,405029,166,1578.0
A-n60-k9,M-SSA,3,405029,167,1578.0
A-n60-k9,M-SSA,3,405029,168,1578.0
A-n60-k9,M-SSA,3,405029,169,1578.0
A-n60-k9,M-SSA,3,405029,170,1578.0
A-n60-k9,M-SSA,3,405029,171,1578.0
A-n60-k9,M-SSA,3,405029,172,1578.0
A-n60-k9,M-SSA,3,405029,173,1578.0
A-n60-k9,M-SSA,3,405029,174,1578.0
A-n60-k9,M-SSA,3,405029,175,1578.0
A-n60-k9,M-SSA,3,405029,176,1578.0
A-n60-k9,M-SSA,3,405029,177,1578.0
A-n60-k9,M-SSA,3,405029,178,1578.0
A-n60-k9,M-SSA,3,405029,179,1578.0
A-n60-k9,M-SSA,3,405029,180,1578.0
A-n60-k9,M-SSA,3,405029,181,1578.0
A-n60-k9,M-SSA,3,405029,182,1578.0
A-n60-k9,M-SSA,3,405029,183,1578.0
A-n60-k9,M-SSA,3,405029,184,1565.0
A-n60-k9,M-SSA,3,405029,185,1565.0
A-n60-k9,M-SSA,3,405029,186,1565.0
A-n60-k9,M-SSA,3,405029,187,1565.0
A-n60-k9,M-SSA,3,405029,188,1565.0
A-n60-k9,M-SSA,3,405029,189,1565.0
A-n60-k9,M-SSA,3,405029,190,1565.0
A-n60-k9,M-SSA,3,405029,191,1565.0
A-n60-k9,M-SSA,3,405029,192,1565.0
A-n60-k9,M-SSA,3,405029,193,1545.0
A-n60-k9,M-SSA,3,405029,194,1512.0
A-n60-k9,M-SSA,3,405029,195,1512.0
A-n60-k9,M-SSA,3,405029,196,1512.0
A-n60-k9,M-SSA,3,405029,197,1512.0
A-n60-k9,M-SSA,3,405029,198,1512.0
A-n60-k9,M-SSA,3,405029,199,1512.0
A-n60-k9,M-SSA,3,405029,200,1512.0
A-n80-k10,WOA,1,502027,1,4243.0
A-n80-k10,WOA,1,502027,2,4243.0
A-n80-k10,WOA,1,502027,3,4214.0
A-n80-k10,WOA,1,502027,4,4214.0
A-n80-k10,WOA,1,502027,5,4214.0
A-n80-k10,WOA,1,502027,6,4142.0
A-n80-k10,WOA,1,502027,7,4142.0
A-n80-k10,WOA,1,502027,8,3933.0
A-n80-k10,WOA,1,502027,9,3916.0
A-n80-k10,WOA,1,502027,10,3916.0
A-n80-k10,WOA,1,502027,11,3916.0
A-n80-k10,WOA,1,502027,12,3884.0
A-n80-k10,WOA,1,502027,13,3832.0
A-n80-k10,WOA,1,502027,14,3832.0
A-n80-k10,WOA,1,502027,15,3832.0
A-n80-k10,WOA,1,502027,16,3799.0
A-n80-k10,WOA,1,502027,17,3799.0
A-n80-k10,WOA,1,502027,18,3799.0
A-n80-k10,WOA,1,502027,19,3799.0
A-n80-k10,WOA,1,502027,20,3799.0
A-n80-k10,WOA,1,502027,21,3743.0
A-n80-k10,WOA,1,502027,22,3711.0
A-n80-k10,WOA,1,502027,23,3711.0
A-n80-k10,WOA,1,502027,24,3711.0
A-n80-k10,WOA,1,502027,25,3711.0
A-n80-k10,WOA,1,502027,26,3711.0
A-n80-k10,WOA,1,502027,27,3711.0
A-n80-k10,WOA,1,502027,28,3711.0
A-n80-k10,WOA,1,502027,29,3707.0
A-n80-k10,WOA,1,502027,30,3707.0
A-n80-k10,WOA,1,502027,31,3701.0
A-n80-k10,WOA,1,502027,32,3701.0
A-n80-k10,WOA,1,502027,33,3701.0
A-n80-k10,WOA,1,502027,34,3674.0
A-n80-k10,WOA,1,502027,35,3665.0
A-n80-k10,WOA,1,502027,36,3665.0
A-n80-k10,WOA,1,502027,37,3606.0
A-n80-k10,WOA,1,502027,38,3606.0
A-n80-k10,WOA,1,502027,39,3606.0
A-n80-k10,WOA,1,502027,40,3606.0
A-n80-k10,WOA,1,502027,41,3583.0
A-n80-k10,WOA,1,502027,42,3574.0
A-n80-k10,WOA,1,502027,43,3567.0
A-n80-k10,WOA,1,502027,44,3537.0
A-n80-k10,WOA,1,502027,45,3536.0
A-n80-k10,WOA,1,502027,46,3507.0
A-n80-k10,WOA,1,502027,47,3507.0
A-n80-k10,WOA,1,502027,48,3507.0
A-n80-k10,WOA,1,502027,49,3507.0
A-n80-k10,WOA,1,502027,50,3507.0
A-n80-k10,WOA,1,502027,51,3507.0
A-n80-k10,WOA,1,502027,52,3479.0
A-n80-k10,WOA,1,502027,53,3479.0
A-n80-k10,WOA,1,502027,54,3479.0
A-n80-k10,WOA,1,502027,55,3479.0
A-n80-k10,WOA,1,502027,56,3479.0
A-n80-k10,WOA,1,502027,57,3471.0
A-n80-k10,WOA,1,502027,58,3451.0
A-n80-k10,WOA,1,502027,59,3443.0
A-n80-k10,WOA,1,502027,60,3443.0
A-n80-k10,WOA,1,502027,61,3443.0
A-n80-k10,WOA,1,502027,62,3443.0
A-n80-k10,WOA,1,502027,63,3443.0
A-n80-k10,WOA,1,502027,64,3443.0
A-n80-k10,WOA,1,502027,65,3443.0
A-n80-k10,WOA,1,502027,66,3443.0
A-n80-k10,WOA,1,502027,67,3443.0
A-n80-k10,WOA,1,502027,68,3442.0
A-n80-k10,WOA,1,502027,69,3442.0
A-n80-k10,WOA,1,502027,70,3442.0
A-n80-k10,WOA,1,502027,71,3442.0
A-n80-k10,WOA,1,502027,72,3442.0
A-n80-k10,WOA,1,502027,73,3442.0
A-n80-k10,WOA,1,502027,74,3442.0
A-n80-k10,WOA,1,502027,75,3442.0
A-n80-k10,WOA,1,502027,76,3442.0
A-n80-k10,WOA,1,502027,77,3435.0
A-n80-k10,WOA,1,502027,78,3425.0
A-n80-k10,WOA,1,502027,79,3425.0
A-n80-k10,WOA,1,502027,80,3425.0
A-n80-k10,WOA,1,502027,81,3425.0
A-n80-k10,WOA,1,502027,82,3425.0
A-n80-k10,WOA,1,502027,83,3425.0
A-n80-k10,WOA,1,502027,84,3425.0
A-n80-k10,WOA,1,502027,85,3425.0
A-n80-k10,WOA,1,502027,86,3425.0
A-n80-k10,WOA,1,502027,87,3425.0
A-n80-k10,WOA,1,502027,88,3425.0
A-n80-k10,WOA,1,502027,89,3425.0
A-n80-k10,WOA,1,502027,90,3425.0
A-n80-k10,WOA,1,502027,91,3425.0
A-n80-k10,WOA,1,502027,92,3425.0
A-n80-k10,WOA,1,502027,93,3425.0
A-n80-k10,WOA,1,502027,94,3425.0
A-n80-k10,WOA,1,502027,95,3425.0
A-n80-k10,WOA,1,502027,96,3425.0
A-n80-k10,WOA,1,502027,97,3425.0
A-n80-k10,WOA,1,502027,98,3425.0
A-n80-k10,WOA,1,502027,99,3425.0
A-n80-k10,WOA,1,502027,100,3425.0
A-n80-k10,WOA,1,502027,101,3425.0
A-n80-k10,WOA,1,502027,102,3425.0
A-n80-k10,WOA,1,502027,103,3425.0
A-n80-k10,WOA,1,502027,104,3425.0
A-n80-k10,WOA,1,502027,105,3425.0
A-n80-k10,WOA,1,502027,106,3425.0
A-n80-k10,WOA,1,502027,107,3425.0
A-n80-k10,WOA,1,502027,108,3425.0
A-n80-k10,WOA,1,502027,109,3425.0
A-n80-k10,WOA,1,502027,110,3395.0
A-n80-k10,WOA,1,502027,111,3369.0
A-n80-k10,WOA,1,502027,112,3369.0
A-n80-k10,WOA,1,502027,113,3342.0
A-n80-k10,WOA,1,502027,114,3342.0
A-n80-k10,WOA,1,502027,115,3342.0
A-n80-k10,WOA,1,502027,116,3342.0
A-n80-k10,WOA,1,502027,117,3342.0
A-n80-k10,WOA,1,502027,118,3342.0
A-n80-k10,WOA,1,502027,119,3336.0
A-n80-k10,WOA,1,502027,120,3336.0
A-n80-k10,WOA,1,502027,121,3336.0
A-n80-k10,WOA,1,502027,122,3336.0
A-n80-k10,WOA,1,502027,123,3336.0
A-n80-k10,WOA,1,502027,124,3336.0
A-n80-k10,WOA,1,502027,125,3336.0
A-n80-k10,WOA,1,502027,126,3336.0
A-n80-k10,WOA,1,502027,127,3336.0
A-n80-k10,WOA,1,502027,128,3336.0
A-n80-k10,WOA,1,502027,129,3336.0
A-n80-k10,WOA,1,502027,130,3336.0
A-n80-k10,WOA,1,502027,131,3336.0
A-n80-k10,WOA,1,502027,132,3336.0
A-n80-k10,WOA,1,502027,133,3336.0
A-n80-k10,WOA,1,502027,134,3336.0
A-n80-k10,WOA,1,502027,135,3336.0
A-n80-k10,WOA,1,502027,136,3336.0
A-n80-k10,WOA,1,502027,137,3336.0
A-n80-k10,WOA,1,502027,138,3336.0
A-n80-k10,WOA,1,502027,139,3336.0
A-n80-k10,WOA,1,502027,140,3326.0
A-n80-k10,WOA,1,502027,141,3326.0
A-n80-k10,WOA,1,502027,142,3326.0
A-n80-k10,WOA,1,502027,143,3326.0
A-n80-k10,WOA,1,502027,144,3326.0
A-n80-k10,WOA,1,502027,145,3326.0
A-n80-k10,WOA,1,502027,146,3326.0
A-n80-k10,WOA,1,502027,147,3326.0
A-n80-k10,WOA,1,502027,148,3326.0
A-n80-k10,WOA,1,502027,149,3326.0
A-n80-k10,WOA,1,502027,150,3326.0
A-n80-k10,WOA,1,502027,151,3326.0
A-n80-k10,WOA,1,502027,152,3326.0
A-n80-k10,WOA,1,502027,153,3326.0
A-n80-k10,WOA,1,502027,154,3326.0
A-n80-k10,WOA,1,502027,155,3326.0
A-n80-k10,WOA,1,502027,156,3326.0
A-n80-k10,WOA,1,502027,157,3326.0
A-n80-k10,WOA,1,502027,158,3326.0
A-n80-k10,WOA,1,502027,159,3326.0
A-n80-k10,WOA,1,502027,160,3326.0
A-n80-k10,WOA,1,502027,161,3326.0
A-n80-k10,WOA,1,502027,162,3326.0
A-n80-k10,WOA,1,502027,163,3326.0
A-n80-k10,WOA,1,502027,164,3326.0
A-n80-k10,WOA,1,502027,165,3326.0
A-n80-k10,WOA,1,502027,166,3326.0
A-n80-k10,WOA,1,502027,167,3326.0
A-n80-k10,WOA,1,502027,168,3326.0
A-n80-k10,WOA,1,502027,169,3326.0
A-n80-k10,WOA,1,502027,170,3326.0
A-n80-k10,WOA,1,502027,171,3326.0
A-n80-k10,WOA,1,502027,172,3326.0
A-n80-k10,WOA,1,502027,173,3326.0
A-n80-k10,WOA,1,502027,174,3326.0
A-n80-k10,WOA,1,502027,175,3326.0
A-n80-k10,WOA,1,502027,176,3326.0
A-n80-k10,WOA,1,502027,177,3326.0
A-n80-k10,WOA,1,502027,178,3326.0
A-n80-k10,WOA,1,502027,179,3326.0
A-n80-k10,WOA,1,502027,180,3326.0
A-n80-k10,WOA,1,502027,181,3326.0
A-n80-k10,WOA,1,502027,182,3326.0
A-n80-k10,WOA,1,502027,183,3326.0
A-n80-k10,WOA,1,502027,184,3326.0
A-n80-k10,WOA,1,502027,185,3326.0
A-n80-k10,WOA,1,502027,186,3326.0
A-n80-k10,WOA,1,502027,187,3326.0
A-n80-k10,WOA,1,502027,188,3326.0
A-n80-k10,WOA,1,502027,189,3326.0
A-n80-k10,WOA,1,502027,190,3326.0
A-n80-k10,WOA,1,502027,191,3326.0
A-n80-k10,WOA,1,502027,192,3326.0
A-n80-k10,WOA,1,502027,193,3326.0
A-n80-k10,WOA,1,502027,194,3326.0
A-n80-k10,WOA,1,502027,195,3326.0
A-n80-k10,WOA,1,502027,196,3326.0
A-n80-k10,WOA,1,502027,197,3326.0
A-n80-k10,WOA,1,502027,198,3326.0
A-n80-k10,WOA,1,502027,199,3326.0
A-n80-k10,WOA,1,502027,200,3326.0
A-n80-k10,WOA,2,502028,1,4492.0
A-n80-k10,WOA,2,502028,2,4354.0
A-n80-k10,WOA,2,502028,3,4208.0
A-n80-k10,WOA,2,502028,4,4208.0
A-n80-k10,WOA,2,502028,5,4198.0
A-n80-k10,WOA,2,502028,6,4160.0
A-n80-k10,WOA,2,502028,7,4160.0
A-n80-k10,WOA,2,502028,8,4153.0
A-n80-k10,WOA,2,502028,9,4125.0
A-n80-k10,WOA,2,502028,10,4123.0
A-n80-k10,WOA,2,502028,11,4123.0
A-n80-k10,WOA,2,502028,12,4123.0
A-n80-k10,WOA,2,502028,13,4042.0
A-n80-k10,WOA,2,502028,14,4026.0
A-n80-k10,WOA,2,502028,15,4026.0
A-n80-k10,WOA,2,502028,16,3930.0
A-n80-k10,WOA,2,502028,17,3930.0
A-n80-k10,WOA,2,502028,18,3930.0
A-n80-k10,WOA,2,502028,19,3930.0
A-n80-k10,WOA,2,502028,20,3930.0
A-n80-k10,WOA,2,502028,21,3930.0
A-n80-k10,WOA,2,502028,22,3930.0
A-n80-k10,WOA,2,502028,23,3872.0
A-n80-k10,WOA,2,502028,24,3872.0
A-n80-k10,WOA,2,502028,25,3872.0
A-n80-k10,WOA,2,502028,26,3857.0
A-n80-k10,WOA,2,502028,27,3804.0
A-n80-k10,WOA,2,502028,28,3804.0
A-n80-k10,WOA,2,502028,29,3704.0
A-n80-k10,WOA,2,502028,30,3653.0
A-n80-k10,WOA,2,502028,31,3653.0
A-n80-k10,WOA,2,502028,32,3653.0
A-n80-k10,WOA,2,502028,33,3653.0
A-n80-k10,WOA,2,502028,34,3653.0
A-n80-k10,WOA,2,502028,35,3653.0
A-n80-k10,WOA,2,502028,36,3653.0
A-n80-k10,WOA,2,502028,37,3653.0
A-n80-k10,WOA,2,502028,38,3653.0
A-n80-k10,WOA,2,502028,39,3653.0
A-n80-k10,WOA,2,502028,40,3653.0
A-n80-k10,WOA,2,502028,41,3653.0
A-n80-k10,WOA,2,502028,42,3606.0
A-n80-k10,WOA,2,502028,43,3606.0
A-n80-k10,WOA,2,502028,44,3606.0
A-n80-k10,WOA,2,502028,45,3606.0
A-n80-k10,WOA,2,502028,46,3606.0
A-n80-k10,WOA,2,502028,47,3606.0
A-n80-k10,WOA,2,502028,48,3606.0
A-n80-k10,WOA,2,502028,49,3606.0
A-n80-k10,WOA,2,502028,50,3606.0
A-n80-k10,WOA,2,502028,51,3579.0
A-n80-k10,WOA,2,502028,52,3579.0
A-n80-k10,WOA,2,502028,53,3579.0
A-n80-k10,WOA,2,502028,54,3579.0
A-n80-k10,WOA,2,502028,55,3567.0
A-n80-k10,WOA,2,502028,56,3567.0
A-n80-k10,WOA,2,502028,57,3525.0
A-n80-k10,WOA,2,502028,58,3512.0
A-n80-k10,WOA,2,502028,59,3512.0
A-n80-k10,WOA,2,502028,60,3512.0
A-n80-k10,WOA,2,502028,61,3512.0
A-n80-k10,WOA,2,502028,62,3512.0
A-n80-k10,WOA,2,502028,63,3512.0
A-n80-k10,WOA,2,502028,64,3512.0
A-n80-k10,WOA,2,502028,65,3512.0
A-n80-k10,WOA,2,502028,66,3512.0
A-n80-k10,WOA,2,502028,67,3512.0
A-n80-k10,WOA,2,502028,68,3512.0
A-n80-k10,WOA,2,502028,69,3512.0
A-n80-k10,WOA,2,502028,70,3512.0
A-n80-k10,WOA,2,502028,71,3512.0
A-n80-k10,WOA,2,502028,72,3512.0
A-n80-k10,WOA,2,502028,73,3512.0
A-n80-k10,WOA,2,502028,74,3512.0
A-n80-k10,WOA,2,502028,75,3512.0
A-n80-k10,WOA,2,502028,76,3499.0
A-n80-k10,WOA,2,502028,77,3499.0
A-n80-k10,WOA,2,502028,78,3499.0
A-n80-k10,WOA,2,502028,79,3499.0
A-n80-k10,WOA,2,502028,80,3499.0
A-n80-k10,WOA,2,502028,81,3499.0
A-n80-k10,WOA,2,502028,82,3499.0
A-n80-k10,WOA,2,502028,83,3499.0
A-n80-k10,WOA,2,502028,84,3499.0
A-n80-k10,WOA,2,502028,85,3499.0
A-n80-k10,WOA,2,502028,86,3499.0
A-n80-k10,WOA,2,502028,87,3499.0
A-n80-k10,WOA,2,502028,88,3487.0
A-n80-k10,WOA,2,502028,89,3451.0
A-n80-k10,WOA,2,502028,90,3432.0
A-n80-k10,WOA,2,502028,91,3432.0
A-n80-k10,WOA,2,502028,92,3432.0
A-n80-k10,WOA,2,502028,93,3432.0
A-n80-k10,WOA,2,502028,94,3432.0
A-n80-k10,WOA,2,502028,95,3432.0
A-n80-k10,WOA,2,502028,96,3432.0
A-n80-k10,WOA,2,502028,97,3432.0
A-n80-k10,WOA,2,502028,98,3432.0
A-n80-k10,WOA,2,502028,99,3432.0
A-n80-k10,WOA,2,502028,100,3429.0
A-n80-k10,WOA,2,502028,101,3429.0
A-n80-k10,WOA,2,502028,102,3429.0
A-n80-k10,WOA,2,502028,103,3417.0
A-n80-k10,WOA,2,502028,104,3417.0
A-n80-k10,WOA,2,502028,105,3417.0
A-n80-k10,WOA,2,502028,106,3417.0
A-n80-k10,WOA,2,502028,107,3417.0
A-n80-k10,WOA,2,502028,108,3417.0
A-n80-k10,WOA,2,502028,109,3406.0
A-n80-k10,WOA,2,502028,110,3378.0
A-n80-k10,WOA,2,502028,111,3378.0
A-n80-k10,WOA,2,502028,112,3378.0
A-n80-k10,WOA,2,502028,113,3378.0
A-n80-k10,WOA,2,502028,114,3378.0
A-n80-k10,WOA,2,502028,115,3378.0
A-n80-k10,WOA,2,502028,116,3378.0
A-n80-k10,WOA,2,502028,117,3378.0
A-n80-k10,WOA,2,502028,118,3378.0
A-n80-k10,WOA,2,502028,119,3333.0
A-n80-k10,WOA,2,502028,120,3333.0
A-n80-k10,WOA,2,502028,121,3333.0
A-n80-k10,WOA,2,502028,122,3333.0
A-n80-k10,WOA,2,502028,123,3333.0
A-n80-k10,WOA,2,502028,124,3333.0
A-n80-k10,WOA,2,502028,125,3333.0
A-n80-k10,WOA,2,502028,126,3333.0
A-n80-k10,WOA,2,502028,127,3333.0
A-n80-k10,WOA,2,502028,128,3333.0
A-n80-k10,WOA,2,502028,129,3327.0
A-n80-k10,WOA,2,502028,130,3327.0
A-n80-k10,WOA,2,502028,131,3327.0
A-n80-k10,WOA,2,502028,132,3327.0
A-n80-k10,WOA,2,502028,133,3327.0
A-n80-k10,WOA,2,502028,134,3327.0
A-n80-k10,WOA,2,502028,135,3327.0
A-n80-k10,WOA,2,502028,136,3327.0
A-n80-k10,WOA,2,502028,137,3327.0
A-n80-k10,WOA,2,502028,138,3327.0
A-n80-k10,WOA,2,502028,139,3327.0
A-n80-k10,WOA,2,502028,140,3327.0
A-n80-k10,WOA,2,502028,141,3327.0
A-n80-k10,WOA,2,502028,142,3327.0
A-n80-k10,WOA,2,502028,143,3327.0
A-n80-k10,WOA,2,502028,144,3327.0
A-n80-k10,WOA,2,502028,145,3327.0
A-n80-k10,WOA,2,502028,146,3327.0
A-n80-k10,WOA,2,502028,147,3327.0
A-n80-k10,WOA,2,502028,148,3327.0
A-n80-k10,WOA,2,502028,149,3327.0
A-n80-k10,WOA,2,502028,150,3327.0
A-n80-k10,WOA,2,502028,151,3327.0
A-n80-k10,WOA,2,502028,152,3327.0
A-n80-k10,WOA,2,502028,153,3327.0
A-n80-k10,WOA,2,502028,154,3327.0
A-n80-k10,WOA,2,502028,155,3327.0
A-n80-k10,WOA,2,502028,156,3327.0
A-n80-k10,WOA,2,502028,157,3327.0
A-n80-k10,WOA,2,502028,158,3314.0
A-n80-k10,WOA,2,502028,159,3310.0
A-n80-k10,WOA,2,502028,160,3310.0
A-n80-k10,WOA,2,502028,161,3310.0
A-n80-k10,WOA,2,502028,162,3310.0
A-n80-k10,WOA,2,502028,163,3310.0
A-n80-k10,WOA,2,502028,164,3310.0
A-n80-k10,WOA,2,502028,165,3310.0
A-n80-k10,WOA,2,502028,166,3310.0
A-n80-k10,WOA,2,502028,167,3310.0
A-n80-k10,WOA,2,502028,168,3310.0
A-n80-k10,WOA,2,502028,169,3310.0
A-n80-k10,WOA,2,502028,170,3310.0
A-n80-k10,WOA,2,502028,171,3310.0
A-n80-k10,WOA,2,502028,172,3310.0
A-n80-k10,WOA,2,502028,173,3310.0
A-n80-k10,WOA,2,502028,174,3310.0
A-n80-k10,WOA,2,502028,175,3310.0
A-n80-k10,WOA,2,502028,176,3310.0
A-n80-k10,WOA,2,502028,177,3310.0
A-n80-k10,WOA,2,502028,178,3310.0
A-n80-k10,WOA,2,502028,179,3310.0
A-n80-k10,WOA,2,502028,180,3310.0
A-n80-k10,WOA,2,502028,181,3310.0
A-n80-k10,WOA,2,502028,182,3310.0
A-n80-k10,WOA,2,502028,183,3310.0
A-n80-k10,WOA,2,502028,184,3310.0
A-n80-k10,WOA,2,502028,185,3310.0
A-n80-k10,WOA,2,502028,186,3310.0
A-n80-k10,WOA,2,502028,187,3310.0
A-n80-k10,WOA,2,502028,188,3310.0
A-n80-k10,WOA,2,502028,189,3310.0
A-n80-k10,WOA,2,502028,190,3310.0
A-n80-k10,WOA,2,502028,191,3310.0
A-n80-k10,WOA,2,502028,192,3310.0
A-n80-k10,WOA,2,502028,193,3310.0
A-n80-k10,WOA,2,502028,194,3310.0
A-n80-k10,WOA,2,502028,195,3310.0
A-n80-k10,WOA,2,502028,196,3310.0
A-n80-k10,WOA,2,502028,197,3310.0
A-n80-k10,WOA,2,502028,198,3310.0
A-n80-k10,WOA,2,502028,199,3310.0
A-n80-k10,WOA,2,502028,200,3310.0
A-n80-k10,WOA,3,502029,1,4498.0
A-n80-k10,WOA,3,502029,2,4146.0
A-n80-k10,WOA,3,502029,3,4146.0
A-n80-k10,WOA,3,502029,4,4132.0
A-n80-k10,WOA,3,502029,5,4064.0
A-n80-k10,WOA,3,502029,6,4064.0
A-n80-k10,WOA,3,502029,7,3993.0
A-n80-k10,WOA,3,502029,8,3965.0
A-n80-k10,WOA,3,502029,9,3813.0
A-n80-k10,WOA,3,502029,10,3813.0
A-n80-k10,WOA,3,502029,11,3798.0
A-n80-k10,WOA,3,502029,12,3747.0
A-n80-k10,WOA,3,502029,13,3747.0
A-n80-k10,WOA,3,502029,14,3745.0
A-n80-k10,WOA,3,502029,15,3745.0
A-n80-k10,WOA,3,502029,16,3745.0
A-n80-k10,WOA,3,502029,17,3745.0
A-n80-k10,WOA,3,502029,18,3745.0
A-n80-k10,WOA,3,502029,19,3745.0
A-n80-k10,WOA,3,502029,20,3745.0
A-n80-k10,WOA,3,502029,21,3745.0
A-n80-k10,WOA,3,502029,22,3643.0
A-n80-k10,WOA,3,502029,23,3639.0
A-n80-k10,WOA,3,502029,24,3639.0
A-n80-k10,WOA,3,502029,25,3569.0
A-n80-k10,WOA,3,502029,26,3569.0
A-n80-k10,WOA,3,502029,27,3569.0
A-n80-k10,WOA,3,502029,28,3569.0
A-n80-k10,WOA,3,502029,29,3569.0
A-n80-k10,WOA,3,502029,30,3569.0
A-n80-k10,WOA,3,502029,31,3569.0
A-n80-k10,WOA,3,502029,32,3569.0
A-n80-k10,WOA,3,502029,33,3535.0
A-n80-k10,WOA,3,502029,34,3512.0
A-n80-k10,WOA,3,502029,35,3509.0
A-n80-k10,WOA,3,502029,36,3509.0
A-n80-k10,WOA,3,502029,37,3509.0
A-n80-k10,WOA,3,502029,38,3509.0
A-n80-k10,WOA,3,502029,39,3509.0
A-n80-k10,WOA,3,502029,40,3509.0
A-n80-k10,WOA,3,502029,41,3509.0
A-n80-k10,WOA,3,502029,42,3509.0
A-n80-k10,WOA,3,502029,43,3509.0
A-n80-k10,WOA,3,502029,44,3509.0
A-n80-k10,WOA,3,502029,45,3509.0
A-n80-k10,WOA,3,502029,46,3509.0
A-n80-k10,WOA,3,502029,47,3509.0
A-n80-k10,WOA,3,502029,48,3509.0
A-n80-k10,WOA,3,502029,49,3509.0
A-n80-k10,WOA,3,502029,50,3509.0
A-n80-k10,WOA,3,502029,51,3509.0
A-n80-k10,WOA,3,502029,52,3509.0
A-n80-k10,WOA,3,502029,53,3509.0
A-n80-k10,WOA,3,502029,54,3509.0
A-n80-k10,WOA,3,502029,55,3509.0
A-n80-k10,WOA,3,502029,56,3509.0
A-n80-k10,WOA,3,502029,57,3509.0
A-n80-k10,WOA,3,502029,58,3509.0
A-n80-k10,WOA,3,502029,59,3509.0
A-n80-k10,WOA,3,502029,60,3509.0
A-n80-k10,WOA,3,502029,61,3509.0
A-n80-k10,WOA,3,502029,62,3509.0
A-n80-k10,WOA,3,502029,63,3509.0
A-n80-k10,WOA,3,502029,64,3509.0
A-n80-k10,WOA,3,502029,65,3509.0
A-n80-k10,WOA,3,502029,66,3509.0
A-n80-k10,WOA,3,502029,67,3509.0
A-n80-k10,WOA,3,502029,68,3509.0
A-n80-k10,WOA,3,502029,69,3509.0
A-n80-k10,WOA,3,502029,70,3509.0
A-n80-k10,WOA,3,502029,71,3509.0
A-n80-k10,WOA,3,502029,72,3509.0
A-n80-k10,WOA,3,502029,73,3509.0
A-n80-k10,WOA,3,502029,74,3509.0
A-n80-k10,WOA,3,502029,75,3509.0
A-n80-k10,WOA,3,502029,76,3509.0
A-n80-k10,WOA,3,502029,77,3509.0
A-n80-k10,WOA,3,502029,78,3509.0
A-n80-k10,WOA,3,502029,79,3509.0
A-n80-k10,WOA,3,502029,80,3509.0
A-n80-k10,WOA,3,502029,81,3509.0
A-n80-k10,WOA,3,502029,82,3509.0
A-n80-k10,WOA,3,502029,83,3509.0
A-n80-k10,WOA,3,502029,84,3509.0
A-n80-k10,WOA,3,502029,85,3509.0
A-n80-k10,WOA,3,502029,86,3509.0
A-n80-k10,WOA,3,502029,87,3509.0
A-n80-k10,WOA,3,502029,88,3509.0
A-n80-k10,WOA,3,502029,89,3509.0
A-n80-k10,WOA,3,502029,90,3509.0
A-n80-k10,WOA,3,502029,91,3509.0
A-n80-k10,WOA,3,502029,92,3509.0
A-n80-k10,WOA,3,502029,93,3509.0
A-n80-k10,WOA,3,502029,94,3509.0
A-n80-k10,WOA,3,502029,95,3509.0
A-n80-k10,WOA,3,502029,96,3509.0
A-n80-k10,WOA,3,502029,97,3509.0
A-n80-k10,WOA,3,502029,98,3509.0
A-n80-k10,WOA,3,502029,99,3509.0
A-n80-k10,WOA,3,502029,100,3509.0
A-n80-k10,WOA,3,502029,101,3509.0
A-n80-k10,WOA,3,502029,102,3509.0
A-n80-k10,WOA,3,502029,103,3509.0
A-n80-k10,WOA,3,502029,104,3509.0
A-n80-k10,WOA,3,502029,105,3509.0
A-n80-k10,WOA,3,502029,106,3509.0
A-n80-k10,WOA,3,502029,107,3509.0
A-n80-k10,WOA,3,502029,108,3509.0
A-n80-k10,WOA,3,502029,109,3509.0
A-n80-k10,WOA,3,502029,110,3509.0
A-n80-k10,WOA,3,502029,111,3509.0
A-n80-k10,WOA,3,502029,112,3509.0
A-n80-k10,WOA,3,502029,113,3509.0
A-n80-k10,WOA,3,502029,114,3509.0
A-n80-k10,WOA,3,502029,115,3509.0
A-n80-k10,WOA,3,502029,116,3509.0
A-n80-k10,WOA,3,502029,117,3509.0
A-n80-k10,WOA,3,502029,118,3509.0
A-n80-k10,WOA,3,502029,119,3509.0
A-n80-k10,WOA,3,502029,120,3509.0
A-n80-k10,WOA,3,502029,121,3509.0
A-n80-k10,WOA,3,502029,122,3509.0
A-n80-k10,WOA,3,502029,123,3509.0
A-n80-k10,WOA,3,502029,124,3509.0
A-n80-k10,WOA,3,502029,125,3509.0
A-n80-k10,WOA,3,502029,126,3509.0
A-n80-k10,WOA,3,502029,127,3509.0
A-n80-k10,WOA,3,502029,128,3509.0
A-n80-k10,WOA,3,502029,129,3509.0
A-n80-k10,WOA,3,502029,130,3509.0
A-n80-k10,WOA,3,502029,131,3509.0
A-n80-k10,WOA,3,502029,132,3509.0
A-n80-k10,WOA,3,502029,133,3509.0
A-n80-k10,WOA,3,502029,134,3509.0
A-n80-k10,WOA,3,502029,135,3509.0
A-n80-k10,WOA,3,502029,136,3509.0
A-n80-k10,WOA,3,502029,137,3509.0
A-n80-k10,WOA,3,502029,138,3509.0
A-n80-k10,WOA,3,502029,139,3509.0
A-n80-k10,WOA,3,502029,140,3509.0
A-n80-k10,WOA,3,502029,141,3509.0
A-n80-k10,WOA,3,502029,142,3509.0
A-n80-k10,WOA,3,502029,143,3509.0
A-n80-k10,WOA,3,502029,144,3509.0
A-n80-k10,WOA,3,502029,145,3509.0
A-n80-k10,WOA,3,502029,146,3509.0
A-n80-k10,WOA,3,502029,147,3509.0
A-n80-k10,WOA,3,502029,148,3509.0
A-n80-k10,WOA,3,502029,149,3509.0
A-n80-k10,WOA,3,502029,150,3509.0
A-n80-k10,WOA,3,502029,151,3509.0
A-n80-k10,WOA,3,502029,152,3509.0
A-n80-k10,WOA,3,502029,153,3509.0
A-n80-k10,WOA,3,502029,154,3509.0
A-n80-k10,WOA,3,502029,155,3509.0
A-n80-k10,WOA,3,502029,156,3509.0
A-n80-k10,WOA,3,502029,157,3509.0
A-n80-k10,WOA,3,502029,158,3509.0
A-n80-k10,WOA,3,502029,159,3509.0
A-n80-k10,WOA,3,502029,160,3509.0
A-n80-k10,WOA,3,502029,161,3509.0
A-n80-k10,WOA,3,502029,162,3509.0
A-n80-k10,WOA,3,502029,163,3509.0
A-n80-k10,WOA,3,502029,164,3509.0
A-n80-k10,WOA,3,502029,165,3509.0
A-n80-k10,WOA,3,502029,166,3509.0
A-n80-k10,WOA,3,502029,167,3509.0
A-n80-k10,WOA,3,502029,168,3509.0
A-n80-k10,WOA,3,502029,169,3509.0
A-n80-k10,WOA,3,502029,170,3509.0
A-n80-k10,WOA,3,502029,171,3509.0
A-n80-k10,WOA,3,502029,172,3509.0
A-n80-k10,WOA,3,502029,173,3509.0
A-n80-k10,WOA,3,502029,174,3509.0
A-n80-k10,WOA,3,502029,175,3509.0
A-n80-k10,WOA,3,502029,176,3509.0
A-n80-k10,WOA,3,502029,177,3509.0
A-n80-k10,WOA,3,502029,178,3509.0
A-n80-k10,WOA,3,502029,179,3509.0
A-n80-k10,WOA,3,502029,180,3509.0
A-n80-k10,WOA,3,502029,181,3509.0
A-n80-k10,WOA,3,502029,182,3509.0
A-n80-k10,WOA,3,502029,183,3509.0
A-n80-k10,WOA,3,502029,184,3509.0
A-n80-k10,WOA,3,502029,185,3509.0
A-n80-k10,WOA,3,502029,186,3509.0
A-n80-k10,WOA,3,502029,187,3509.0
A-n80-k10,WOA,3,502029,188,3509.0
A-n80-k10,WOA,3,502029,189,3509.0
A-n80-k10,WOA,3,502029,190,3509.0
A-n80-k10,WOA,3,502029,191,3509.0
A-n80-k10,WOA,3,502029,192,3509.0
A-n80-k10,WOA,3,502029,193,3509.0
A-n80-k10,WOA,3,502029,194,3509.0
A-n80-k10,WOA,3,502029,195,3509.0
A-n80-k10,WOA,3,502029,196,3509.0
A-n80-k10,WOA,3,502029,197,3509.0
A-n80-k10,WOA,3,502029,198,3509.0
A-n80-k10,WOA,3,502029,199,3509.0
A-n80-k10,WOA,3,502029,200,3509.0
A-n80-k10,SSA,1,503027,1,4373.0
A-n80-k10,SSA,1,503027,2,4263.0
A-n80-k10,SSA,1,503027,3,4240.0
A-n80-k10,SSA,1,503027,4,4240.0
A-n80-k10,SSA,1,503027,5,4240.0
A-n80-k10,SSA,1,503027,6,4240.0
A-n80-k10,SSA,1,503027,7,4240.0
A-n80-k10,SSA,1,503027,8,4240.0
A-n80-k10,SSA,1,503027,9,4240.0
A-n80-k10,SSA,1,503027,10,4226.0
A-n80-k10,SSA,1,503027,11,4226.0
A-n80-k10,SSA,1,503027,12,4226.0
A-n80-k10,SSA,1,503027,13,4226.0
A-n80-k10,SSA,1,503027,14,4226.0
A-n80-k10,SSA,1,503027,15,4226.0
A-n80-k10,SSA,1,503027,16,4226.0
A-n80-k10,SSA,1,503027,17,4226.0
A-n80-k10,SSA,1,503027,18,4226.0
A-n80-k10,SSA,1,503027,19,4198.0
A-n80-k10,SSA,1,503027,20,4198.0
A-n80-k10,SSA,1,503027,21,4198.0
A-n80-k10,SSA,1,503027,22,4198.0
A-n80-k10,SSA,1,503027,23,4198.0
A-n80-k10,SSA,1,503027,24,4198.0
A-n80-k10,SSA,1,503027,25,4198.0
A-n80-k10,SSA,1,503027,26,4198.0
A-n80-k10,SSA,1,503027,27,4198.0
A-n80-k10,SSA,1,503027,28,4198.0
A-n80-k10,SSA,1,503027,29,4198.0
A-n80-k10,SSA,1,503027,30,4198.0
A-n80-k10,SSA,1,503027,31,4198.0
A-n80-k10,SSA,1,503027,32,4198.0
A-n80-k10,SSA,1,503027,33,4183.0
A-n80-k10,SSA,1,503027,34,4183.0
A-n80-k10,SSA,1,503027,35,4183.0
A-n80-k10,SSA,1,503027,36,4183.0
A-n80-k10,SSA,1,503027,37,4183.0
A-n80-k10,SSA,1,503027,38,4183.0
A-n80-k10,SSA,1,503027,39,4183.0
A-n80-k10,SSA,1,503027,40,4183.0
A-n80-k10,SSA,1,503027,41,4183.0
A-n80-k10,SSA,1,503027,42,4183.0
A-n80-k10,SSA,1,503027,43,4183.0
A-n80-k10,SSA,1,503027,44,4183.0
A-n80-k10,SSA,1,503027,45,4183.0
A-n80-k10,SSA,1,503027,46,4183.0
A-n80-k10,SSA,1,503027,47,4183.0
A-n80-k10,SSA,1,503027,48,4183.0
A-n80-k10,SSA,1,503027,49,4183.0
A-n80-k10,SSA,1,503027,50,4183.0
A-n80-k10,SSA,1,503027,51,4129.0
A-n80-k10,SSA,1,503027,52,4129.0
A-n80-k10,SSA,1,503027,53,4129.0
A-n80-k10,SSA,1,503027,54,4129.0
A-n80-k10,SSA,1,503027,55,4129.0
A-n80-k10,SSA,1,503027,56,4129.0
A-n80-k10,SSA,1,503027,57,4129.0
A-n80-k10,SSA,1,503027,58,4129.0
A-n80-k10,SSA,1,503027,59,4129.0
A-n80-k10,SSA,1,503027,60,4129.0
A-n80-k10,SSA,1,503027,61,4129.0
A-n80-k10,SSA,1,503027,62,4129.0
A-n80-k10,SSA,1,503027,63,4129.0
A-n80-k10,SSA,1,503027,64,4129.0
A-n80-k10,SSA,1,503027,65,4129.0
A-n80-k10,SSA,1,503027,66,4129.0
A-n80-k10,SSA,1,503027,67,4129.0
A-n80-k10,SSA,1,503027,68,4129.0
A-n80-k10,SSA,1,503027,69,4129.0
A-n80-k10,SSA,1,503027,70,4129.0
A-n80-k10,SSA,1,503027,71,4129.0
A-n80-k10,SSA,1,503027,72,4129.0
A-n80-k10,SSA,1,503027,73,4129.0
A-n80-k10,SSA,1,503027,74,4129.0
A-n80-k10,SSA,1,503027,75,4129.0
A-n80-k10,SSA,1,503027,76,4129.0
A-n80-k10,SSA,1,503027,77,4129.0
A-n80-k10,SSA,1,503027,78,4129.0
A-n80-k10,SSA,1,503027,79,4129.0
A-n80-k10,SSA,1,503027,80,4129.0
A-n80-k10,SSA,1,503027,81,4129.0
A-n80-k10,SSA,1,503027,82,4129.0
A-n80-k10,SSA,1,503027,83,4129.0
A-n80-k10,SSA,1,503027,84,4129.0
A-n80-k10,SSA,1,503027,85,4129.0
A-n80-k10,SSA,1,503027,86,4129.0
A-n80-k10,SSA,1,503027,87,4129.0
A-n80-k10,SSA,1,503027,88,4129.0
A-n80-k10,SSA,1,503027,89,4129.0
A-n80-k10,SSA,1,503027,90,4129.0
A-n80-k10,SSA,1,503027,91,4129.0
A-n80-k10,SSA,1,503027,92,4129.0
A-n80-k10,SSA,1,503027,93,4129.0
A-n80-k10,SSA,1,503027,94,4129.0
A-n80-k10,SSA,1,503027,95,4129.0
A-n80-k10,SSA,1,503027,96,4129.0
A-n80-k10,SSA,1,503027,97,4129.0
A-n80-k10,SSA,1,503027,98,4129.0
A-n80-k10,SSA,1,503027,99,4129.0
A-n80-k10,SSA,1,503027,100,4129.0
A-n80-k10,SSA,1,503027,101,4129.0
A-n80-k10,SSA,1,503027,102,4129.0
A-n80-k10,SSA,1,503027,103,4129.0
A-n80-k10,SSA,1,503027,104,4129.0
A-n80-k10,SSA,1,503027,105,4129.0
A-n80-k10,SSA,1,503027,106,4129.0
A-n80-k10,SSA,1,503027,107,4072.0
A-n80-k10,SSA,1,503027,108,4072.0
A-n80-k10,SSA,1,503027,109,4072.0
A-n80-k10,SSA,1,503027,110,4072.0
A-n80-k10,SSA,1,503027,111,4072.0
A-n80-k10,SSA,1,503027,112,4072.0
A-n80-k10,SSA,1,503027,113,4072.0
A-n80-k10,SSA,1,503027,114,4072.0
A-n80-k10,SSA,1,503027,115,4072.0
A-n80-k10,SSA,1,503027,116,4072.0
A-n80-k10,SSA,1,503027,117,4072.0
A-n80-k10,SSA,1,503027,118,4072.0
A-n80-k10,SSA,1,503027,119,4072.0
A-n80-k10,SSA,1,503027,120,4072.0
A-n80-k10,SSA,1,503027,121,4072.0
A-n80-k10,SSA,1,503027,122,4025.0
A-n80-k10,SSA,1,503027,123,4025.0
A-n80-k10,SSA,1,503027,124,4025.0
A-n80-k10,SSA,1,503027,125,4025.0
A-n80-k10,SSA,1,503027,126,4025.0
A-n80-k10,SSA,1,503027,127,4025.0
A-n80-k10,SSA,1,503027,128,4025.0
A-n80-k10,SSA,1,503027,129,4025.0
A-n80-k10,SSA,1,503027,130,4025.0
A-n80-k10,SSA,1,503027,131,4025.0
A-n80-k10,SSA,1,503027,132,4025.0
A-n80-k10,SSA,1,503027,133,4025.0
A-n80-k10,SSA,1,503027,134,4025.0
A-n80-k10,SSA,1,503027,135,4025.0
A-n80-k10,SSA,1,503027,136,4025.0
A-n80-k10,SSA,1,503027,137,4025.0
A-n80-k10,SSA,1,503027,138,4025.0
A-n80-k10,SSA,1,503027,139,4025.0
A-n80-k10,SSA,1,503027,140,4025.0
A-n80-k10,SSA,1,503027,141,4025.0
A-n80-k10,SSA,1,503027,142,4025.0
A-n80-k10,SSA,1,503027,143,4025.0
A-n80-k10,SSA,1,503027,144,4025.0
A-n80-k10,SSA,1,503027,145,4007.0
A-n80-k10,SSA,1,503027,146,4007.0
A-n80-k10,SSA,1,503027,147,4007.0
A-n80-k10,SSA,1,503027,148,4007.0
A-n80-k10,SSA,1,503027,149,4007.0
A-n80-k10,SSA,1,503027,150,4007.0
A-n80-k10,SSA,1,503027,151,4007.0
A-n80-k10,SSA,1,503027,152,4007.0
A-n80-k10,SSA,1,503027,153,4007.0
A-n80-k10,SSA,1,503027,154,4007.0
A-n80-k10,SSA,1,503027,155,4007.0
A-n80-k10,SSA,1,503027,156,4007.0
A-n80-k10,SSA,1,503027,157,4007.0
A-n80-k10,SSA,1,503027,158,4007.0
A-n80-k10,SSA,1,503027,159,4007.0
A-n80-k10,SSA,1,503027,160,4007.0
A-n80-k10,SSA,1,503027,161,4007.0
A-n80-k10,SSA,1,503027,162,4007.0
A-n80-k10,SSA,1,503027,163,4007.0
A-n80-k10,SSA,1,503027,164,4007.0
A-n80-k10,SSA,1,503027,165,4007.0
A-n80-k10,SSA,1,503027,166,4007.0
A-n80-k10,SSA,1,503027,167,4007.0
A-n80-k10,SSA,1,503027,168,4007.0
A-n80-k10,SSA,1,503027,169,4007.0
A-n80-k10,SSA,1,503027,170,4007.0
A-n80-k10,SSA,1,503027,171,4007.0
A-n80-k10,SSA,1,503027,172,4007.0
A-n80-k10,SSA,1,503027,173,4007.0
A-n80-k10,SSA,1,503027,174,4007.0
A-n80-k10,SSA,1,503027,175,4007.0
A-n80-k10,SSA,1,503027,176,4007.0
A-n80-k10,SSA,1,503027,177,4007.0
A-n80-k10,SSA,1,503027,178,4007.0
A-n80-k10,SSA,1,503027,179,4007.0
A-n80-k10,SSA,1,503027,180,4007.0
A-n80-k10,SSA,1,503027,181,4007.0
A-n80-k10,SSA,1,503027,182,4007.0
A-n80-k10,SSA,1,503027,183,4007.0
A-n80-k10,SSA,1,503027,184,4007.0
A-n80-k10,SSA,1,503027,185,4007.0
A-n80-k10,SSA,1,503027,186,4007.0
A-n80-k10,SSA,1,503027,187,4007.0
A-n80-k10,SSA,1,503027,188,4007.0
A-n80-k10,SSA,1,503027,189,4007.0
A-n80-k10,SSA,1,503027,190,4007.0
A-n80-k10,SSA,1,503027,191,4007.0
A-n80-k10,SSA,1,503027,192,4007.0
A-n80-k10,SSA,1,503027,193,4007.0
A-n80-k10,SSA,1,503027,194,4007.0
A-n80-k10,SSA,1,503027,195,4007.0
A-n80-k10,SSA,1,503027,196,4007.0
A-n80-k10,SSA,1,503027,197,4007.0
A-n80-k10,SSA,1,503027,198,4007.0
A-n80-k10,SSA,1,503027,199,4007.0
A-n80-k10,SSA,1,503027,200,4007.0
A-n80-k10,SSA,2,503028,1,4480.0
A-n80-k10,SSA,2,503028,2,4388.0
A-n80-k10,SSA,2,503028,3,4388.0
A-n80-k10,SSA,2,503028,4,4320.0
A-n80-k10,SSA,2,503028,5,4320.0
A-n80-k10,SSA,2,503028,6,4320.0
A-n80-k10,SSA,2,503028,7,4320.0
A-n80-k10,SSA,2,503028,8,4236.0
A-n80-k10,SSA,2,503028,9,4236.0
A-n80-k10,SSA,2,503028,10,4236.0
A-n80-k10,SSA,2,503028,11,4236.0
A-n80-k10,SSA,2,503028,12,4236.0
A-n80-k10,SSA,2,503028,13,4236.0
A-n80-k10,SSA,2,503028,14,4236.0
A-n80-k10,SSA,2,503028,15,4236.0
A-n80-k10,SSA,2,503028,16,4236.0
A-n80-k10,SSA,2,503028,17,4236.0
A-n80-k10,SSA,2,503028,18,4236.0
A-n80-k10,SSA,2,503028,19,4236.0
A-n80-k10,SSA,2,503028,20,4236.0
A-n80-k10,SSA,2,503028,21,4236.0
A-n80-k10,SSA,2,503028,22,4200.0
A-n80-k10,SSA,2,503028,23,4200.0
A-n80-k10,SSA,2,503028,24,4200.0
A-n80-k10,SSA,2,503028,25,4200.0
A-n80-k10,SSA,2,503028,26,4200.0
A-n80-k10,SSA,2,503028,27,4200.0
A-n80-k10,SSA,2,503028,28,4200.0
A-n80-k10,SSA,2,503028,29,4200.0
A-n80-k10,SSA,2,503028,30,4200.0
A-n80-k10,SSA,2,503028,31,4200.0
A-n80-k10,SSA,2,503028,32,4200.0
A-n80-k10,SSA,2,503028,33,4200.0
A-n80-k10,SSA,2,503028,34,4200.0
A-n80-k10,SSA,2,503028,35,4200.0
A-n80-k10,SSA,2,503028,36,4200.0
A-n80-k10,SSA,2,503028,37,4200.0
A-n80-k10,SSA,2,503028,38,4181.0
A-n80-k10,SSA,2,503028,39,4181.0
A-n80-k10,SSA,2,503028,40,4181.0
A-n80-k10,SSA,2,503028,41,4168.0
A-n80-k10,SSA,2,503028,42,4168.0
A-n80-k10,SSA,2,503028,43,4168.0
A-n80-k10,SSA,2,503028,44,4168.0
A-n80-k10,SSA,2,503028,45,4168.0
A-n80-k10,SSA,2,503028,46,4123.0
A-n80-k10,SSA,2,503028,47,4123.0
A-n80-k10,SSA,2,503028,48,4123.0
A-n80-k10,SSA,2,503028,49,4123.0
A-n80-k10,SSA,2,503028,50,4123.0
A-n80-k10,SSA,2,503028,51,4123.0
A-n80-k10,SSA,2,503028,52,4123.0
A-n80-k10,SSA,2,503028,53,4123.0
A-n80-k10,SSA,2,503028,54,4123.0
A-n80-k10,SSA,2,503028,55,4030.0
A-n80-k10,SSA,2,503028,56,4030.0
A-n80-k10,SSA,2,503028,57,4030.0
A-n80-k10,SSA,2,503028,58,4030.0
A-n80-k10,SSA,2,503028,59,4030.0
A-n80-k10,SSA,2,503028,60,4030.0
A-n80-k10,SSA,2,503028,61,4030.0
A-n80-k10,SSA,2,503028,62,4030.0
A-n80-k10,SSA,2,503028,63,4030.0
A-n80-k10,SSA,2,503028,64,4030.0
A-n80-k10,SSA,2,503028,65,4030.0
A-n80-k10,SSA,2,503028,66,4030.0
A-n80-k10,SSA,2,503028,67,4030.0
A-n80-k10,SSA,2,503028,68,4030.0
A-n80-k10,SSA,2,503028,69,4030.0
A-n80-k10,SSA,2,503028,70,4030.0
A-n80-k10,SSA,2,503028,71,4030.0
A-n80-k10,SSA,2,503028,72,4030.0
A-n80-k10,SSA,2,503028,73,4030.0
A-n80-k10,SSA,2,503028,74,3932.0
A-n80-k10,SSA,2,503028,75,3932.0
A-n80-k10,SSA,2,503028,76,3932.0
A-n80-k10,SSA,2,503028,77,3932.0
A-n80-k10,SSA,2,503028,78,3932.0
A-n80-k10,SSA,2,503028,79,3932.0
A-n80-k10,SSA,2,503028,80,3932.0
A-n80-k10,SSA,2,503028,81,3800.0
A-n80-k10,SSA,2,503028,82,3800.0
A-n80-k10,SSA,2,503028,83,3800.0
A-n80-k10,SSA,2,503028,84,3800.0
A-n80-k10,SSA,2,503028,85,3800.0
A-n80-k10,SSA,2,503028,86,3800.0
A-n80-k10,SSA,2,503028,87,3800.0
A-n80-k10,SSA,2,503028,88,3800.0
A-n80-k10,SSA,2,503028,89,3800.0
A-n80-k10,SSA,2,503028,90,3800.0
A-n80-k10,SSA,2,503028,91,3800.0
A-n80-k10,SSA,2,503028,92,3800.0
A-n80-k10,SSA,2,503028,93,3800.0
A-n80-k10,SSA,2,503028,94,3800.0
A-n80-k10,SSA,2,503028,95,3800.0
A-n80-k10,SSA,2,503028,96,3800.0
A-n80-k10,SSA,2,503028,97,3800.0
A-n80-k10,SSA,2,503028,98,3800.0
A-n80-k10,SSA,2,503028,99,3800.0
A-n80-k10,SSA,2,503028,100,3800.0
A-n80-k10,SSA,2,503028,101,3800.0
A-n80-k10,SSA,2,503028,102,3800.0
A-n80-k10,SSA,2,503028,103,3800.0
A-n80-k10,SSA,2,503028,104,3800.0
A-n80-k10,SSA,2,503028,105,3800.0
A-n80-k10,SSA,2,503028,106,3800.0
A-n80-k10,SSA,2,503028,107,3800.0
A-n80-k10,SSA,2,503028,108,3800.0
A-n80-k10,SSA,2,503028,109,3800.0
A-n80-k10,SSA,2,503028,110,3800.0
A-n80-k10,SSA,2,503028,111,3800.0
A-n80-k10,SSA,2,503028,112,3800.0
A-n80-k10,SSA,2,503028,113,3800.0
A-n80-k10,SSA,2,503028,114,3800.0
A-n80-k10,SSA,2,503028,115,3800.0
A-n80-k10,SSA,2,503028,116,3800.0
A-n80-k10,SSA,2,503028,117,3800.0
A-n80-k10,SSA,2,503028,118,3800.0
A-n80-k10,SSA,2,503028,119,3800.0
A-n80-k10,SSA,2,503028,120,3800.0
A-n80-k10,SSA,2,503028,121,3800.0
A-n80-k10,SSA,2,503028,122,3800.0
A-n80-k10,SSA,2,503028,123,3800.0
A-n80-k10,SSA,2,503028,124,3800.0
A-n80-k10,SSA,2,503028,125,3800.0
A-n80-k10,SSA,2,503028,126,3800.0
A-n80-k10,SSA,2,503028,127,3800.0
A-n80-k10,SSA,2,503028,128,3800.0
A-n80-k10,SSA,2,503028,129,3800.0
A-n80-k10,SSA,2,503028,130,3800.0
A-n80-k10,SSA,2,503028,131,3789.0
A-n80-k10,SSA,2,503028,132,3771.0
A-n80-k10,SSA,2,503028,133,3739.0
A-n80-k10,SSA,2,503028,134,3739.0
A-n80-k10,SSA,2,503028,135,3739.0
A-n80-k10,SSA,2,503028,136,3739.0
A-n80-k10,SSA,2,503028,137,3739.0
A-n80-k10,SSA,2,503028,138,3739.0
A-n80-k10,SSA,2,503028,139,3739.0
A-n80-k10,SSA,2,503028,140,3739.0
A-n80-k10,SSA,2,503028,141,3739.0
A-n80-k10,SSA,2,503028,142,3739.0
A-n80-k10,SSA,2,503028,143,3739.0
A-n80-k10,SSA,2,503028,144,3739.0
A-n80-k10,SSA,2,503028,145,3695.0
A-n80-k10,SSA,2,503028,146,3682.0
A-n80-k10,SSA,2,503028,147,3682.0
A-n80-k10,SSA,2,503028,148,3682.0
A-n80-k10,SSA,2,503028,149,3682.0
A-n80-k10,SSA,2,503028,150,3682.0
A-n80-k10,SSA,2,503028,151,3682.0
A-n80-k10,SSA,2,503028,152,3682.0
A-n80-k10,SSA,2,503028,153,3682.0
A-n80-k10,SSA,2,503028,154,3682.0
A-n80-k10,SSA,2,503028,155,3682.0
A-n80-k10,SSA,2,503028,156,3682.0
A-n80-k10,SSA,2,503028,157,3682.0
A-n80-k10,SSA,2,503028,158,3649.0
A-n80-k10,SSA,2,503028,159,3649.0
A-n80-k10,SSA,2,503028,160,3641.0
A-n80-k10,SSA,2,503028,161,3641.0
A-n80-k10,SSA,2,503028,162,3641.0
A-n80-k10,SSA,2,503028,163,3641.0
A-n80-k10,SSA,2,503028,164,3641.0
A-n80-k10,SSA,2,503028,165,3641.0
A-n80-k10,SSA,2,503028,166,3641.0
A-n80-k10,SSA,2,503028,167,3641.0
A-n80-k10,SSA,2,503028,168,3641.0
A-n80-k10,SSA,2,503028,169,3641.0
A-n80-k10,SSA,2,503028,170,3641.0
A-n80-k10,SSA,2,503028,171,3641.0
A-n80-k10,SSA,2,503028,172,3641.0
A-n80-k10,SSA,2,503028,173,3641.0
A-n80-k10,SSA,2,503028,174,3641.0
A-n80-k10,SSA,2,503028,175,3641.0
A-n80-k10,SSA,2,503028,176,3641.0
A-n80-k10,SSA,2,503028,177,3641.0
A-n80-k10,SSA,2,503028,178,3641.0
A-n80-k10,SSA,2,503028,179,3641.0
A-n80-k10,SSA,2,503028,180,3641.0
A-n80-k10,SSA,2,503028,181,3641.0
A-n80-k10,SSA,2,503028,182,3641.0
A-n80-k10,SSA,2,503028,183,3641.0
A-n80-k10,SSA,2,503028,184,3641.0
A-n80-k10,SSA,2,503028,185,3641.0
A-n80-k10,SSA,2,503028,186,3641.0
A-n80-k10,SSA,2,503028,187,3641.0
A-n80-k10,SSA,2,503028,188,3641.0
A-n80-k10,SSA,2,503028,189,3641.0
A-n80-k10,SSA,2,503028,190,3641.0
A-n80-k10,SSA,2,503028,191,3641.0
A-n80-k10,SSA,2,503028,192,3641.0
A-n80-k10,SSA,2,503028,193,3641.0
A-n80-k10,SSA,2,503028,194,3641.0
A-n80-k10,SSA,2,503028,195,3641.0
A-n80-k10,SSA,2,503028,196,3641.0
A-n80-k10,SSA,2,503028,197,3641.0
A-n80-k10,SSA,2,503028,198,3641.0
A-n80-k10,SSA,2,503028,199,3641.0
A-n80-k10,SSA,2,503028,200,3641.0
A-n80-k10,SSA,3,503029,1,4311.0
A-n80-k10,SSA,3,503029,2,4293.0
A-n80-k10,SSA,3,503029,3,4273.0
A-n80-k10,SSA,3,503029,4,4273.0
A-n80-k10,SSA,3,503029,5,4273.0
A-n80-k10,SSA,3,503029,6,4273.0
A-n80-k10,SSA,3,503029,7,4214.0
A-n80-k10,SSA,3,503029,8,4214.0
A-n80-k10,SSA,3,503029,9,4214.0
A-n80-k10,SSA,3,503029,10,4214.0
A-n80-k10,SSA,3,503029,11,4214.0
A-n80-k10,SSA,3,503029,12,3985.0
A-n80-k10,SSA,3,503029,13,3985.0
A-n80-k10,SSA,3,503029,14,3985.0
A-n80-k10,SSA,3,503029,15,3985.0
A-n80-k10,SSA,3,503029,16,3985.0
A-n80-k10,SSA,3,503029,17,3985.0
A-n80-k10,SSA,3,503029,18,3985.0
A-n80-k10,SSA,3,503029,19,3985.0
A-n80-k10,SSA,3,503029,20,3985.0
A-n80-k10,SSA,3,503029,21,3985.0
A-n80-k10,SSA,3,503029,22,3985.0
A-n80-k10,SSA,3,503029,23,3985.0
A-n80-k10,SSA,3,503029,24,3985.0
A-n80-k10,SSA,3,503029,25,3985.0
A-n80-k10,SSA,3,503029,26,3985.0
A-n80-k10,SSA,3,503029,27,3985.0
A-n80-k10,SSA,3,503029,28,3985.0
A-n80-k10,SSA,3,503029,29,3985.0
A-n80-k10,SSA,3,503029,30,3985.0
A-n80-k10,SSA,3,503029,31,3985.0
A-n80-k10,SSA,3,503029,32,3890.0
A-n80-k10,SSA,3,503029,33,3890.0
A-n80-k10,SSA,3,503029,34,3890.0
A-n80-k10,SSA,3,503029,35,3890.0
A-n80-k10,SSA,3,503029,36,3890.0
A-n80-k10,SSA,3,503029,37,3890.0
A-n80-k10,SSA,3,503029,38,3890.0
A-n80-k10,SSA,3,503029,39,3890.0
A-n80-k10,SSA,3,503029,40,3890.0
A-n80-k10,SSA,3,503029,41,3890.0
A-n80-k10,SSA,3,503029,42,3890.0
A-n80-k10,SSA,3,503029,43,3890.0
A-n80-k10,SSA,3,503029,44,3890.0
A-n80-k10,SSA,3,503029,45,3890.0
A-n80-k10,SSA,3,503029,46,3890.0
A-n80-k10,SSA,3,503029,47,3890.0
A-n80-k10,SSA,3,503029,48,3890.0
A-n80-k10,SSA,3,503029,49,3890.0
A-n80-k10,SSA,3,503029,50,3890.0
A-n80-k10,SSA,3,503029,51,3890.0
A-n80-k10,SSA,3,503029,52,3890.0
A-n80-k10,SSA,3,503029,53,3890.0
A-n80-k10,SSA,3,503029,54,3890.0
A-n80-k10,SSA,3,503029,55,3890.0
A-n80-k10,SSA,3,503029,56,3888.0
A-n80-k10,SSA,3,503029,57,3888.0
A-n80-k10,SSA,3,503029,58,3888.0
A-n80-k10,SSA,3,503029,59,3888.0
A-n80-k10,SSA,3,503029,60,3888.0
A-n80-k10,SSA,3,503029,61,3888.0
A-n80-k10,SSA,3,503029,62,3888.0
A-n80-k10,SSA,3,503029,63,3888.0
A-n80-k10,SSA,3,503029,64,3888.0
A-n80-k10,SSA,3,503029,65,3888.0
A-n80-k10,SSA,3,503029,66,3888.0
A-n80-k10,SSA,3,503029,67,3888.0
A-n80-k10,SSA,3,503029,68,3888.0
A-n80-k10,SSA,3,503029,69,3888.0
A-n80-k10,SSA,3,503029,70,3888.0
A-n80-k10,SSA,3,503029,71,3888.0
A-n80-k10,SSA,3,503029,72,3888.0
A-n80-k10,SSA,3,503029,73,3888.0
A-n80-k10,SSA,3,503029,74,3888.0
A-n80-k10,SSA,3,503029,75,3888.0
A-n80-k10,SSA,3,503029,76,3888.0
A-n80-k10,SSA,3,503029,77,3888.0
A-n80-k10,SSA,3,503029,78,3888.0
A-n80-k10,SSA,3,503029,79,3888.0
A-n80-k10,SSA,3,503029,80,3888.0
A-n80-k10,SSA,3,503029,81,3888.0
A-n80-k10,SSA,3,503029,82,3888.0
A-n80-k10,SSA,3,503029,83,3888.0
A-n80-k10,SSA,3,503029,84,3888.0
A-n80-k10,SSA,3,503029,85,3888.0
A-n80-k10,SSA,3,503029,86,3888.0
A-n80-k10,SSA,3,503029,87,3888.0
A-n80-k10,SSA,3,503029,88,3888.0
A-n80-k10,SSA,3,503029,89,3888.0
A-n80-k10,SSA,3,503029,90,3888.0
A-n80-k10,SSA,3,503029,91,3888.0
A-n80-k10,SSA,3,503029,92,3888.0
A-n80-k10,SSA,3,503029,93,3888.0
A-n80-k10,SSA,3,503029,94,3888.0
A-n80-k10,SSA,3,503029,95,3888.0
A-n80-k10,SSA,3,503029,96,3888.0
A-n80-k10,SSA,3,503029,97,3888.0
A-n80-k10,SSA,3,503029,98,3888.0
A-n80-k10,SSA,3,503029,99,3888.0
A-n80-k10,SSA,3,503029,100,3888.0
A-n80-k10,SSA,3,503029,101,3888.0
A-n80-k10,SSA,3,503029,102,3888.0
A-n80-k10,SSA,3,503029,103,3888.0
A-n80-k10,SSA,3,503029,104,3888.0
A-n80-k10,SSA,3,503029,105,3888.0
A-n80-k10,SSA,3,503029,106,3888.0
A-n80-k10,SSA,3,503029,107,3888.0
A-n80-k10,SSA,3,503029,108,3888.0
A-n80-k10,SSA,3,503029,109,3745.0
A-n80-k10,SSA,3,503029,110,3745.0
A-n80-k10,SSA,3,503029,111,3745.0
A-n80-k10,SSA,3,503029,112,3745.0
A-n80-k10,SSA,3,503029,113,3745.0
A-n80-k10,SSA,3,503029,114,3745.0
A-n80-k10,SSA,3,503029,115,3745.0
A-n80-k10,SSA,3,503029,116,3745.0
A-n80-k10,SSA,3,503029,117,3745.0
A-n80-k10,SSA,3,503029,118,3745.0
A-n80-k10,SSA,3,503029,119,3745.0
A-n80-k10,SSA,3,503029,120,3745.0
A-n80-k10,SSA,3,503029,121,3745.0
A-n80-k10,SSA,3,503029,122,3745.0
A-n80-k10,SSA,3,503029,123,3745.0
A-n80-k10,SSA,3,503029,124,3745.0
A-n80-k10,SSA,3,503029,125,3745.0
A-n80-k10,SSA,3,503029,126,3745.0
A-n80-k10,SSA,3,503029,127,3639.0
A-n80-k10,SSA,3,503029,128,3639.0
A-n80-k10,SSA,3,503029,129,3639.0
A-n80-k10,SSA,3,503029,130,3639.0
A-n80-k10,SSA,3,503029,131,3639.0
A-n80-k10,SSA,3,503029,132,3639.0
A-n80-k10,SSA,3,503029,133,3639.0
A-n80-k10,SSA,3,503029,134,3639.0
A-n80-k10,SSA,3,503029,135,3639.0
A-n80-k10,SSA,3,503029,136,3639.0
A-n80-k10,SSA,3,503029,137,3521.0
A-n80-k10,SSA,3,503029,138,3521.0
A-n80-k10,SSA,3,503029,139,3521.0
A-n80-k10,SSA,3,503029,140,3521.0
A-n80-k10,SSA,3,503029,141,3521.0
A-n80-k10,SSA,3,503029,142,3521.0
A-n80-k10,SSA,3,503029,143,3521.0
A-n80-k10,SSA,3,503029,144,3521.0
A-n80-k10,SSA,3,503029,145,3521.0
A-n80-k10,SSA,3,503029,146,3521.0
A-n80-k10,SSA,3,503029,147,3521.0
A-n80-k10,SSA,3,503029,148,3521.0
A-n80-k10,SSA,3,503029,149,3521.0
A-n80-k10,SSA,3,503029,150,3521.0
A-n80-k10,SSA,3,503029,151,3521.0
A-n80-k10,SSA,3,503029,152,3521.0
A-n80-k10,SSA,3,503029,153,3521.0
A-n80-k10,SSA,3,503029,154,3521.0
A-n80-k10,SSA,3,503029,155,3521.0
A-n80-k10,SSA,3,503029,156,3521.0
A-n80-k10,SSA,3,503029,157,3521.0
A-n80-k10,SSA,3,503029,158,3521.0
A-n80-k10,SSA,3,503029,159,3521.0
A-n80-k10,SSA,3,503029,160,3521.0
A-n80-k10,SSA,3,503029,161,3521.0
A-n80-k10,SSA,3,503029,162,3521.0
A-n80-k10,SSA,3,503029,163,3521.0
A-n80-k10,SSA,3,503029,164,3521.0
A-n80-k10,SSA,3,503029,165,3521.0
A-n80-k10,SSA,3,503029,166,3521.0
A-n80-k10,SSA,3,503029,167,3521.0
A-n80-k10,SSA,3,503029,168,3521.0
A-n80-k10,SSA,3,503029,169,3521.0
A-n80-k10,SSA,3,503029,170,3521.0
A-n80-k10,SSA,3,503029,171,3521.0
A-n80-k10,SSA,3,503029,172,3521.0
A-n80-k10,SSA,3,503029,173,3521.0
A-n80-k10,SSA,3,503029,174,3521.0
A-n80-k10,SSA,3,503029,175,3521.0
A-n80-k10,SSA,3,503029,176,3521.0
A-n80-k10,SSA,3,503029,177,3521.0
A-n80-k10,SSA,3,503029,178,3521.0
A-n80-k10,SSA,3,503029,179,3521.0
A-n80-k10,SSA,3,503029,180,3521.0
A-n80-k10,SSA,3,503029,181,3521.0
A-n80-k10,SSA,3,503029,182,3521.0
A-n80-k10,SSA,3,503029,183,3521.0
A-n80-k10,SSA,3,503029,184,3521.0
A-n80-k10,SSA,3,503029,185,3521.0
A-n80-k10,SSA,3,503029,186,3521.0
A-n80-k10,SSA,3,503029,187,3521.0
A-n80-k10,SSA,3,503029,188,3521.0
A-n80-k10,SSA,3,503029,189,3521.0
A-n80-k10,SSA,3,503029,190,3521.0
A-n80-k10,SSA,3,503029,191,3521.0
A-n80-k10,SSA,3,503029,192,3521.0
A-n80-k10,SSA,3,503029,193,3521.0
A-n80-k10,SSA,3,503029,194,3521.0
A-n80-k10,SSA,3,503029,195,3521.0
A-n80-k10,SSA,3,503029,196,3521.0
A-n80-k10,SSA,3,503029,197,3521.0
A-n80-k10,SSA,3,503029,198,3521.0
A-n80-k10,SSA,3,503029,199,3521.0
A-n80-k10,SSA,3,503029,200,3521.0
A-n80-k10,M-WOA,1,504027,1,2863.0
A-n80-k10,M-WOA,1,504027,2,2819.0
A-n80-k10,M-WOA,1,504027,3,2785.0
A-n80-k10,M-WOA,1,504027,4,2670.0
A-n80-k10,M-WOA,1,504027,5,2613.0
A-n80-k10,M-WOA,1,504027,6,2606.0
A-n80-k10,M-WOA,1,504027,7,2582.0
A-n80-k10,M-WOA,1,504027,8,2529.0
A-n80-k10,M-WOA,1,504027,9,2489.0
A-n80-k10,M-WOA,1,504027,10,2489.0
A-n80-k10,M-WOA,1,504027,11,2470.0
A-n80-k10,M-WOA,1,504027,12,2438.0
A-n80-k10,M-WOA,1,504027,13,2361.0
A-n80-k10,M-WOA,1,504027,14,2361.0
A-n80-k10,M-WOA,1,504027,15,2355.0
A-n80-k10,M-WOA,1,504027,16,2355.0
A-n80-k10,M-WOA,1,504027,17,2355.0
A-n80-k10,M-WOA,1,504027,18,2355.0
A-n80-k10,M-WOA,1,504027,19,2355.0
A-n80-k10,M-WOA,1,504027,20,2355.0
A-n80-k10,M-WOA,1,504027,21,2355.0
A-n80-k10,M-WOA,1,504027,22,2355.0
A-n80-k10,M-WOA,1,504027,23,2355.0
A-n80-k10,M-WOA,1,504027,24,2350.0
A-n80-k10,M-WOA,1,504027,25,2350.0
A-n80-k10,M-WOA,1,504027,26,2350.0
A-n80-k10,M-WOA,1,504027,27,2350.0
A-n80-k10,M-WOA,1,504027,28,2350.0
A-n80-k10,M-WOA,1,504027,29,2350.0
A-n80-k10,M-WOA,1,504027,30,2350.0
A-n80-k10,M-WOA,1,504027,31,2350.0
A-n80-k10,M-WOA,1,504027,32,2348.0
A-n80-k10,M-WOA,1,504027,33,2348.0
A-n80-k10,M-WOA,1,504027,34,2348.0
A-n80-k10,M-WOA,1,504027,35,2348.0
A-n80-k10,M-WOA,1,504027,36,2348.0
A-n80-k10,M-WOA,1,504027,37,2348.0
A-n80-k10,M-WOA,1,504027,38,2348.0
A-n80-k10,M-WOA,1,504027,39,2348.0
A-n80-k10,M-WOA,1,504027,40,2348.0
A-n80-k10,M-WOA,1,504027,41,2348.0
A-n80-k10,M-WOA,1,504027,42,2348.0
A-n80-k10,M-WOA,1,504027,43,2348.0
A-n80-k10,M-WOA,1,504027,44,2348.0
A-n80-k10,M-WOA,1,504027,45,2348.0
A-n80-k10,M-WOA,1,504027,46,2348.0
A-n80-k10,M-WOA,1,504027,47,2348.0
A-n80-k10,M-WOA,1,504027,48,2348.0
A-n80-k10,M-WOA,1,504027,49,2348.0
A-n80-k10,M-WOA,1,504027,50,2348.0
A-n80-k10,M-WOA,1,504027,51,2348.0
A-n80-k10,M-WOA,1,504027,52,2348.0
A-n80-k10,M-WOA,1,504027,53,2348.0
A-n80-k10,M-WOA,1,504027,54,2348.0
A-n80-k10,M-WOA,1,504027,55,2348.0
A-n80-k10,M-WOA,1,504027,56,2344.0
A-n80-k10,M-WOA,1,504027,57,2344.0
A-n80-k10,M-WOA,1,504027,58,2344.0
A-n80-k10,M-WOA,1,504027,59,2344.0
A-n80-k10,M-WOA,1,504027,60,2344.0
A-n80-k10,M-WOA,1,504027,61,2344.0
A-n80-k10,M-WOA,1,504027,62,2327.0
A-n80-k10,M-WOA,1,504027,63,2327.0
A-n80-k10,M-WOA,1,504027,64,2327.0
A-n80-k10,M-WOA,1,504027,65,2327.0
A-n80-k10,M-WOA,1,504027,66,2327.0
A-n80-k10,M-WOA,1,504027,67,2327.0
A-n80-k10,M-WOA,1,504027,68,2327.0
A-n80-k10,M-WOA,1,504027,69,2327.0
A-n80-k10,M-WOA,1,504027,70,2324.0
A-n80-k10,M-WOA,1,504027,71,2324.0
A-n80-k10,M-WOA,1,504027,72,2300.0
A-n80-k10,M-WOA,1,504027,73,2300.0
A-n80-k10,M-WOA,1,504027,74,2300.0
A-n80-k10,M-WOA,1,504027,75,2281.0
A-n80-k10,M-WOA,1,504027,76,2281.0
A-n80-k10,M-WOA,1,504027,77,2255.0
A-n80-k10,M-WOA,1,504027,78,2255.0
A-n80-k10,M-WOA,1,504027,79,2255.0
A-n80-k10,M-WOA,1,504027,80,2255.0
A-n80-k10,M-WOA,1,504027,81,2251.0
A-n80-k10,M-WOA,1,504027,82,2184.0
A-n80-k10,M-WOA,1,504027,83,2184.0
A-n80-k10,M-WOA,1,504027,84,2184.0
A-n80-k10,M-WOA,1,504027,85,2184.0
A-n80-k10,M-WOA,1,504027,86,2176.0
A-n80-k10,M-WOA,1,504027,87,2176.0
A-n80-k10,M-WOA,1,504027,88,2176.0
A-n80-k10,M-WOA,1,504027,89,2174.0
A-n80-k10,M-WOA,1,504027,90,2174.0
A-n80-k10,M-WOA,1,504027,91,2174.0
A-n80-k10,M-WOA,1,504027,92,2174.0
A-n80-k10,M-WOA,1,504027,93,2174.0
A-n80-k10,M-WOA,1,504027,94,2174.0
A-n80-k10,M-WOA,1,504027,95,2174.0
A-n80-k10,M-WOA,1,504027,96,2140.0
A-n80-k10,M-WOA,1,504027,97,2140.0
A-n80-k10,M-WOA,1,504027,98,2140.0
A-n80-k10,M-WOA,1,504027,99,2140.0
A-n80-k10,M-WOA,1,504027,100,2140.0
A-n80-k10,M-WOA,1,504027,101,2135.0
A-n80-k10,M-WOA,1,504027,102,2123.0
A-n80-k10,M-WOA,1,504027,103,2123.0
A-n80-k10,M-WOA,1,504027,104,2123.0
A-n80-k10,M-WOA,1,504027,105,2123.0
A-n80-k10,M-WOA,1,504027,106,2123.0
A-n80-k10,M-WOA,1,504027,107,2123.0
A-n80-k10,M-WOA,1,504027,108,2123.0
A-n80-k10,M-WOA,1,504027,109,2123.0
A-n80-k10,M-WOA,1,504027,110,2123.0
A-n80-k10,M-WOA,1,504027,111,2123.0
A-n80-k10,M-WOA,1,504027,112,2123.0
A-n80-k10,M-WOA,1,504027,113,2123.0
A-n80-k10,M-WOA,1,504027,114,2123.0
A-n80-k10,M-WOA,1,504027,115,2123.0
A-n80-k10,M-WOA,1,504027,116,2123.0
A-n80-k10,M-WOA,1,504027,117,2123.0
A-n80-k10,M-WOA,1,504027,118,2123.0
A-n80-k10,M-WOA,1,504027,119,2123.0
A-n80-k10,M-WOA,1,504027,120,2123.0
A-n80-k10,M-WOA,1,504027,121,2123.0
A-n80-k10,M-WOA,1,504027,122,2123.0
A-n80-k10,M-WOA,1,504027,123,2123.0
A-n80-k10,M-WOA,1,504027,124,2123.0
A-n80-k10,M-WOA,1,504027,125,2123.0
A-n80-k10,M-WOA,1,504027,126,2123.0
A-n80-k10,M-WOA,1,504027,127,2123.0
A-n80-k10,M-WOA,1,504027,128,2123.0
A-n80-k10,M-WOA,1,504027,129,2123.0
A-n80-k10,M-WOA,1,504027,130,2123.0
A-n80-k10,M-WOA,1,504027,131,2123.0
A-n80-k10,M-WOA,1,504027,132,2123.0
A-n80-k10,M-WOA,1,504027,133,2123.0
A-n80-k10,M-WOA,1,504027,134,2123.0
A-n80-k10,M-WOA,1,504027,135,2123.0
A-n80-k10,M-WOA,1,504027,136,2123.0
A-n80-k10,M-WOA,1,504027,137,2123.0
A-n80-k10,M-WOA,1,504027,138,2123.0
A-n80-k10,M-WOA,1,504027,139,2123.0
A-n80-k10,M-WOA,1,504027,140,2123.0
A-n80-k10,M-WOA,1,504027,141,2123.0
A-n80-k10,M-WOA,1,504027,142,2123.0
A-n80-k10,M-WOA,1,504027,143,2123.0
A-n80-k10,M-WOA,1,504027,144,2123.0
A-n80-k10,M-WOA,1,504027,145,2123.0
A-n80-k10,M-WOA,1,504027,146,2123.0
A-n80-k10,M-WOA,1,504027,147,2123.0
A-n80-k10,M-WOA,1,504027,148,2123.0
A-n80-k10,M-WOA,1,504027,149,2123.0
A-n80-k10,M-WOA,1,504027,150,2123.0
A-n80-k10,M-WOA,1,504027,151,2123.0
A-n80-k10,M-WOA,1,504027,152,2123.0
A-n80-k10,M-WOA,1,504027,153,2123.0
A-n80-k10,M-WOA,1,504027,154,2123.0
A-n80-k10,M-WOA,1,504027,155,2123.0
A-n80-k10,M-WOA,1,504027,156,2123.0
A-n80-k10,M-WOA,1,504027,157,2123.0
A-n80-k10,M-WOA,1,504027,158,2123.0
A-n80-k10,M-WOA,1,504027,159,2123.0
A-n80-k10,M-WOA,1,504027,160,2123.0
A-n80-k10,M-WOA,1,504027,161,2123.0
A-n80-k10,M-WOA,1,504027,162,2123.0
A-n80-k10,M-WOA,1,504027,163,2123.0
A-n80-k10,M-WOA,1,504027,164,2123.0
A-n80-k10,M-WOA,1,504027,165,2123.0
A-n80-k10,M-WOA,1,504027,166,2123.0
A-n80-k10,M-WOA,1,504027,167,2123.0
A-n80-k10,M-WOA,1,504027,168,2123.0
A-n80-k10,M-WOA,1,504027,169,2119.0
A-n80-k10,M-WOA,1,504027,170,2119.0
A-n80-k10,M-WOA,1,504027,171,2098.0
A-n80-k10,M-WOA,1,504027,172,2076.0
A-n80-k10,M-WOA,1,504027,173,2076.0
A-n80-k10,M-WOA,1,504027,174,2076.0
A-n80-k10,M-WOA,1,504027,175,2069.0
A-n80-k10,M-WOA,1,504027,176,2069.0
A-n80-k10,M-WOA,1,504027,177,2069.0
A-n80-k10,M-WOA,1,504027,178,2067.0
A-n80-k10,M-WOA,1,504027,179,2047.0
A-n80-k10,M-WOA,1,504027,180,2046.0
A-n80-k10,M-WOA,1,504027,181,2045.0
A-n80-k10,M-WOA,1,504027,182,2045.0
A-n80-k10,M-WOA,1,504027,183,2045.0
A-n80-k10,M-WOA,1,504027,184,2045.0
A-n80-k10,M-WOA,1,504027,185,2045.0
A-n80-k10,M-WOA,1,504027,186,2045.0
A-n80-k10,M-WOA,1,504027,187,2045.0
A-n80-k10,M-WOA,1,504027,188,2045.0
A-n80-k10,M-WOA,1,504027,189,2045.0
A-n80-k10,M-WOA,1,504027,190,2045.0
A-n80-k10,M-WOA,1,504027,191,2045.0
A-n80-k10,M-WOA,1,504027,192,2045.0
A-n80-k10,M-WOA,1,504027,193,2045.0
A-n80-k10,M-WOA,1,504027,194,2045.0
A-n80-k10,M-WOA,1,504027,195,2045.0
A-n80-k10,M-WOA,1,504027,196,2045.0
A-n80-k10,M-WOA,1,504027,197,2045.0
A-n80-k10,M-WOA,1,504027,198,2045.0
A-n80-k10,M-WOA,1,504027,199,2045.0
A-n80-k10,M-WOA,1,504027,200,2043.0
A-n80-k10,M-WOA,2,504028,1,2879.0
A-n80-k10,M-WOA,2,504028,2,2712.0
A-n80-k10,M-WOA,2,504028,3,2573.0
A-n80-k10,M-WOA,2,504028,4,2520.0
A-n80-k10,M-WOA,2,504028,5,2520.0
A-n80-k10,M-WOA,2,504028,6,2520.0
A-n80-k10,M-WOA,2,504028,7,2520.0
A-n80-k10,M-WOA,2,504028,8,2484.0
A-n80-k10,M-WOA,2,504028,9,2482.0
A-n80-k10,M-WOA,2,504028,10,2410.0
A-n80-k10,M-WOA,2,504028,11,2389.0
A-n80-k10,M-WOA,2,504028,12,2389.0
A-n80-k10,M-WOA,2,504028,13,2389.0
A-n80-k10,M-WOA,2,504028,14,2389.0
A-n80-k10,M-WOA,2,504028,15,2389.0
A-n80-k10,M-WOA,2,504028,16,2389.0
A-n80-k10,M-WOA,2,504028,17,2389.0
A-n80-k10,M-WOA,2,504028,18,2389.0
A-n80-k10,M-WOA,2,504028,19,2382.0
A-n80-k10,M-WOA,2,504028,20,2382.0
A-n80-k10,M-WOA,2,504028,21,2382.0
A-n80-k10,M-WOA,2,504028,22,2382.0
A-n80-k10,M-WOA,2,504028,23,2382.0
A-n80-k10,M-WOA,2,504028,24,2375.0
A-n80-k10,M-WOA,2,504028,25,2373.0
A-n80-k10,M-WOA,2,504028,26,2335.0
A-n80-k10,M-WOA,2,504028,27,2335.0
A-n80-k10,M-WOA,2,504028,28,2317.0
A-n80-k10,M-WOA,2,504028,29,2317.0
A-n80-k10,M-WOA,2,504028,30,2317.0
A-n80-k10,M-WOA,2,504028,31,2317.0
A-n80-k10,M-WOA,2,504028,32,2317.0
A-n80-k10,M-WOA,2,504028,33,2317.0
A-n80-k10,M-WOA,2,504028,34,2317.0
A-n80-k10,M-WOA,2,504028,35,2317.0
A-n80-k10,M-WOA,2,504028,36,2317.0
A-n80-k10,M-WOA,2,504028,37,2317.0
A-n80-k10,M-WOA,2,504028,38,2317.0
A-n80-k10,M-WOA,2,504028,39,2317.0
A-n80-k10,M-WOA,2,504028,40,2304.0
A-n80-k10,M-WOA,2,504028,41,2304.0
A-n80-k10,M-WOA,2,504028,42,2293.0
A-n80-k10,M-WOA,2,504028,43,2293.0
A-n80-k10,M-WOA,2,504028,44,2293.0
A-n80-k10,M-WOA,2,504028,45,2275.0
A-n80-k10,M-WOA,2,504028,46,2275.0
A-n80-k10,M-WOA,2,504028,47,2247.0
A-n80-k10,M-WOA,2,504028,48,2230.0
A-n80-k10,M-WOA,2,504028,49,2221.0
A-n80-k10,M-WOA,2,504028,50,2214.0
A-n80-k10,M-WOA,2,504028,51,2208.0
A-n80-k10,M-WOA,2,504028,52,2208.0
A-n80-k10,M-WOA,2,504028,53,2208.0
A-n80-k10,M-WOA,2,504028,54,2203.0
A-n80-k10,M-WOA,2,504028,55,2188.0
A-n80-k10,M-WOA,2,504028,56,2188.0
A-n80-k10,M-WOA,2,504028,57,2188.0
A-n80-k10,M-WOA,2,504028,58,2188.0
A-n80-k10,M-WOA,2,504028,59,2188.0
A-n80-k10,M-WOA,2,504028,60,2188.0
A-n80-k10,M-WOA,2,504028,61,2179.0
A-n80-k10,M-WOA,2,504028,62,2179.0
A-n80-k10,M-WOA,2,504028,63,2179.0
A-n80-k10,M-WOA,2,504028,64,2179.0
A-n80-k10,M-WOA,2,504028,65,2179.0
A-n80-k10,M-WOA,2,504028,66,2179.0
A-n80-k10,M-WOA,2,504028,67,2179.0
A-n80-k10,M-WOA,2,504028,68,2179.0
A-n80-k10,M-WOA,2,504028,69,2179.0
A-n80-k10,M-WOA,2,504028,70,2179.0
A-n80-k10,M-WOA,2,504028,71,2179.0
A-n80-k10,M-WOA,2,504028,72,2179.0
A-n80-k10,M-WOA,2,504028,73,2179.0
A-n80-k10,M-WOA,2,504028,74,2179.0
A-n80-k10,M-WOA,2,504028,75,2179.0
A-n80-k10,M-WOA,2,504028,76,2177.0
A-n80-k10,M-WOA,2,504028,77,2177.0
A-n80-k10,M-WOA,2,504028,78,2177.0
A-n80-k10,M-WOA,2,504028,79,2177.0
A-n80-k10,M-WOA,2,504028,80,2177.0
A-n80-k10,M-WOA,2,504028,81,2177.0
A-n80-k10,M-WOA,2,504028,82,2177.0
A-n80-k10,M-WOA,2,504028,83,2177.0
A-n80-k10,M-WOA,2,504028,84,2177.0
A-n80-k10,M-WOA,2,504028,85,2177.0
A-n80-k10,M-WOA,2,504028,86,2177.0
A-n80-k10,M-WOA,2,504028,87,2177.0
A-n80-k10,M-WOA,2,504028,88,2177.0
A-n80-k10,M-WOA,2,504028,89,2177.0
A-n80-k10,M-WOA,2,504028,90,2177.0
A-n80-k10,M-WOA,2,504028,91,2177.0
A-n80-k10,M-WOA,2,504028,92,2177.0
A-n80-k10,M-WOA,2,504028,93,2177.0
A-n80-k10,M-WOA,2,504028,94,2177.0
A-n80-k10,M-WOA,2,504028,95,2177.0
A-n80-k10,M-WOA,2,504028,96,2177.0
A-n80-k10,M-WOA,2,504028,97,2177.0
A-n80-k10,M-WOA,2,504028,98,2177.0
A-n80-k10,M-WOA,2,504028,99,2177.0
A-n80-k10,M-WOA,2,504028,100,2177.0
A-n80-k10,M-WOA,2,504028,101,2177.0
A-n80-k10,M-WOA,2,504028,102,2177.0
A-n80-k10,M-WOA,2,504028,103,2177.0
A-n80-k10,M-WOA,2,504028,104,2177.0
A-n80-k10,M-WOA,2,504028,105,2177.0
A-n80-k10,M-WOA,2,504028,106,2177.0
A-n80-k10,M-WOA,2,504028,107,2177.0
A-n80-k10,M-WOA,2,504028,108,2177.0
A-n80-k10,M-WOA,2,504028,109,2177.0
A-n80-k10,M-WOA,2,504028,110,2177.0
A-n80-k10,M-WOA,2,504028,111,2177.0
A-n80-k10,M-WOA,2,504028,112,2177.0
A-n80-k10,M-WOA,2,504028,113,2177.0
A-n80-k10,M-WOA,2,504028,114,2177.0
A-n80-k10,M-WOA,2,504028,115,2177.0
A-n80-k10,M-WOA,2,504028,116,2177.0
A-n80-k10,M-WOA,2,504028,117,2171.0
A-n80-k10,M-WOA,2,504028,118,2146.0
A-n80-k10,M-WOA,2,504028,119,2136.0
A-n80-k10,M-WOA,2,504028,120,2136.0
A-n80-k10,M-WOA,2,504028,121,2136.0
A-n80-k10,M-WOA,2,504028,122,2104.0
A-n80-k10,M-WOA,2,504028,123,2104.0
A-n80-k10,M-WOA,2,504028,124,2104.0
A-n80-k10,M-WOA,2,504028,125,2104.0
A-n80-k10,M-WOA,2,504028,126,2104.0
A-n80-k10,M-WOA,2,504028,127,2104.0
A-n80-k10,M-WOA,2,504028,128,2103.0
A-n80-k10,M-WOA,2,504028,129,2103.0
A-n80-k10,M-WOA,2,504028,130,2103.0
A-n80-k10,M-WOA,2,504028,131,2103.0
A-n80-k10,M-WOA,2,504028,132,2103.0
A-n80-k10,M-WOA,2,504028,133,2103.0
A-n80-k10,M-WOA,2,504028,134,2099.0
A-n80-k10,M-WOA,2,504028,135,2078.0
A-n80-k10,M-WOA,2,504028,136,2078.0
A-n80-k10,M-WOA,2,504028,137,2078.0
A-n80-k10,M-WOA,2,504028,138,2078.0
A-n80-k10,M-WOA,2,504028,139,2078.0
A-n80-k10,M-WOA,2,504028,140,2078.0
A-n80-k10,M-WOA,2,504028,141,2078.0
A-n80-k10,M-WOA,2,504028,142,2078.0
A-n80-k10,M-WOA,2,504028,143,2078.0
A-n80-k10,M-WOA,2,504028,144,2078.0
A-n80-k10,M-WOA,2,504028,145,2078.0
A-n80-k10,M-WOA,2,504028,146,2078.0
A-n80-k10,M-WOA,2,504028,147,2078.0
A-n80-k10,M-WOA,2,504028,148,2078.0
A-n80-k10,M-WOA,2,504028,149,2078.0
A-n80-k10,M-WOA,2,504028,150,2078.0
A-n80-k10,M-WOA,2,504028,151,2078.0
A-n80-k10,M-WOA,2,504028,152,2078.0
A-n80-k10,M-WOA,2,504028,153,2078.0
A-n80-k10,M-WOA,2,504028,154,2078.0
A-n80-k10,M-WOA,2,504028,155,2078.0
A-n80-k10,M-WOA,2,504028,156,2078.0
A-n80-k10,M-WOA,2,504028,157,2078.0
A-n80-k10,M-WOA,2,504028,158,2078.0
A-n80-k10,M-WOA,2,504028,159,2078.0
A-n80-k10,M-WOA,2,504028,160,2072.0
A-n80-k10,M-WOA,2,504028,161,2068.0
A-n80-k10,M-WOA,2,504028,162,2068.0
A-n80-k10,M-WOA,2,504028,163,2068.0
A-n80-k10,M-WOA,2,504028,164,2068.0
A-n80-k10,M-WOA,2,504028,165,2068.0
A-n80-k10,M-WOA,2,504028,166,2059.0
A-n80-k10,M-WOA,2,504028,167,2053.0
A-n80-k10,M-WOA,2,504028,168,2049.0
A-n80-k10,M-WOA,2,504028,169,2037.0
A-n80-k10,M-WOA,2,504028,170,2037.0
A-n80-k10,M-WOA,2,504028,171,2037.0
A-n80-k10,M-WOA,2,504028,172,2037.0
A-n80-k10,M-WOA,2,504028,173,2037.0
A-n80-k10,M-WOA,2,504028,174,2037.0
A-n80-k10,M-WOA,2,504028,175,2037.0
A-n80-k10,M-WOA,2,504028,176,2037.0
A-n80-k10,M-WOA,2,504028,177,2037.0
A-n80-k10,M-WOA,2,504028,178,2037.0
A-n80-k10,M-WOA,2,504028,179,2037.0
A-n80-k10,M-WOA,2,504028,180,2037.0
A-n80-k10,M-WOA,2,504028,181,2037.0
A-n80-k10,M-WOA,2,504028,182,2037.0
A-n80-k10,M-WOA,2,504028,183,2037.0
A-n80-k10,M-WOA,2,504028,184,2037.0
A-n80-k10,M-WOA,2,504028,185,2037.0
A-n80-k10,M-WOA,2,504028,186,2037.0
A-n80-k10,M-WOA,2,504028,187,2037.0
A-n80-k10,M-WOA,2,504028,188,2037.0
A-n80-k10,M-WOA,2,504028,189,2037.0
A-n80-k10,M-WOA,2,504028,190,2037.0
A-n80-k10,M-WOA,2,504028,191,2037.0
A-n80-k10,M-WOA,2,504028,192,2037.0
A-n80-k10,M-WOA,2,504028,193,2037.0
A-n80-k10,M-WOA,2,504028,194,2037.0
A-n80-k10,M-WOA,2,504028,195,2037.0
A-n80-k10,M-WOA,2,504028,196,2037.0
A-n80-k10,M-WOA,2,504028,197,2037.0
A-n80-k10,M-WOA,2,504028,198,2037.0
A-n80-k10,M-WOA,2,504028,199,2037.0
A-n80-k10,M-WOA,2,504028,200,2037.0
A-n80-k10,M-WOA,3,504029,1,2945.0
A-n80-k10,M-WOA,3,504029,2,2826.0
A-n80-k10,M-WOA,3,504029,3,2746.0
A-n80-k10,M-WOA,3,504029,4,2674.0
A-n80-k10,M-WOA,3,504029,5,2618.0
A-n80-k10,M-WOA,3,504029,6,2601.0
A-n80-k10,M-WOA,3,504029,7,2523.0
A-n80-k10,M-WOA,3,504029,8,2523.0
A-n80-k10,M-WOA,3,504029,9,2523.0
A-n80-k10,M-WOA,3,504029,10,2523.0
A-n80-k10,M-WOA,3,504029,11,2523.0
A-n80-k10,M-WOA,3,504029,12,2523.0
A-n80-k10,M-WOA,3,504029,13,2523.0
A-n80-k10,M-WOA,3,504029,14,2523.0
A-n80-k10,M-WOA,3,504029,15,2511.0
A-n80-k10,M-WOA,3,504029,16,2511.0
A-n80-k10,M-WOA,3,504029,17,2511.0
A-n80-k10,M-WOA,3,504029,18,2511.0
A-n80-k10,M-WOA,3,504029,19,2511.0
A-n80-k10,M-WOA,3,504029,20,2511.0
A-n80-k10,M-WOA,3,504029,21,2511.0
A-n80-k10,M-WOA,3,504029,22,2511.0
A-n80-k10,M-WOA,3,504029,23,2511.0
A-n80-k10,M-WOA,3,504029,24,2511.0
A-n80-k10,M-WOA,3,504029,25,2511.0
A-n80-k10,M-WOA,3,504029,26,2482.0
A-n80-k10,M-WOA,3,504029,27,2482.0
A-n80-k10,M-WOA,3,504029,28,2482.0
A-n80-k10,M-WOA,3,504029,29,2482.0
A-n80-k10,M-WOA,3,504029,30,2482.0
A-n80-k10,M-WOA,3,504029,31,2482.0
A-n80-k10,M-WOA,3,504029,32,2482.0
A-n80-k10,M-WOA,3,504029,33,2482.0
A-n80-k10,M-WOA,3,504029,34,2482.0
A-n80-k10,M-WOA,3,504029,35,2482.0
A-n80-k10,M-WOA,3,504029,36,2471.0
A-n80-k10,M-WOA,3,504029,37,2471.0
A-n80-k10,M-WOA,3,504029,38,2471.0
A-n80-k10,M-WOA,3,504029,39,2471.0
A-n80-k10,M-WOA,3,504029,40,2471.0
A-n80-k10,M-WOA,3,504029,41,2471.0
A-n80-k10,M-WOA,3,504029,42,2471.0
A-n80-k10,M-WOA,3,504029,43,2471.0
A-n80-k10,M-WOA,3,504029,44,2471.0
A-n80-k10,M-WOA,3,504029,45,2471.0
A-n80-k10,M-WOA,3,504029,46,2471.0
A-n80-k10,M-WOA,3,504029,47,2471.0
A-n80-k10,M-WOA,3,504029,48,2471.0
A-n80-k10,M-WOA,3,504029,49,2471.0
A-n80-k10,M-WOA,3,504029,50,2471.0
A-n80-k10,M-WOA,3,504029,51,2471.0
A-n80-k10,M-WOA,3,504029,52,2471.0
A-n80-k10,M-WOA,3,504029,53,2471.0
A-n80-k10,M-WOA,3,504029,54,2458.0
A-n80-k10,M-WOA,3,504029,55,2458.0
A-n80-k10,M-WOA,3,504029,56,2458.0
A-n80-k10,M-WOA,3,504029,57,2458.0
A-n80-k10,M-WOA,3,504029,58,2458.0
A-n80-k10,M-WOA,3,504029,59,2458.0
A-n80-k10,M-WOA,3,504029,60,2451.0
A-n80-k10,M-WOA,3,504029,61,2438.0
A-n80-k10,M-WOA,3,504029,62,2438.0
A-n80-k10,M-WOA,3,504029,63,2438.0
A-n80-k10,M-WOA,3,504029,64,2438.0
A-n80-k10,M-WOA,3,504029,65,2438.0
A-n80-k10,M-WOA,3,504029,66,2438.0
A-n80-k10,M-WOA,3,504029,67,2438.0
A-n80-k10,M-WOA,3,504029,68,2438.0
A-n80-k10,M-WOA,3,504029,69,2438.0
A-n80-k10,M-WOA,3,504029,70,2438.0
A-n80-k10,M-WOA,3,504029,71,2438.0
A-n80-k10,M-WOA,3,504029,72,2438.0
A-n80-k10,M-WOA,3,504029,73,2438.0
A-n80-k10,M-WOA,3,504029,74,2438.0
A-n80-k10,M-WOA,3,504029,75,2438.0
A-n80-k10,M-WOA,3,504029,76,2438.0
A-n80-k10,M-WOA,3,504029,77,2438.0
A-n80-k10,M-WOA,3,504029,78,2438.0
A-n80-k10,M-WOA,3,504029,79,2438.0
A-n80-k10,M-WOA,3,504029,80,2438.0
A-n80-k10,M-WOA,3,504029,81,2438.0
A-n80-k10,M-WOA,3,504029,82,2438.0
A-n80-k10,M-WOA,3,504029,83,2438.0
A-n80-k10,M-WOA,3,504029,84,2438.0
A-n80-k10,M-WOA,3,504029,85,2438.0
A-n80-k10,M-WOA,3,504029,86,2438.0
A-n80-k10,M-WOA,3,504029,87,2438.0
A-n80-k10,M-WOA,3,504029,88,2438.0
A-n80-k10,M-WOA,3,504029,89,2438.0
A-n80-k10,M-WOA,3,504029,90,2438.0
A-n80-k10,M-WOA,3,504029,91,2438.0
A-n80-k10,M-WOA,3,504029,92,2438.0
A-n80-k10,M-WOA,3,504029,93,2438.0
A-n80-k10,M-WOA,3,504029,94,2438.0
A-n80-k10,M-WOA,3,504029,95,2438.0
A-n80-k10,M-WOA,3,504029,96,2438.0
A-n80-k10,M-WOA,3,504029,97,2438.0
A-n80-k10,M-WOA,3,504029,98,2438.0
A-n80-k10,M-WOA,3,504029,99,2438.0
A-n80-k10,M-WOA,3,504029,100,2438.0
A-n80-k10,M-WOA,3,504029,101,2438.0
A-n80-k10,M-WOA,3,504029,102,2438.0
A-n80-k10,M-WOA,3,504029,103,2438.0
A-n80-k10,M-WOA,3,504029,104,2438.0
A-n80-k10,M-WOA,3,504029,105,2438.0
A-n80-k10,M-WOA,3,504029,106,2438.0
A-n80-k10,M-WOA,3,504029,107,2438.0
A-n80-k10,M-WOA,3,504029,108,2438.0
A-n80-k10,M-WOA,3,504029,109,2438.0
A-n80-k10,M-WOA,3,504029,110,2438.0
A-n80-k10,M-WOA,3,504029,111,2438.0
A-n80-k10,M-WOA,3,504029,112,2438.0
A-n80-k10,M-WOA,3,504029,113,2438.0
A-n80-k10,M-WOA,3,504029,114,2438.0
A-n80-k10,M-WOA,3,504029,115,2438.0
A-n80-k10,M-WOA,3,504029,116,2438.0
A-n80-k10,M-WOA,3,504029,117,2438.0
A-n80-k10,M-WOA,3,504029,118,2438.0
A-n80-k10,M-WOA,3,504029,119,2438.0
A-n80-k10,M-WOA,3,504029,120,2438.0
A-n80-k10,M-WOA,3,504029,121,2432.0
A-n80-k10,M-WOA,3,504029,122,2432.0
A-n80-k10,M-WOA,3,504029,123,2432.0
A-n80-k10,M-WOA,3,504029,124,2432.0
A-n80-k10,M-WOA,3,504029,125,2432.0
A-n80-k10,M-WOA,3,504029,126,2432.0
A-n80-k10,M-WOA,3,504029,127,2432.0
A-n80-k10,M-WOA,3,504029,128,2432.0
A-n80-k10,M-WOA,3,504029,129,2432.0
A-n80-k10,M-WOA,3,504029,130,2432.0
A-n80-k10,M-WOA,3,504029,131,2432.0
A-n80-k10,M-WOA,3,504029,132,2432.0
A-n80-k10,M-WOA,3,504029,133,2432.0
A-n80-k10,M-WOA,3,504029,134,2432.0
A-n80-k10,M-WOA,3,504029,135,2432.0
A-n80-k10,M-WOA,3,504029,136,2432.0
A-n80-k10,M-WOA,3,504029,137,2432.0
A-n80-k10,M-WOA,3,504029,138,2432.0
A-n80-k10,M-WOA,3,504029,139,2432.0
A-n80-k10,M-WOA,3,504029,140,2432.0
A-n80-k10,M-WOA,3,504029,141,2432.0
A-n80-k10,M-WOA,3,504029,142,2432.0
A-n80-k10,M-WOA,3,504029,143,2432.0
A-n80-k10,M-WOA,3,504029,144,2432.0
A-n80-k10,M-WOA,3,504029,145,2432.0
A-n80-k10,M-WOA,3,504029,146,2432.0
A-n80-k10,M-WOA,3,504029,147,2379.0
A-n80-k10,M-WOA,3,504029,148,2379.0
A-n80-k10,M-WOA,3,504029,149,2379.0
A-n80-k10,M-WOA,3,504029,150,2379.0
A-n80-k10,M-WOA,3,504029,151,2379.0
A-n80-k10,M-WOA,3,504029,152,2379.0
A-n80-k10,M-WOA,3,504029,153,2379.0
A-n80-k10,M-WOA,3,504029,154,2379.0
A-n80-k10,M-WOA,3,504029,155,2379.0
A-n80-k10,M-WOA,3,504029,156,2379.0
A-n80-k10,M-WOA,3,504029,157,2379.0
A-n80-k10,M-WOA,3,504029,158,2379.0
A-n80-k10,M-WOA,3,504029,159,2379.0
A-n80-k10,M-WOA,3,504029,160,2379.0
A-n80-k10,M-WOA,3,504029,161,2331.0
A-n80-k10,M-WOA,3,504029,162,2331.0
A-n80-k10,M-WOA,3,504029,163,2331.0
A-n80-k10,M-WOA,3,504029,164,2331.0
A-n80-k10,M-WOA,3,504029,165,2331.0
A-n80-k10,M-WOA,3,504029,166,2331.0
A-n80-k10,M-WOA,3,504029,167,2331.0
A-n80-k10,M-WOA,3,504029,168,2331.0
A-n80-k10,M-WOA,3,504029,169,2331.0
A-n80-k10,M-WOA,3,504029,170,2331.0
A-n80-k10,M-WOA,3,504029,171,2331.0
A-n80-k10,M-WOA,3,504029,172,2331.0
A-n80-k10,M-WOA,3,504029,173,2331.0
A-n80-k10,M-WOA,3,504029,174,2331.0
A-n80-k10,M-WOA,3,504029,175,2331.0
A-n80-k10,M-WOA,3,504029,176,2331.0
A-n80-k10,M-WOA,3,504029,177,2331.0
A-n80-k10,M-WOA,3,504029,178,2331.0
A-n80-k10,M-WOA,3,504029,179,2331.0
A-n80-k10,M-WOA,3,504029,180,2324.0
A-n80-k10,M-WOA,3,504029,181,2324.0
A-n80-k10,M-WOA,3,504029,182,2324.0
A-n80-k10,M-WOA,3,504029,183,2324.0
A-n80-k10,M-WOA,3,504029,184,2321.0
A-n80-k10,M-WOA,3,504029,185,2292.0
A-n80-k10,M-WOA,3,504029,186,2274.0
A-n80-k10,M-WOA,3,504029,187,2274.0
A-n80-k10,M-WOA,3,504029,188,2267.0
A-n80-k10,M-WOA,3,504029,189,2263.0
A-n80-k10,M-WOA,3,504029,190,2232.0
A-n80-k10,M-WOA,3,504029,191,2216.0
A-n80-k10,M-WOA,3,504029,192,2216.0
A-n80-k10,M-WOA,3,504029,193,2145.0
A-n80-k10,M-WOA,3,504029,194,2135.0
A-n80-k10,M-WOA,3,504029,195,2102.0
A-n80-k10,M-WOA,3,504029,196,2102.0
A-n80-k10,M-WOA,3,504029,197,2102.0
A-n80-k10,M-WOA,3,504029,198,2099.0
A-n80-k10,M-WOA,3,504029,199,2087.0
A-n80-k10,M-WOA,3,504029,200,2075.0
A-n80-k10,M-SSA,1,505027,1,2952.0
A-n80-k10,M-SSA,1,505027,2,2860.0
A-n80-k10,M-SSA,1,505027,3,2860.0
A-n80-k10,M-SSA,1,505027,4,2850.0
A-n80-k10,M-SSA,1,505027,5,2850.0
A-n80-k10,M-SSA,1,505027,6,2850.0
A-n80-k10,M-SSA,1,505027,7,2850.0
A-n80-k10,M-SSA,1,505027,8,2807.0
A-n80-k10,M-SSA,1,505027,9,2807.0
A-n80-k10,M-SSA,1,505027,10,2807.0
A-n80-k10,M-SSA,1,505027,11,2807.0
A-n80-k10,M-SSA,1,505027,12,2692.0
A-n80-k10,M-SSA,1,505027,13,2692.0
A-n80-k10,M-SSA,1,505027,14,2692.0
A-n80-k10,M-SSA,1,505027,15,2692.0
A-n80-k10,M-SSA,1,505027,16,2692.0
A-n80-k10,M-SSA,1,505027,17,2692.0
A-n80-k10,M-SSA,1,505027,18,2638.0
A-n80-k10,M-SSA,1,505027,19,2638.0
A-n80-k10,M-SSA,1,505027,20,2638.0
A-n80-k10,M-SSA,1,505027,21,2638.0
A-n80-k10,M-SSA,1,505027,22,2586.0
A-n80-k10,M-SSA,1,505027,23,2549.0
A-n80-k10,M-SSA,1,505027,24,2549.0
A-n80-k10,M-SSA,1,505027,25,2531.0
A-n80-k10,M-SSA,1,505027,26,2531.0
A-n80-k10,M-SSA,1,505027,27,2531.0
A-n80-k10,M-SSA,1,505027,28,2513.0
A-n80-k10,M-SSA,1,505027,29,2513.0
A-n80-k10,M-SSA,1,505027,30,2513.0
A-n80-k10,M-SSA,1,505027,31,2513.0
A-n80-k10,M-SSA,1,505027,32,2513.0
A-n80-k10,M-SSA,1,505027,33,2492.0
A-n80-k10,M-SSA,1,505027,34,2482.0
A-n80-k10,M-SSA,1,505027,35,2482.0
A-n80-k10,M-SSA,1,505027,36,2482.0
A-n80-k10,M-SSA,1,505027,37,2482.0
A-n80-k10,M-SSA,1,505027,38,2482.0
A-n80-k10,M-SSA,1,505027,39,2482.0
A-n80-k10,M-SSA,1,505027,40,2482.0
A-n80-k10,M-SSA,1,505027,41,2466.0
A-n80-k10,M-SSA,1,505027,42,2466.0
A-n80-k10,M-SSA,1,505027,43,2466.0
A-n80-k10,M-SSA,1,505027,44,2466.0
A-n80-k10,M-SSA,1,505027,45,2466.0
A-n80-k10,M-SSA,1,505027,46,2466.0
A-n80-k10,M-SSA,1,505027,47,2466.0
A-n80-k10,M-SSA,1,505027,48,2466.0
A-n80-k10,M-SSA,1,505027,49,2466.0
A-n80-k10,M-SSA,1,505027,50,2466.0
A-n80-k10,M-SSA,1,505027,51,2466.0
A-n80-k10,M-SSA,1,505027,52,2466.0
A-n80-k10,M-SSA,1,505027,53,2466.0
A-n80-k10,M-SSA,1,505027,54,2466.0
A-n80-k10,M-SSA,1,505027,55,2466.0
A-n80-k10,M-SSA,1,505027,56,2466.0
A-n80-k10,M-SSA,1,505027,57,2466.0
A-n80-k10,M-SSA,1,505027,58,2466.0
A-n80-k10,M-SSA,1,505027,59,2466.0
A-n80-k10,M-SSA,1,505027,60,2466.0
A-n80-k10,M-SSA,1,505027,61,2466.0
A-n80-k10,M-SSA,1,505027,62,2466.0
A-n80-k10,M-SSA,1,505027,63,2466.0
A-n80-k10,M-SSA,1,505027,64,2466.0
A-n80-k10,M-SSA,1,505027,65,2466.0
A-n80-k10,M-SSA,1,505027,66,2466.0
A-n80-k10,M-SSA,1,505027,67,2466.0
A-n80-k10,M-SSA,1,505027,68,2466.0
A-n80-k10,M-SSA,1,505027,69,2466.0
A-n80-k10,M-SSA,1,505027,70,2466.0
A-n80-k10,M-SSA,1,505027,71,2466.0
A-n80-k10,M-SSA,1,505027,72,2466.0
A-n80-k10,M-SSA,1,505027,73,2466.0
A-n80-k10,M-SSA,1,505027,74,2466.0
A-n80-k10,M-SSA,1,505027,75,2466.0
A-n80-k10,M-SSA,1,505027,76,2466.0
A-n80-k10,M-SSA,1,505027,77,2466.0
A-n80-k10,M-SSA,1,505027,78,2466.0
A-n80-k10,M-SSA,1,505027,79,2466.0
A-n80-k10,M-SSA,1,505027,80,2466.0
A-n80-k10,M-SSA,1,505027,81,2466.0
A-n80-k10,M-SSA,1,505027,82,2466.0
A-n80-k10,M-SSA,1,505027,83,2466.0
A-n80-k10,M-SSA,1,505027,84,2466.0
A-n80-k10,M-SSA,1,505027,85,2466.0
A-n80-k10,M-SSA,1,505027,86,2466.0
A-n80-k10,M-SSA,1,505027,87,2466.0
A-n80-k10,M-SSA,1,505027,88,2466.0
A-n80-k10,M-SSA,1,505027,89,2466.0
A-n80-k10,M-SSA,1,505027,90,2466.0
A-n80-k10,M-SSA,1,505027,91,2466.0
A-n80-k10,M-SSA,1,505027,92,2466.0
A-n80-k10,M-SSA,1,505027,93,2466.0
A-n80-k10,M-SSA,1,505027,94,2466.0
A-n80-k10,M-SSA,1,505027,95,2466.0
A-n80-k10,M-SSA,1,505027,96,2466.0
A-n80-k10,M-SSA,1,505027,97,2466.0
A-n80-k10,M-SSA,1,505027,98,2466.0
A-n80-k10,M-SSA,1,505027,99,2466.0
A-n80-k10,M-SSA,1,505027,100,2466.0
A-n80-k10,M-SSA,1,505027,101,2423.0
A-n80-k10,M-SSA,1,505027,102,2423.0
A-n80-k10,M-SSA,1,505027,103,2423.0
A-n80-k10,M-SSA,1,505027,104,2423.0
A-n80-k10,M-SSA,1,505027,105,2423.0
A-n80-k10,M-SSA,1,505027,106,2423.0
A-n80-k10,M-SSA,1,505027,107,2423.0
A-n80-k10,M-SSA,1,505027,108,2423.0
A-n80-k10,M-SSA,1,505027,109,2423.0
A-n80-k10,M-SSA,1,505027,110,2423.0
A-n80-k10,M-SSA,1,505027,111,2423.0
A-n80-k10,M-SSA,1,505027,112,2423.0
A-n80-k10,M-SSA,1,505027,113,2423.0
A-n80-k10,M-SSA,1,505027,114,2423.0
A-n80-k10,M-SSA,1,505027,115,2423.0
A-n80-k10,M-SSA,1,505027,116,2423.0
A-n80-k10,M-SSA,1,505027,117,2423.0
A-n80-k10,M-SSA,1,505027,118,2423.0
A-n80-k10,M-SSA,1,505027,119,2423.0
A-n80-k10,M-SSA,1,505027,120,2423.0
A-n80-k10,M-SSA,1,505027,121,2423.0
A-n80-k10,M-SSA,1,505027,122,2423.0
A-n80-k10,M-SSA,1,505027,123,2367.0
A-n80-k10,M-SSA,1,505027,124,2367.0
A-n80-k10,M-SSA,1,505027,125,2367.0
A-n80-k10,M-SSA,1,505027,126,2367.0
A-n80-k10,M-SSA,1,505027,127,2367.0
A-n80-k10,M-SSA,1,505027,128,2367.0
A-n80-k10,M-SSA,1,505027,129,2367.0
A-n80-k10,M-SSA,1,505027,130,2367.0
A-n80-k10,M-SSA,1,505027,131,2367.0
A-n80-k10,M-SSA,1,505027,132,2364.0
A-n80-k10,M-SSA,1,505027,133,2364.0
A-n80-k10,M-SSA,1,505027,134,2364.0
A-n80-k10,M-SSA,1,505027,135,2364.0
A-n80-k10,M-SSA,1,505027,136,2364.0
A-n80-k10,M-SSA,1,505027,137,2364.0
A-n80-k10,M-SSA,1,505027,138,2215.0
A-n80-k10,M-SSA,1,505027,139,2215.0
A-n80-k10,M-SSA,1,505027,140,2215.0
A-n80-k10,M-SSA,1,505027,141,2215.0
A-n80-k10,M-SSA,1,505027,142,2215.0
A-n80-k10,M-SSA,1,505027,143,2215.0
A-n80-k10,M-SSA,1,505027,144,2215.0
A-n80-k10,M-SSA,1,505027,145,2215.0
A-n80-k10,M-SSA,1,505027,146,2215.0
A-n80-k10,M-SSA,1,505027,147,2215.0
A-n80-k10,M-SSA,1,505027,148,2215.0
A-n80-k10,M-SSA,1,505027,149,2215.0
A-n80-k10,M-SSA,1,505027,150,2215.0
A-n80-k10,M-SSA,1,505027,151,2215.0
A-n80-k10,M-SSA,1,505027,152,2215.0
A-n80-k10,M-SSA,1,505027,153,2215.0
A-n80-k10,M-SSA,1,505027,154,2215.0
A-n80-k10,M-SSA,1,505027,155,2215.0
A-n80-k10,M-SSA,1,505027,156,2215.0
A-n80-k10,M-SSA,1,505027,157,2215.0
A-n80-k10,M-SSA,1,505027,158,2215.0
A-n80-k10,M-SSA,1,505027,159,2215.0
A-n80-k10,M-SSA,1,505027,160,2191.0
A-n80-k10,M-SSA,1,505027,161,2191.0
A-n80-k10,M-SSA,1,505027,162,2191.0
A-n80-k10,M-SSA,1,505027,163,2191.0
A-n80-k10,M-SSA,1,505027,164,2175.0
A-n80-k10,M-SSA,1,505027,165,2175.0
A-n80-k10,M-SSA,1,505027,166,2175.0
A-n80-k10,M-SSA,1,505027,167,2151.0
A-n80-k10,M-SSA,1,505027,168,2151.0
A-n80-k10,M-SSA,1,505027,169,2111.0
A-n80-k10,M-SSA,1,505027,170,2111.0
A-n80-k10,M-SSA,1,505027,171,2111.0
A-n80-k10,M-SSA,1,505027,172,2111.0
A-n80-k10,M-SSA,1,505027,173,2111.0
A-n80-k10,M-SSA,1,505027,174,2111.0
A-n80-k10,M-SSA,1,505027,175,2111.0
A-n80-k10,M-SSA,1,505027,176,2111.0
A-n80-k10,M-SSA,1,505027,177,2111.0
A-n80-k10,M-SSA,1,505027,178,2111.0
A-n80-k10,M-SSA,1,505027,179,2111.0
A-n80-k10,M-SSA,1,505027,180,2111.0
A-n80-k10,M-SSA,1,505027,181,2111.0
A-n80-k10,M-SSA,1,505027,182,2111.0
A-n80-k10,M-SSA,1,505027,183,2111.0
A-n80-k10,M-SSA,1,505027,184,2111.0
A-n80-k10,M-SSA,1,505027,185,2111.0
A-n80-k10,M-SSA,1,505027,186,2111.0
A-n80-k10,M-SSA,1,505027,187,2111.0
A-n80-k10,M-SSA,1,505027,188,2111.0
A-n80-k10,M-SSA,1,505027,189,2111.0
A-n80-k10,M-SSA,1,505027,190,2111.0
A-n80-k10,M-SSA,1,505027,191,2111.0
A-n80-k10,M-SSA,1,505027,192,2111.0
A-n80-k10,M-SSA,1,505027,193,2111.0
A-n80-k10,M-SSA,1,505027,194,2111.0
A-n80-k10,M-SSA,1,505027,195,2111.0
A-n80-k10,M-SSA,1,505027,196,2111.0
A-n80-k10,M-SSA,1,505027,197,2111.0
A-n80-k10,M-SSA,1,505027,198,2111.0
A-n80-k10,M-SSA,1,505027,199,2111.0
A-n80-k10,M-SSA,1,505027,200,2111.0
A-n80-k10,M-SSA,2,505028,1,2906.0
A-n80-k10,M-SSA,2,505028,2,2891.0
A-n80-k10,M-SSA,2,505028,3,2880.0
A-n80-k10,M-SSA,2,505028,4,2818.0
A-n80-k10,M-SSA,2,505028,5,2818.0
A-n80-k10,M-SSA,2,505028,6,2818.0
A-n80-k10,M-SSA,2,505028,7,2815.0
A-n80-k10,M-SSA,2,505028,8,2800.0
A-n80-k10,M-SSA,2,505028,9,2729.0
A-n80-k10,M-SSA,2,505028,10,2729.0
A-n80-k10,M-SSA,2,505028,11,2729.0
A-n80-k10,M-SSA,2,505028,12,2671.0
A-n80-k10,M-SSA,2,505028,13,2671.0
A-n80-k10,M-SSA,2,505028,14,2671.0
A-n80-k10,M-SSA,2,505028,15,2647.0
A-n80-k10,M-SSA,2,505028,16,2620.0
A-n80-k10,M-SSA,2,505028,17,2620.0
A-n80-k10,M-SSA,2,505028,18,2620.0
A-n80-k10,M-SSA,2,505028,19,2620.0
A-n80-k10,M-SSA,2,505028,20,2620.0
A-n80-k10,M-SSA,2,505028,21,2620.0
A-n80-k10,M-SSA,2,505028,22,2620.0
A-n80-k10,M-SSA,2,505028,23,2620.0
A-n80-k10,M-SSA,2,505028,24,2620.0
A-n80-k10,M-SSA,2,505028,25,2620.0
A-n80-k10,M-SSA,2,505028,26,2620.0
A-n80-k10,M-SSA,2,505028,27,2620.0
A-n80-k10,M-SSA,2,505028,28,2620.0
A-n80-k10,M-SSA,2,505028,29,2620.0
A-n80-k10,M-SSA,2,505028,30,2620.0
A-n80-k10,M-SSA,2,505028,31,2620.0
A-n80-k10,M-SSA,2,505028,32,2620.0
A-n80-k10,M-SSA,2,505028,33,2577.0
A-n80-k10,M-SSA,2,505028,34,2577.0
A-n80-k10,M-SSA,2,505028,35,2577.0
A-n80-k10,M-SSA,2,505028,36,2539.0
A-n80-k10,M-SSA,2,505028,37,2539.0
A-n80-k10,M-SSA,2,505028,38,2539.0
A-n80-k10,M-SSA,2,505028,39,2539.0
A-n80-k10,M-SSA,2,505028,40,2539.0
A-n80-k10,M-SSA,2,505028,41,2539.0
A-n80-k10,M-SSA,2,505028,42,2539.0
A-n80-k10,M-SSA,2,505028,43,2539.0
A-n80-k10,M-SSA,2,505028,44,2539.0
A-n80-k10,M-SSA,2,505028,45,2539.0
A-n80-k10,M-SSA,2,505028,46,2539.0
A-n80-k10,M-SSA,2,505028,47,2539.0
A-n80-k10,M-SSA,2,505028,48,2539.0
A-n80-k10,M-SSA,2,505028,49,2539.0
A-n80-k10,M-SSA,2,505028,50,2539.0
A-n80-k10,M-SSA,2,505028,51,2463.0
A-n80-k10,M-SSA,2,505028,52,2463.0
A-n80-k10,M-SSA,2,505028,53,2463.0
A-n80-k10,M-SSA,2,505028,54,2463.0
A-n80-k10,M-SSA,2,505028,55,2463.0
A-n80-k10,M-SSA,2,505028,56,2463.0
A-n80-k10,M-SSA,2,505028,57,2463.0
A-n80-k10,M-SSA,2,505028,58,2463.0
A-n80-k10,M-SSA,2,505028,59,2463.0
A-n80-k10,M-SSA,2,505028,60,2463.0
A-n80-k10,M-SSA,2,505028,61,2463.0
A-n80-k10,M-SSA,2,505028,62,2463.0
A-n80-k10,M-SSA,2,505028,63,2463.0
A-n80-k10,M-SSA,2,505028,64,2463.0
A-n80-k10,M-SSA,2,505028,65,2463.0
A-n80-k10,M-SSA,2,505028,66,2463.0
A-n80-k10,M-SSA,2,505028,67,2463.0
A-n80-k10,M-SSA,2,505028,68,2463.0
A-n80-k10,M-SSA,2,505028,69,2463.0
A-n80-k10,M-SSA,2,505028,70,2463.0
A-n80-k10,M-SSA,2,505028,71,2463.0
A-n80-k10,M-SSA,2,505028,72,2463.0
A-n80-k10,M-SSA,2,505028,73,2463.0
A-n80-k10,M-SSA,2,505028,74,2463.0
A-n80-k10,M-SSA,2,505028,75,2463.0
A-n80-k10,M-SSA,2,505028,76,2463.0
A-n80-k10,M-SSA,2,505028,77,2463.0
A-n80-k10,M-SSA,2,505028,78,2463.0
A-n80-k10,M-SSA,2,505028,79,2463.0
A-n80-k10,M-SSA,2,505028,80,2463.0
A-n80-k10,M-SSA,2,505028,81,2463.0
A-n80-k10,M-SSA,2,505028,82,2463.0
A-n80-k10,M-SSA,2,505028,83,2463.0
A-n80-k10,M-SSA,2,505028,84,2463.0
A-n80-k10,M-SSA,2,505028,85,2463.0
A-n80-k10,M-SSA,2,505028,86,2463.0
A-n80-k10,M-SSA,2,505028,87,2463.0
A-n80-k10,M-SSA,2,505028,88,2463.0
A-n80-k10,M-SSA,2,505028,89,2463.0
A-n80-k10,M-SSA,2,505028,90,2463.0
A-n80-k10,M-SSA,2,505028,91,2463.0
A-n80-k10,M-SSA,2,505028,92,2463.0
A-n80-k10,M-SSA,2,505028,93,2463.0
A-n80-k10,M-SSA,2,505028,94,2463.0
A-n80-k10,M-SSA,2,505028,95,2463.0
A-n80-k10,M-SSA,2,505028,96,2463.0
A-n80-k10,M-SSA,2,505028,97,2463.0
A-n80-k10,M-SSA,2,505028,98,2463.0
A-n80-k10,M-SSA,2,505028,99,2463.0
A-n80-k10,M-SSA,2,505028,100,2463.0
A-n80-k10,M-SSA,2,505028,101,2463.0
A-n80-k10,M-SSA,2,505028,102,2463.0
A-n80-k10,M-SSA,2,505028,103,2463.0
A-n80-k10,M-SSA,2,505028,104,2463.0
A-n80-k10,M-SSA,2,505028,105,2463.0
A-n80-k10,M-SSA,2,505028,106,2463.0
A-n80-k10,M-SSA,2,505028,107,2463.0
A-n80-k10,M-SSA,2,505028,108,2463.0
A-n80-k10,M-SSA,2,505028,109,2463.0
A-n80-k10,M-SSA,2,505028,110,2445.0
A-n80-k10,M-SSA,2,505028,111,2445.0
A-n80-k10,M-SSA,2,505028,112,2445.0
A-n80-k10,M-SSA,2,505028,113,2445.0
A-n80-k10,M-SSA,2,505028,114,2445.0
A-n80-k10,M-SSA,2,505028,115,2445.0
A-n80-k10,M-SSA,2,505028,116,2445.0
A-n80-k10,M-SSA,2,505028,117,2445.0
A-n80-k10,M-SSA,2,505028,118,2445.0
A-n80-k10,M-SSA,2,505028,119,2445.0
A-n80-k10,M-SSA,2,505028,120,2445.0
A-n80-k10,M-SSA,2,505028,121,2398.0
A-n80-k10,M-SSA,2,505028,122,2398.0
A-n80-k10,M-SSA,2,505028,123,2398.0
A-n80-k10,M-SSA,2,505028,124,2398.0
A-n80-k10,M-SSA,2,505028,125,2398.0
A-n80-k10,M-SSA,2,505028,126,2398.0
A-n80-k10,M-SSA,2,505028,127,2398.0
A-n80-k10,M-SSA,2,505028,128,2398.0
A-n80-k10,M-SSA,2,505028,129,2398.0
A-n80-k10,M-SSA,2,505028,130,2398.0
A-n80-k10,M-SSA,2,505028,131,2398.0
A-n80-k10,M-SSA,2,505028,132,2398.0
A-n80-k10,M-SSA,2,505028,133,2398.0
A-n80-k10,M-SSA,2,505028,134,2398.0
A-n80-k10,M-SSA,2,505028,135,2398.0
A-n80-k10,M-SSA,2,505028,136,2398.0
A-n80-k10,M-SSA,2,505028,137,2398.0
A-n80-k10,M-SSA,2,505028,138,2371.0
A-n80-k10,M-SSA,2,505028,139,2318.0
A-n80-k10,M-SSA,2,505028,140,2318.0
A-n80-k10,M-SSA,2,505028,141,2318.0
A-n80-k10,M-SSA,2,505028,142,2318.0
A-n80-k10,M-SSA,2,505028,143,2318.0
A-n80-k10,M-SSA,2,505028,144,2318.0
A-n80-k10,M-SSA,2,505028,145,2298.0
A-n80-k10,M-SSA,2,505028,146,2298.0
A-n80-k10,M-SSA,2,505028,147,2298.0
A-n80-k10,M-SSA,2,505028,148,2298.0
A-n80-k10,M-SSA,2,505028,149,2298.0
A-n80-k10,M-SSA,2,505028,150,2298.0
A-n80-k10,M-SSA,2,505028,151,2298.0
A-n80-k10,M-SSA,2,505028,152,2298.0
A-n80-k10,M-SSA,2,505028,153,2298.0
A-n80-k10,M-SSA,2,505028,154,2298.0
A-n80-k10,M-SSA,2,505028,155,2298.0
A-n80-k10,M-SSA,2,505028,156,2298.0
A-n80-k10,M-SSA,2,505028,157,2298.0
A-n80-k10,M-SSA,2,505028,158,2298.0
A-n80-k10,M-SSA,2,505028,159,2298.0
A-n80-k10,M-SSA,2,505028,160,2298.0
A-n80-k10,M-SSA,2,505028,161,2298.0
A-n80-k10,M-SSA,2,505028,162,2278.0
A-n80-k10,M-SSA,2,505028,163,2278.0
A-n80-k10,M-SSA,2,505028,164,2278.0
A-n80-k10,M-SSA,2,505028,165,2257.0
A-n80-k10,M-SSA,2,505028,166,2257.0
A-n80-k10,M-SSA,2,505028,167,2257.0
A-n80-k10,M-SSA,2,505028,168,2257.0
A-n80-k10,M-SSA,2,505028,169,2257.0
A-n80-k10,M-SSA,2,505028,170,2257.0
A-n80-k10,M-SSA,2,505028,171,2257.0
A-n80-k10,M-SSA,2,505028,172,2257.0
A-n80-k10,M-SSA,2,505028,173,2257.0
A-n80-k10,M-SSA,2,505028,174,2257.0
A-n80-k10,M-SSA,2,505028,175,2257.0
A-n80-k10,M-SSA,2,505028,176,2257.0
A-n80-k10,M-SSA,2,505028,177,2257.0
A-n80-k10,M-SSA,2,505028,178,2257.0
A-n80-k10,M-SSA,2,505028,179,2257.0
A-n80-k10,M-SSA,2,505028,180,2257.0
A-n80-k10,M-SSA,2,505028,181,2257.0
A-n80-k10,M-SSA,2,505028,182,2257.0
A-n80-k10,M-SSA,2,505028,183,2257.0
A-n80-k10,M-SSA,2,505028,184,2257.0
A-n80-k10,M-SSA,2,505028,185,2257.0
A-n80-k10,M-SSA,2,505028,186,2257.0
A-n80-k10,M-SSA,2,505028,187,2257.0
A-n80-k10,M-SSA,2,505028,188,2257.0
A-n80-k10,M-SSA,2,505028,189,2257.0
A-n80-k10,M-SSA,2,505028,190,2257.0
A-n80-k10,M-SSA,2,505028,191,2257.0
A-n80-k10,M-SSA,2,505028,192,2257.0
A-n80-k10,M-SSA,2,505028,193,2257.0
A-n80-k10,M-SSA,2,505028,194,2257.0
A-n80-k10,M-SSA,2,505028,195,2257.0
A-n80-k10,M-SSA,2,505028,196,2257.0
A-n80-k10,M-SSA,2,505028,197,2257.0
A-n80-k10,M-SSA,2,505028,198,2257.0
A-n80-k10,M-SSA,2,505028,199,2257.0
A-n80-k10,M-SSA,2,505028,200,2257.0
A-n80-k10,M-SSA,3,505029,1,2897.0
A-n80-k10,M-SSA,3,505029,2,2795.0
A-n80-k10,M-SSA,3,505029,3,2795.0
A-n80-k10,M-SSA,3,505029,4,2781.0
A-n80-k10,M-SSA,3,505029,5,2781.0
A-n80-k10,M-SSA,3,505029,6,2781.0
A-n80-k10,M-SSA,3,505029,7,2729.0
A-n80-k10,M-SSA,3,505029,8,2729.0
A-n80-k10,M-SSA,3,505029,9,2729.0
A-n80-k10,M-SSA,3,505029,10,2729.0
A-n80-k10,M-SSA,3,505029,11,2729.0
A-n80-k10,M-SSA,3,505029,12,2729.0
A-n80-k10,M-SSA,3,505029,13,2729.0
A-n80-k10,M-SSA,3,505029,14,2729.0
A-n80-k10,M-SSA,3,505029,15,2729.0
A-n80-k10,M-SSA,3,505029,16,2729.0
A-n80-k10,M-SSA,3,505029,17,2705.0
A-n80-k10,M-SSA,3,505029,18,2705.0
A-n80-k10,M-SSA,3,505029,19,2673.0
A-n80-k10,M-SSA,3,505029,20,2673.0
A-n80-k10,M-SSA,3,505029,21,2673.0
A-n80-k10,M-SSA,3,505029,22,2673.0
A-n80-k10,M-SSA,3,505029,23,2619.0
A-n80-k10,M-SSA,3,505029,24,2619.0
A-n80-k10,M-SSA,3,505029,25,2554.0
A-n80-k10,M-SSA,3,505029,26,2554.0
A-n80-k10,M-SSA,3,505029,27,2554.0
A-n80-k10,M-SSA,3,505029,28,2554.0
A-n80-k10,M-SSA,3,505029,29,2554.0
A-n80-k10,M-SSA,3,505029,30,2554.0
A-n80-k10,M-SSA,3,505029,31,2554.0
A-n80-k10,M-SSA,3,505029,32,2431.0
A-n80-k10,M-SSA,3,505029,33,2430.0
A-n80-k10,M-SSA,3,505029,34,2430.0
A-n80-k10,M-SSA,3,505029,35,2430.0
A-n80-k10,M-SSA,3,505029,36,2430.0
A-n80-k10,M-SSA,3,505029,37,2430.0
A-n80-k10,M-SSA,3,505029,38,2430.0
A-n80-k10,M-SSA,3,505029,39,2430.0
A-n80-k10,M-SSA,3,505029,40,2430.0
A-n80-k10,M-SSA,3,505029,41,2430.0
A-n80-k10,M-SSA,3,505029,42,2430.0
A-n80-k10,M-SSA,3,505029,43,2430.0
A-n80-k10,M-SSA,3,505029,44,2430.0
A-n80-k10,M-SSA,3,505029,45,2430.0
A-n80-k10,M-SSA,3,505029,46,2430.0
A-n80-k10,M-SSA,3,505029,47,2430.0
A-n80-k10,M-SSA,3,505029,48,2430.0
A-n80-k10,M-SSA,3,505029,49,2430.0
A-n80-k10,M-SSA,3,505029,50,2430.0
A-n80-k10,M-SSA,3,505029,51,2430.0
A-n80-k10,M-SSA,3,505029,52,2430.0
A-n80-k10,M-SSA,3,505029,53,2430.0
A-n80-k10,M-SSA,3,505029,54,2430.0
A-n80-k10,M-SSA,3,505029,55,2430.0
A-n80-k10,M-SSA,3,505029,56,2430.0
A-n80-k10,M-SSA,3,505029,57,2430.0
A-n80-k10,M-SSA,3,505029,58,2370.0
A-n80-k10,M-SSA,3,505029,59,2370.0
A-n80-k10,M-SSA,3,505029,60,2370.0
A-n80-k10,M-SSA,3,505029,61,2370.0
A-n80-k10,M-SSA,3,505029,62,2370.0
A-n80-k10,M-SSA,3,505029,63,2370.0
A-n80-k10,M-SSA,3,505029,64,2370.0
A-n80-k10,M-SSA,3,505029,65,2370.0
A-n80-k10,M-SSA,3,505029,66,2370.0
A-n80-k10,M-SSA,3,505029,67,2370.0
A-n80-k10,M-SSA,3,505029,68,2370.0
A-n80-k10,M-SSA,3,505029,69,2370.0
A-n80-k10,M-SSA,3,505029,70,2370.0
A-n80-k10,M-SSA,3,505029,71,2370.0
A-n80-k10,M-SSA,3,505029,72,2370.0
A-n80-k10,M-SSA,3,505029,73,2370.0
A-n80-k10,M-SSA,3,505029,74,2370.0
A-n80-k10,M-SSA,3,505029,75,2370.0
A-n80-k10,M-SSA,3,505029,76,2370.0
A-n80-k10,M-SSA,3,505029,77,2370.0
A-n80-k10,M-SSA,3,505029,78,2370.0
A-n80-k10,M-SSA,3,505029,79,2370.0
A-n80-k10,M-SSA,3,505029,80,2370.0
A-n80-k10,M-SSA,3,505029,81,2370.0
A-n80-k10,M-SSA,3,505029,82,2370.0
A-n80-k10,M-SSA,3,505029,83,2370.0
A-n80-k10,M-SSA,3,505029,84,2370.0
A-n80-k10,M-SSA,3,505029,85,2370.0
A-n80-k10,M-SSA,3,505029,86,2370.0
A-n80-k10,M-SSA,3,505029,87,2370.0
A-n80-k10,M-SSA,3,505029,88,2370.0
A-n80-k10,M-SSA,3,505029,89,2370.0
A-n80-k10,M-SSA,3,505029,90,2370.0
A-n80-k10,M-SSA,3,505029,91,2370.0
A-n80-k10,M-SSA,3,505029,92,2370.0
A-n80-k10,M-SSA,3,505029,93,2370.0
A-n80-k10,M-SSA,3,505029,94,2370.0
A-n80-k10,M-SSA,3,505029,95,2370.0
A-n80-k10,M-SSA,3,505029,96,2370.0
A-n80-k10,M-SSA,3,505029,97,2370.0
A-n80-k10,M-SSA,3,505029,98,2370.0
A-n80-k10,M-SSA,3,505029,99,2370.0
A-n80-k10,M-SSA,3,505029,100,2370.0
A-n80-k10,M-SSA,3,505029,101,2370.0
A-n80-k10,M-SSA,3,505029,102,2370.0
A-n80-k10,M-SSA,3,505029,103,2370.0
A-n80-k10,M-SSA,3,505029,104,2370.0
A-n80-k10,M-SSA,3,505029,105,2370.0
A-n80-k10,M-SSA,3,505029,106,2370.0
A-n80-k10,M-SSA,3,505029,107,2370.0
A-n80-k10,M-SSA,3,505029,108,2370.0
A-n80-k10,M-SSA,3,505029,109,2370.0
A-n80-k10,M-SSA,3,505029,110,2370.0
A-n80-k10,M-SSA,3,505029,111,2370.0
A-n80-k10,M-SSA,3,505029,112,2370.0
A-n80-k10,M-SSA,3,505029,113,2370.0
A-n80-k10,M-SSA,3,505029,114,2370.0
A-n80-k10,M-SSA,3,505029,115,2370.0
A-n80-k10,M-SSA,3,505029,116,2370.0
A-n80-k10,M-SSA,3,505029,117,2370.0
A-n80-k10,M-SSA,3,505029,118,2370.0
A-n80-k10,M-SSA,3,505029,119,2370.0
A-n80-k10,M-SSA,3,505029,120,2370.0
A-n80-k10,M-SSA,3,505029,121,2370.0
A-n80-k10,M-SSA,3,505029,122,2370.0
A-n80-k10,M-SSA,3,505029,123,2370.0
A-n80-k10,M-SSA,3,505029,124,2370.0
A-n80-k10,M-SSA,3,505029,125,2370.0
A-n80-k10,M-SSA,3,505029,126,2370.0
A-n80-k10,M-SSA,3,505029,127,2370.0
A-n80-k10,M-SSA,3,505029,128,2370.0
A-n80-k10,M-SSA,3,505029,129,2370.0
A-n80-k10,M-SSA,3,505029,130,2370.0
A-n80-k10,M-SSA,3,505029,131,2370.0
A-n80-k10,M-SSA,3,505029,132,2370.0
A-n80-k10,M-SSA,3,505029,133,2370.0
A-n80-k10,M-SSA,3,505029,134,2370.0
A-n80-k10,M-SSA,3,505029,135,2288.0
A-n80-k10,M-SSA,3,505029,136,2288.0
A-n80-k10,M-SSA,3,505029,137,2288.0
A-n80-k10,M-SSA,3,505029,138,2288.0
A-n80-k10,M-SSA,3,505029,139,2288.0
A-n80-k10,M-SSA,3,505029,140,2263.0
A-n80-k10,M-SSA,3,505029,141,2263.0
A-n80-k10,M-SSA,3,505029,142,2263.0
A-n80-k10,M-SSA,3,505029,143,2263.0
A-n80-k10,M-SSA,3,505029,144,2263.0
A-n80-k10,M-SSA,3,505029,145,2263.0
A-n80-k10,M-SSA,3,505029,146,2263.0
A-n80-k10,M-SSA,3,505029,147,2263.0
A-n80-k10,M-SSA,3,505029,148,2263.0
A-n80-k10,M-SSA,3,505029,149,2263.0
A-n80-k10,M-SSA,3,505029,150,2263.0
A-n80-k10,M-SSA,3,505029,151,2263.0
A-n80-k10,M-SSA,3,505029,152,2263.0
A-n80-k10,M-SSA,3,505029,153,2263.0
A-n80-k10,M-SSA,3,505029,154,2263.0
A-n80-k10,M-SSA,3,505029,155,2263.0
A-n80-k10,M-SSA,3,505029,156,2263.0
A-n80-k10,M-SSA,3,505029,157,2263.0
A-n80-k10,M-SSA,3,505029,158,2263.0
A-n80-k10,M-SSA,3,505029,159,2263.0
A-n80-k10,M-SSA,3,505029,160,2263.0
A-n80-k10,M-SSA,3,505029,161,2263.0
A-n80-k10,M-SSA,3,505029,162,2263.0
A-n80-k10,M-SSA,3,505029,163,2263.0
A-n80-k10,M-SSA,3,505029,164,2263.0
A-n80-k10,M-SSA,3,505029,165,2263.0
A-n80-k10,M-SSA,3,505029,166,2263.0
A-n80-k10,M-SSA,3,505029,167,2263.0
A-n80-k10,M-SSA,3,505029,168,2263.0
A-n80-k10,M-SSA,3,505029,169,2263.0
A-n80-k10,M-SSA,3,505029,170,2263.0
A-n80-k10,M-SSA,3,505029,171,2263.0
A-n80-k10,M-SSA,3,505029,172,2263.0
A-n80-k10,M-SSA,3,505029,173,2263.0
A-n80-k10,M-SSA,3,505029,174,2263.0
A-n80-k10,M-SSA,3,505029,175,2263.0
A-n80-k10,M-SSA,3,505029,176,2263.0
A-n80-k10,M-SSA,3,505029,177,2263.0
A-n80-k10,M-SSA,3,505029,178,2263.0
A-n80-k10,M-SSA,3,505029,179,2263.0
A-n80-k10,M-SSA,3,505029,180,2263.0
A-n80-k10,M-SSA,3,505029,181,2263.0
A-n80-k10,M-SSA,3,505029,182,2263.0
A-n80-k10,M-SSA,3,505029,183,2263.0
A-n80-k10,M-SSA,3,505029,184,2263.0
A-n80-k10,M-SSA,3,505029,185,2263.0
A-n80-k10,M-SSA,3,505029,186,2263.0
A-n80-k10,M-SSA,3,505029,187,2263.0
A-n80-k10,M-SSA,3,505029,188,2263.0
A-n80-k10,M-SSA,3,505029,189,2263.0
A-n80-k10,M-SSA,3,505029,190,2263.0
A-n80-k10,M-SSA,3,505029,191,2263.0
A-n80-k10,M-SSA,3,505029,192,2263.0
A-n80-k10,M-SSA,3,505029,193,2263.0
A-n80-k10,M-SSA,3,505029,194,2263.0
A-n80-k10,M-SSA,3,505029,195,2263.0
A-n80-k10,M-SSA,3,505029,196,2263.0
A-n80-k10,M-SSA,3,505029,197,2263.0
A-n80-k10,M-SSA,3,505029,198,2263.0
A-n80-k10,M-SSA,3,505029,199,2263.0
A-n80-k10,M-SSA,3,505029,200,2263.0
B-n50-k7,WOA,1,602027,1,2235.0
B-n50-k7,WOA,1,602027,2,2235.0
B-n50-k7,WOA,1,602027,3,2235.0
B-n50-k7,WOA,1,602027,4,2235.0
B-n50-k7,WOA,1,602027,5,2161.0
B-n50-k7,WOA,1,602027,6,2160.0
B-n50-k7,WOA,1,602027,7,2157.0
B-n50-k7,WOA,1,602027,8,2146.0
B-n50-k7,WOA,1,602027,9,2143.0
B-n50-k7,WOA,1,602027,10,2019.0
B-n50-k7,WOA,1,602027,11,2019.0
B-n50-k7,WOA,1,602027,12,1921.0
B-n50-k7,WOA,1,602027,13,1921.0
B-n50-k7,WOA,1,602027,14,1921.0
B-n50-k7,WOA,1,602027,15,1893.0
B-n50-k7,WOA,1,602027,16,1886.0
B-n50-k7,WOA,1,602027,17,1782.0
B-n50-k7,WOA,1,602027,18,1782.0
B-n50-k7,WOA,1,602027,19,1781.0
B-n50-k7,WOA,1,602027,20,1781.0
B-n50-k7,WOA,1,602027,21,1781.0
B-n50-k7,WOA,1,602027,22,1767.0
B-n50-k7,WOA,1,602027,23,1767.0
B-n50-k7,WOA,1,602027,24,1760.0
B-n50-k7,WOA,1,602027,25,1760.0
B-n50-k7,WOA,1,602027,26,1760.0
B-n50-k7,WOA,1,602027,27,1760.0
B-n50-k7,WOA,1,602027,28,1760.0
B-n50-k7,WOA,1,602027,29,1760.0
B-n50-k7,WOA,1,602027,30,1760.0
B-n50-k7,WOA,1,602027,31,1760.0
B-n50-k7,WOA,1,602027,32,1760.0
B-n50-k7,WOA,1,602027,33,1760.0
B-n50-k7,WOA,1,602027,34,1760.0
B-n50-k7,WOA,1,602027,35,1760.0
B-n50-k7,WOA,1,602027,36,1760.0
B-n50-k7,WOA,1,602027,37,1760.0
B-n50-k7,WOA,1,602027,38,1760.0
B-n50-k7,WOA,1,602027,39,1760.0
B-n50-k7,WOA,1,602027,40,1760.0
B-n50-k7,WOA,1,602027,41,1760.0
B-n50-k7,WOA,1,602027,42,1760.0
B-n50-k7,WOA,1,602027,43,1760.0
B-n50-k7,WOA,1,602027,44,1760.0
B-n50-k7,WOA,1,602027,45,1760.0
B-n50-k7,WOA,1,602027,46,1760.0
B-n50-k7,WOA,1,602027,47,1760.0
B-n50-k7,WOA,1,602027,48,1760.0
B-n50-k7,WOA,1,602027,49,1760.0
B-n50-k7,WOA,1,602027,50,1760.0
B-n50-k7,WOA,1,602027,51,1760.0
B-n50-k7,WOA,1,602027,52,1760.0
B-n50-k7,WOA,1,602027,53,1760.0
B-n50-k7,WOA,1,602027,54,1760.0
B-n50-k7,WOA,1,602027,55,1760.0
B-n50-k7,WOA,1,602027,56,1760.0
B-n50-k7,WOA,1,602027,57,1760.0
B-n50-k7,WOA,1,602027,58,1760.0
B-n50-k7,WOA,1,602027,59,1760.0
B-n50-k7,WOA,1,602027,60,1760.0
B-n50-k7,WOA,1,602027,61,1760.0
B-n50-k7,WOA,1,602027,62,1760.0
B-n50-k7,WOA,1,602027,63,1760.0
B-n50-k7,WOA,1,602027,64,1760.0
B-n50-k7,WOA,1,602027,65,1758.0
B-n50-k7,WOA,1,602027,66,1758.0
B-n50-k7,WOA,1,602027,67,1748.0
B-n50-k7,WOA,1,602027,68,1748.0
B-n50-k7,WOA,1,602027,69,1748.0
B-n50-k7,WOA,1,602027,70,1748.0
B-n50-k7,WOA,1,602027,71,1748.0
B-n50-k7,WOA,1,602027,72,1748.0
B-n50-k7,WOA,1,602027,73,1748.0
B-n50-k7,WOA,1,602027,74,1748.0
B-n50-k7,WOA,1,602027,75,1748.0
B-n50-k7,WOA,1,602027,76,1748.0
B-n50-k7,WOA,1,602027,77,1748.0
B-n50-k7,WOA,1,602027,78,1732.0
B-n50-k7,WOA,1,602027,79,1732.0
B-n50-k7,WOA,1,602027,80,1732.0
B-n50-k7,WOA,1,602027,81,1732.0
B-n50-k7,WOA,1,602027,82,1732.0
B-n50-k7,WOA,1,602027,83,1717.0
B-n50-k7,WOA,1,602027,84,1717.0
B-n50-k7,WOA,1,602027,85,1717.0
B-n50-k7,WOA,1,602027,86,1717.0
B-n50-k7,WOA,1,602027,87,1717.0
B-n50-k7,WOA,1,602027,88,1717.0
B-n50-k7,WOA,1,602027,89,1717.0
B-n50-k7,WOA,1,602027,90,1717.0
B-n50-k7,WOA,1,602027,91,1717.0
B-n50-k7,WOA,1,602027,92,1717.0
B-n50-k7,WOA,1,602027,93,1717.0
B-n50-k7,WOA,1,602027,94,1717.0
B-n50-k7,WOA,1,602027,95,1717.0
B-n50-k7,WOA,1,602027,96,1717.0
B-n50-k7,WOA,1,602027,97,1717.0
B-n50-k7,WOA,1,602027,98,1717.0
B-n50-k7,WOA,1,602027,99,1717.0
B-n50-k7,WOA,1,602027,100,1715.0
B-n50-k7,WOA,1,602027,101,1699.0
B-n50-k7,WOA,1,602027,102,1699.0
B-n50-k7,WOA,1,602027,103,1699.0
B-n50-k7,WOA,1,602027,104,1699.0
B-n50-k7,WOA,1,602027,105,1699.0
B-n50-k7,WOA,1,602027,106,1699.0
B-n50-k7,WOA,1,602027,107,1699.0
B-n50-k7,WOA,1,602027,108,1699.0
B-n50-k7,WOA,1,602027,109,1699.0
B-n50-k7,WOA,1,602027,110,1699.0
B-n50-k7,WOA,1,602027,111,1699.0
B-n50-k7,WOA,1,602027,112,1699.0
B-n50-k7,WOA,1,602027,113,1699.0
B-n50-k7,WOA,1,602027,114,1699.0
B-n50-k7,WOA,1,602027,115,1699.0
B-n50-k7,WOA,1,602027,116,1699.0
B-n50-k7,WOA,1,602027,117,1699.0
B-n50-k7,WOA,1,602027,118,1699.0
B-n50-k7,WOA,1,602027,119,1699.0
B-n50-k7,WOA,1,602027,120,1699.0
B-n50-k7,WOA,1,602027,121,1699.0
B-n50-k7,WOA,1,602027,122,1699.0
B-n50-k7,WOA,1,602027,123,1699.0
B-n50-k7,WOA,1,602027,124,1699.0
B-n50-k7,WOA,1,602027,125,1699.0
B-n50-k7,WOA,1,602027,126,1699.0
B-n50-k7,WOA,1,602027,127,1699.0
B-n50-k7,WOA,1,602027,128,1699.0
B-n50-k7,WOA,1,602027,129,1699.0
B-n50-k7,WOA,1,602027,130,1699.0
B-n50-k7,WOA,1,602027,131,1699.0
B-n50-k7,WOA,1,602027,132,1699.0
B-n50-k7,WOA,1,602027,133,1699.0
B-n50-k7,WOA,1,602027,134,1699.0
B-n50-k7,WOA,1,602027,135,1699.0
B-n50-k7,WOA,1,602027,136,1699.0
B-n50-k7,WOA,1,602027,137,1699.0
B-n50-k7,WOA,1,602027,138,1699.0
B-n50-k7,WOA,1,602027,139,1699.0
B-n50-k7,WOA,1,602027,140,1699.0
B-n50-k7,WOA,1,602027,141,1699.0
B-n50-k7,WOA,1,602027,142,1699.0
B-n50-k7,WOA,1,602027,143,1699.0
B-n50-k7,WOA,1,602027,144,1699.0
B-n50-k7,WOA,1,602027,145,1699.0
B-n50-k7,WOA,1,602027,146,1699.0
B-n50-k7,WOA,1,602027,147,1699.0
B-n50-k7,WOA,1,602027,148,1699.0
B-n50-k7,WOA,1,602027,149,1699.0
B-n50-k7,WOA,1,602027,150,1699.0
B-n50-k7,WOA,1,602027,151,1699.0
B-n50-k7,WOA,1,602027,152,1699.0
B-n50-k7,WOA,1,602027,153,1699.0
B-n50-k7,WOA,1,602027,154,1699.0
B-n50-k7,WOA,1,602027,155,1699.0
B-n50-k7,WOA,1,602027,156,1699.0
B-n50-k7,WOA,1,602027,157,1699.0
B-n50-k7,WOA,1,602027,158,1699.0
B-n50-k7,WOA,1,602027,159,1699.0
B-n50-k7,WOA,1,602027,160,1699.0
B-n50-k7,WOA,1,602027,161,1699.0
B-n50-k7,WOA,1,602027,162,1699.0
B-n50-k7,WOA,1,602027,163,1699.0
B-n50-k7,WOA,1,602027,164,1699.0
B-n50-k7,WOA,1,602027,165,1699.0
B-n50-k7,WOA,1,602027,166,1699.0
B-n50-k7,WOA,1,602027,167,1699.0
B-n50-k7,WOA,1,602027,168,1699.0
B-n50-k7,WOA,1,602027,169,1699.0
B-n50-k7,WOA,1,602027,170,1699.0
B-n50-k7,WOA,1,602027,171,1699.0
B-n50-k7,WOA,1,602027,172,1699.0
B-n50-k7,WOA,1,602027,173,1699.0
B-n50-k7,WOA,1,602027,174,1699.0
B-n50-k7,WOA,1,602027,175,1699.0
B-n50-k7,WOA,1,602027,176,1699.0
B-n50-k7,WOA,1,602027,177,1699.0
B-n50-k7,WOA,1,602027,178,1699.0
B-n50-k7,WOA,1,602027,179,1699.0
B-n50-k7,WOA,1,602027,180,1699.0
B-n50-k7,WOA,1,602027,181,1699.0
B-n50-k7,WOA,1,602027,182,1699.0
B-n50-k7,WOA,1,602027,183,1699.0
B-n50-k7,WOA,1,602027,184,1699.0
B-n50-k7,WOA,1,602027,185,1699.0
B-n50-k7,WOA,1,602027,186,1699.0
B-n50-k7,WOA,1,602027,187,1699.0
B-n50-k7,WOA,1,602027,188,1699.0
B-n50-k7,WOA,1,602027,189,1699.0
B-n50-k7,WOA,1,602027,190,1699.0
B-n50-k7,WOA,1,602027,191,1699.0
B-n50-k7,WOA,1,602027,192,1699.0
B-n50-k7,WOA,1,602027,193,1699.0
B-n50-k7,WOA,1,602027,194,1699.0
B-n50-k7,WOA,1,602027,195,1699.0
B-n50-k7,WOA,1,602027,196,1699.0
B-n50-k7,WOA,1,602027,197,1699.0
B-n50-k7,WOA,1,602027,198,1699.0
B-n50-k7,WOA,1,602027,199,1699.0
B-n50-k7,WOA,1,602027,200,1699.0
B-n50-k7,WOA,2,602028,1,2452.0
B-n50-k7,WOA,2,602028,2,2313.0
B-n50-k7,WOA,2,602028,3,2313.0
B-n50-k7,WOA,2,602028,4,2269.0
B-n50-k7,WOA,2,602028,5,2263.0
B-n50-k7,WOA,2,602028,6,2221.0
B-n50-k7,WOA,2,602028,7,2219.0
B-n50-k7,WOA,2,602028,8,2215.0
B-n50-k7,WOA,2,602028,9,2131.0
B-n50-k7,WOA,2,602028,10,2106.0
B-n50-k7,WOA,2,602028,11,1968.0
B-n50-k7,WOA,2,602028,12,1888.0
B-n50-k7,WOA,2,602028,13,1888.0
B-n50-k7,WOA,2,602028,14,1888.0
B-n50-k7,WOA,2,602028,15,1888.0
B-n50-k7,WOA,2,602028,16,1888.0
B-n50-k7,WOA,2,602028,17,1888.0
B-n50-k7,WOA,2,602028,18,1888.0
B-n50-k7,WOA,2,602028,19,1888.0
B-n50-k7,WOA,2,602028,20,1888.0
B-n50-k7,WOA,2,602028,21,1888.0
B-n50-k7,WOA,2,602028,22,1888.0
B-n50-k7,WOA,2,602028,23,1888.0
B-n50-k7,WOA,2,602028,24,1879.0
B-n50-k7,WOA,2,602028,25,1879.0
B-n50-k7,WOA,2,602028,26,1879.0
B-n50-k7,WOA,2,602028,27,1864.0
B-n50-k7,WOA,2,602028,28,1841.0
B-n50-k7,WOA,2,602028,29,1832.0
B-n50-k7,WOA,2,602028,30,1791.0
B-n50-k7,WOA,2,602028,31,1785.0
B-n50-k7,WOA,2,602028,32,1785.0
B-n50-k7,WOA,2,602028,33,1709.0
B-n50-k7,WOA,2,602028,34,1709.0
B-n50-k7,WOA,2,602028,35,1709.0
B-n50-k7,WOA,2,602028,36,1698.0
B-n50-k7,WOA,2,602028,37,1698.0
B-n50-k7,WOA,2,602028,38,1696.0
B-n50-k7,WOA,2,602028,39,1696.0
B-n50-k7,WOA,2,602028,40,1688.0
B-n50-k7,WOA,2,602028,41,1679.0
B-n50-k7,WOA,2,602028,42,1679.0
B-n50-k7,WOA,2,602028,43,1673.0
B-n50-k7,WOA,2,602028,44,1673.0
B-n50-k7,WOA,2,602028,45,1650.0
B-n50-k7,WOA,2,602028,46,1650.0
B-n50-k7,WOA,2,602028,47,1649.0
B-n50-k7,WOA,2,602028,48,1649.0
B-n50-k7,WOA,2,602028,49,1649.0
B-n50-k7,WOA,2,602028,50,1649.0
B-n50-k7,WOA,2,602028,51,1620.0
B-n50-k7,WOA,2,602028,52,1620.0
B-n50-k7,WOA,2,602028,53,1620.0
B-n50-k7,WOA,2,602028,54,1620.0
B-n50-k7,WOA,2,602028,55,1610.0
B-n50-k7,WOA,2,602028,56,1610.0
B-n50-k7,WOA,2,602028,57,1610.0
B-n50-k7,WOA,2,602028,58,1604.0
B-n50-k7,WOA,2,602028,59,1604.0
B-n50-k7,WOA,2,602028,60,1588.0
B-n50-k7,WOA,2,602028,61,1588.0
B-n50-k7,WOA,2,602028,62,1588.0
B-n50-k7,WOA,2,602028,63,1587.0
B-n50-k7,WOA,2,602028,64,1587.0
B-n50-k7,WOA,2,602028,65,1587.0
B-n50-k7,WOA,2,602028,66,1587.0
B-n50-k7,WOA,2,602028,67,1587.0
B-n50-k7,WOA,2,602028,68,1587.0
B-n50-k7,WOA,2,602028,69,1587.0
B-n50-k7,WOA,2,602028,70,1587.0
B-n50-k7,WOA,2,602028,71,1587.0
B-n50-k7,WOA,2,602028,72,1582.0
B-n50-k7,WOA,2,602028,73,1582.0
B-n50-k7,WOA,2,602028,74,1582.0
B-n50-k7,WOA,2,602028,75,1582.0
B-n50-k7,WOA,2,602028,76,1582.0
B-n50-k7,WOA,2,602028,77,1582.0
B-n50-k7,WOA,2,602028,78,1582.0
B-n50-k7,WOA,2,602028,79,1582.0
B-n50-k7,WOA,2,602028,80,1582.0
B-n50-k7,WOA,2,602028,81,1582.0
B-n50-k7,WOA,2,602028,82,1582.0
B-n50-k7,WOA,2,602028,83,1582.0
B-n50-k7,WOA,2,602028,84,1582.0
B-n50-k7,WOA,2,602028,85,1580.0
B-n50-k7,WOA,2,602028,86,1580.0
B-n50-k7,WOA,2,602028,87,1580.0
B-n50-k7,WOA,2,602028,88,1580.0
B-n50-k7,WOA,2,602028,89,1580.0
B-n50-k7,WOA,2,602028,90,1580.0
B-n50-k7,WOA,2,602028,91,1580.0
B-n50-k7,WOA,2,602028,92,1580.0
B-n50-k7,WOA,2,602028,93,1580.0
B-n50-k7,WOA,2,602028,94,1580.0
B-n50-k7,WOA,2,602028,95,1580.0
B-n50-k7,WOA,2,602028,96,1580.0
B-n50-k7,WOA,2,602028,97,1580.0
B-n50-k7,WOA,2,602028,98,1580.0
B-n50-k7,WOA,2,602028,99,1580.0
B-n50-k7,WOA,2,602028,100,1580.0
B-n50-k7,WOA,2,602028,101,1580.0
B-n50-k7,WOA,2,602028,102,1580.0
B-n50-k7,WOA,2,602028,103,1580.0
B-n50-k7,WOA,2,602028,104,1580.0
B-n50-k7,WOA,2,602028,105,1580.0
B-n50-k7,WOA,2,602028,106,1566.0
B-n50-k7,WOA,2,602028,107,1566.0
B-n50-k7,WOA,2,602028,108,1566.0
B-n50-k7,WOA,2,602028,109,1566.0
B-n50-k7,WOA,2,602028,110,1566.0
B-n50-k7,WOA,2,602028,111,1566.0
B-n50-k7,WOA,2,602028,112,1566.0
B-n50-k7,WOA,2,602028,113,1566.0
B-n50-k7,WOA,2,602028,114,1566.0
B-n50-k7,WOA,2,602028,115,1566.0
B-n50-k7,WOA,2,602028,116,1566.0
B-n50-k7,WOA,2,602028,117,1566.0
B-n50-k7,WOA,2,602028,118,1566.0
B-n50-k7,WOA,2,602028,119,1566.0
B-n50-k7,WOA,2,602028,120,1566.0
B-n50-k7,WOA,2,602028,121,1566.0
B-n50-k7,WOA,2,602028,122,1566.0
B-n50-k7,WOA,2,602028,123,1566.0
B-n50-k7,WOA,2,602028,124,1566.0
B-n50-k7,WOA,2,602028,125,1566.0
B-n50-k7,WOA,2,602028,126,1566.0
B-n50-k7,WOA,2,602028,127,1566.0
B-n50-k7,WOA,2,602028,128,1566.0
B-n50-k7,WOA,2,602028,129,1566.0
B-n50-k7,WOA,2,602028,130,1566.0
B-n50-k7,WOA,2,602028,131,1566.0
B-n50-k7,WOA,2,602028,132,1566.0
B-n50-k7,WOA,2,602028,133,1566.0
B-n50-k7,WOA,2,602028,134,1566.0
B-n50-k7,WOA,2,602028,135,1566.0
B-n50-k7,WOA,2,602028,136,1566.0
B-n50-k7,WOA,2,602028,137,1566.0
B-n50-k7,WOA,2,602028,138,1566.0
B-n50-k7,WOA,2,602028,139,1566.0
B-n50-k7,WOA,2,602028,140,1566.0
B-n50-k7,WOA,2,602028,141,1566.0
B-n50-k7,WOA,2,602028,142,1566.0
B-n50-k7,WOA,2,602028,143,1566.0
B-n50-k7,WOA,2,602028,144,1566.0
B-n50-k7,WOA,2,602028,145,1566.0
B-n50-k7,WOA,2,602028,146,1566.0
B-n50-k7,WOA,2,602028,147,1566.0
B-n50-k7,WOA,2,602028,148,1566.0
B-n50-k7,WOA,2,602028,149,1566.0
B-n50-k7,WOA,2,602028,150,1566.0
B-n50-k7,WOA,2,602028,151,1566.0
B-n50-k7,WOA,2,602028,152,1566.0
B-n50-k7,WOA,2,602028,153,1566.0
B-n50-k7,WOA,2,602028,154,1566.0
B-n50-k7,WOA,2,602028,155,1566.0
B-n50-k7,WOA,2,602028,156,1566.0
B-n50-k7,WOA,2,602028,157,1566.0
B-n50-k7,WOA,2,602028,158,1566.0
B-n50-k7,WOA,2,602028,159,1566.0
B-n50-k7,WOA,2,602028,160,1566.0
B-n50-k7,WOA,2,602028,161,1566.0
B-n50-k7,WOA,2,602028,162,1566.0
B-n50-k7,WOA,2,602028,163,1566.0
B-n50-k7,WOA,2,602028,164,1566.0
B-n50-k7,WOA,2,602028,165,1566.0
B-n50-k7,WOA,2,602028,166,1566.0
B-n50-k7,WOA,2,602028,167,1566.0
B-n50-k7,WOA,2,602028,168,1566.0
B-n50-k7,WOA,2,602028,169,1566.0
B-n50-k7,WOA,2,602028,170,1566.0
B-n50-k7,WOA,2,602028,171,1566.0
B-n50-k7,WOA,2,602028,172,1566.0
B-n50-k7,WOA,2,602028,173,1566.0
B-n50-k7,WOA,2,602028,174,1566.0
B-n50-k7,WOA,2,602028,175,1566.0
B-n50-k7,WOA,2,602028,176,1566.0
B-n50-k7,WOA,2,602028,177,1566.0
B-n50-k7,WOA,2,602028,178,1566.0
B-n50-k7,WOA,2,602028,179,1566.0
B-n50-k7,WOA,2,602028,180,1566.0
B-n50-k7,WOA,2,602028,181,1566.0
B-n50-k7,WOA,2,602028,182,1566.0
B-n50-k7,WOA,2,602028,183,1566.0
B-n50-k7,WOA,2,602028,184,1566.0
B-n50-k7,WOA,2,602028,185,1566.0
B-n50-k7,WOA,2,602028,186,1566.0
B-n50-k7,WOA,2,602028,187,1566.0
B-n50-k7,WOA,2,602028,188,1566.0
B-n50-k7,WOA,2,602028,189,1566.0
B-n50-k7,WOA,2,602028,190,1566.0
B-n50-k7,WOA,2,602028,191,1566.0
B-n50-k7,WOA,2,602028,192,1566.0
B-n50-k7,WOA,2,602028,193,1566.0
B-n50-k7,WOA,2,602028,194,1566.0
B-n50-k7,WOA,2,602028,195,1566.0
B-n50-k7,WOA,2,602028,196,1566.0
B-n50-k7,WOA,2,602028,197,1566.0
B-n50-k7,WOA,2,602028,198,1566.0
B-n50-k7,WOA,2,602028,199,1566.0
B-n50-k7,WOA,2,602028,200,1566.0
B-n50-k7,WOA,3,602029,1,2437.0
B-n50-k7,WOA,3,602029,2,2347.0
B-n50-k7,WOA,3,602029,3,2147.0
B-n50-k7,WOA,3,602029,4,2147.0
B-n50-k7,WOA,3,602029,5,2147.0
B-n50-k7,WOA,3,602029,6,2140.0
B-n50-k7,WOA,3,602029,7,2140.0
B-n50-k7,WOA,3,602029,8,2140.0
B-n50-k7,WOA,3,602029,9,2057.0
B-n50-k7,WOA,3,602029,10,2057.0
B-n50-k7,WOA,3,602029,11,2057.0
B-n50-k7,WOA,3,602029,12,2057.0
B-n50-k7,WOA,3,602029,13,2057.0
B-n50-k7,WOA,3,602029,14,2057.0
B-n50-k7,WOA,3,602029,15,2055.0
B-n50-k7,WOA,3,602029,16,2055.0
B-n50-k7,WOA,3,602029,17,2009.0
B-n50-k7,WOA,3,602029,18,2009.0
B-n50-k7,WOA,3,602029,19,1990.0
B-n50-k7,WOA,3,602029,20,1990.0
B-n50-k7,WOA,3,602029,21,1947.0
B-n50-k7,WOA,3,602029,22,1947.0
B-n50-k7,WOA,3,602029,23,1947.0
B-n50-k7,WOA,3,602029,24,1947.0
B-n50-k7,WOA,3,602029,25,1947.0
B-n50-k7,WOA,3,602029,26,1947.0
B-n50-k7,WOA,3,602029,27,1947.0
B-n50-k7,WOA,3,602029,28,1923.0
B-n50-k7,WOA,3,602029,29,1894.0
B-n50-k7,WOA,3,602029,30,1859.0
B-n50-k7,WOA,3,602029,31,1822.0
B-n50-k7,WOA,3,602029,32,1822.0
B-n50-k7,WOA,3,602029,33,1822.0
B-n50-k7,WOA,3,602029,34,1822.0
B-n50-k7,WOA,3,602029,35,1822.0
B-n50-k7,WOA,3,602029,36,1822.0
B-n50-k7,WOA,3,602029,37,1822.0
B-n50-k7,WOA,3,602029,38,1822.0
B-n50-k7,WOA,3,602029,39,1822.0
B-n50-k7,WOA,3,602029,40,1822.0
B-n50-k7,WOA,3,602029,41,1822.0
B-n50-k7,WOA,3,602029,42,1822.0
B-n50-k7,WOA,3,602029,43,1822.0
B-n50-k7,WOA,3,602029,44,1822.0
B-n50-k7,WOA,3,602029,45,1822.0
B-n50-k7,WOA,3,602029,46,1822.0
B-n50-k7,WOA,3,602029,47,1822.0
B-n50-k7,WOA,3,602029,48,1822.0
B-n50-k7,WOA,3,602029,49,1822.0
B-n50-k7,WOA,3,602029,50,1822.0
B-n50-k7,WOA,3,602029,51,1822.0
B-n50-k7,WOA,3,602029,52,1822.0
B-n50-k7,WOA,3,602029,53,1822.0
B-n50-k7,WOA,3,602029,54,1822.0
B-n50-k7,WOA,3,602029,55,1822.0
B-n50-k7,WOA,3,602029,56,1822.0
B-n50-k7,WOA,3,602029,57,1822.0
B-n50-k7,WOA,3,602029,58,1822.0
B-n50-k7,WOA,3,602029,59,1822.0
B-n50-k7,WOA,3,602029,60,1822.0
B-n50-k7,WOA,3,602029,61,1822.0
B-n50-k7,WOA,3,602029,62,1822.0
B-n50-k7,WOA,3,602029,63,1822.0
B-n50-k7,WOA,3,602029,64,1822.0
B-n50-k7,WOA,3,602029,65,1822.0
B-n50-k7,WOA,3,602029,66,1822.0
B-n50-k7,WOA,3,602029,67,1822.0
B-n50-k7,WOA,3,602029,68,1822.0
B-n50-k7,WOA,3,602029,69,1822.0
B-n50-k7,WOA,3,602029,70,1822.0
B-n50-k7,WOA,3,602029,71,1822.0
B-n50-k7,WOA,3,602029,72,1822.0
B-n50-k7,WOA,3,602029,73,1822.0
B-n50-k7,WOA,3,602029,74,1822.0
B-n50-k7,WOA,3,602029,75,1822.0
B-n50-k7,WOA,3,602029,76,1822.0
B-n50-k7,WOA,3,602029,77,1822.0
B-n50-k7,WOA,3,602029,78,1822.0
B-n50-k7,WOA,3,602029,79,1822.0
B-n50-k7,WOA,3,602029,80,1822.0
B-n50-k7,WOA,3,602029,81,1822.0
B-n50-k7,WOA,3,602029,82,1822.0
B-n50-k7,WOA,3,602029,83,1822.0
B-n50-k7,WOA,3,602029,84,1822.0
B-n50-k7,WOA,3,602029,85,1822.0
B-n50-k7,WOA,3,602029,86,1822.0
B-n50-k7,WOA,3,602029,87,1822.0
B-n50-k7,WOA,3,602029,88,1822.0
B-n50-k7,WOA,3,602029,89,1822.0
B-n50-k7,WOA,3,602029,90,1822.0
B-n50-k7,WOA,3,602029,91,1822.0
B-n50-k7,WOA,3,602029,92,1822.0
B-n50-k7,WOA,3,602029,93,1822.0
B-n50-k7,WOA,3,602029,94,1822.0
B-n50-k7,WOA,3,602029,95,1822.0
B-n50-k7,WOA,3,602029,96,1822.0
B-n50-k7,WOA,3,602029,97,1822.0
B-n50-k7,WOA,3,602029,98,1822.0
B-n50-k7,WOA,3,602029,99,1822.0
B-n50-k7,WOA,3,602029,100,1822.0
B-n50-k7,WOA,3,602029,101,1822.0
B-n50-k7,WOA,3,602029,102,1822.0
B-n50-k7,WOA,3,602029,103,1822.0
B-n50-k7,WOA,3,602029,104,1822.0
B-n50-k7,WOA,3,602029,105,1822.0
B-n50-k7,WOA,3,602029,106,1822.0
B-n50-k7,WOA,3,602029,107,1822.0
B-n50-k7,WOA,3,602029,108,1822.0
B-n50-k7,WOA,3,602029,109,1822.0
B-n50-k7,WOA,3,602029,110,1822.0
B-n50-k7,WOA,3,602029,111,1822.0
B-n50-k7,WOA,3,602029,112,1822.0
B-n50-k7,WOA,3,602029,113,1822.0
B-n50-k7,WOA,3,602029,114,1822.0
B-n50-k7,WOA,3,602029,115,1822.0
B-n50-k7,WOA,3,602029,116,1822.0
B-n50-k7,WOA,3,602029,117,1822.0
B-n50-k7,WOA,3,602029,118,1822.0
B-n50-k7,WOA,3,602029,119,1822.0
B-n50-k7,WOA,3,602029,120,1822.0
B-n50-k7,WOA,3,602029,121,1822.0
B-n50-k7,WOA,3,602029,122,1822.0
B-n50-k7,WOA,3,602029,123,1822.0
B-n50-k7,WOA,3,602029,124,1822.0
B-n50-k7,WOA,3,602029,125,1822.0
B-n50-k7,WOA,3,602029,126,1822.0
B-n50-k7,WOA,3,602029,127,1822.0
B-n50-k7,WOA,3,602029,128,1822.0
B-n50-k7,WOA,3,602029,129,1822.0
B-n50-k7,WOA,3,602029,130,1822.0
B-n50-k7,WOA,3,602029,131,1822.0
B-n50-k7,WOA,3,602029,132,1822.0
B-n50-k7,WOA,3,602029,133,1822.0
B-n50-k7,WOA,3,602029,134,1822.0
B-n50-k7,WOA,3,602029,135,1822.0
B-n50-k7,WOA,3,602029,136,1822.0
B-n50-k7,WOA,3,602029,137,1822.0
B-n50-k7,WOA,3,602029,138,1822.0
B-n50-k7,WOA,3,602029,139,1822.0
B-n50-k7,WOA,3,602029,140,1822.0
B-n50-k7,WOA,3,602029,141,1822.0
B-n50-k7,WOA,3,602029,142,1822.0
B-n50-k7,WOA,3,602029,143,1822.0
B-n50-k7,WOA,3,602029,144,1822.0
B-n50-k7,WOA,3,602029,145,1822.0
B-n50-k7,WOA,3,602029,146,1822.0
B-n50-k7,WOA,3,602029,147,1822.0
B-n50-k7,WOA,3,602029,148,1822.0
B-n50-k7,WOA,3,602029,149,1822.0
B-n50-k7,WOA,3,602029,150,1822.0
B-n50-k7,WOA,3,602029,151,1822.0
B-n50-k7,WOA,3,602029,152,1822.0
B-n50-k7,WOA,3,602029,153,1822.0
B-n50-k7,WOA,3,602029,154,1822.0
B-n50-k7,WOA,3,602029,155,1822.0
B-n50-k7,WOA,3,602029,156,1822.0
B-n50-k7,WOA,3,602029,157,1822.0
B-n50-k7,WOA,3,602029,158,1822.0
B-n50-k7,WOA,3,602029,159,1822.0
B-n50-k7,WOA,3,602029,160,1822.0
B-n50-k7,WOA,3,602029,161,1822.0
B-n50-k7,WOA,3,602029,162,1822.0
B-n50-k7,WOA,3,602029,163,1822.0
B-n50-k7,WOA,3,602029,164,1822.0
B-n50-k7,WOA,3,602029,165,1822.0
B-n50-k7,WOA,3,602029,166,1822.0
B-n50-k7,WOA,3,602029,167,1822.0
B-n50-k7,WOA,3,602029,168,1822.0
B-n50-k7,WOA,3,602029,169,1822.0
B-n50-k7,WOA,3,602029,170,1822.0
B-n50-k7,WOA,3,602029,171,1822.0
B-n50-k7,WOA,3,602029,172,1822.0
B-n50-k7,WOA,3,602029,173,1822.0
B-n50-k7,WOA,3,602029,174,1822.0
B-n50-k7,WOA,3,602029,175,1822.0
B-n50-k7,WOA,3,602029,176,1822.0
B-n50-k7,WOA,3,602029,177,1822.0
B-n50-k7,WOA,3,602029,178,1822.0
B-n50-k7,WOA,3,602029,179,1822.0
B-n50-k7,WOA,3,602029,180,1822.0
B-n50-k7,WOA,3,602029,181,1822.0
B-n50-k7,WOA,3,602029,182,1822.0
B-n50-k7,WOA,3,602029,183,1822.0
B-n50-k7,WOA,3,602029,184,1822.0
B-n50-k7,WOA,3,602029,185,1822.0
B-n50-k7,WOA,3,602029,186,1822.0
B-n50-k7,WOA,3,602029,187,1822.0
B-n50-k7,WOA,3,602029,188,1822.0
B-n50-k7,WOA,3,602029,189,1822.0
B-n50-k7,WOA,3,602029,190,1822.0
B-n50-k7,WOA,3,602029,191,1822.0
B-n50-k7,WOA,3,602029,192,1822.0
B-n50-k7,WOA,3,602029,193,1822.0
B-n50-k7,WOA,3,602029,194,1822.0
B-n50-k7,WOA,3,602029,195,1822.0
B-n50-k7,WOA,3,602029,196,1822.0
B-n50-k7,WOA,3,602029,197,1822.0
B-n50-k7,WOA,3,602029,198,1822.0
B-n50-k7,WOA,3,602029,199,1822.0
B-n50-k7,WOA,3,602029,200,1822.0
B-n50-k7,SSA,1,603027,1,2439.0
B-n50-k7,SSA,1,603027,2,2312.0
B-n50-k7,SSA,1,603027,3,2312.0
B-n50-k7,SSA,1,603027,4,2312.0
B-n50-k7,SSA,1,603027,5,2312.0
B-n50-k7,SSA,1,603027,6,2312.0
B-n50-k7,SSA,1,603027,7,2239.0
B-n50-k7,SSA,1,603027,8,2239.0
B-n50-k7,SSA,1,603027,9,2239.0
B-n50-k7,SSA,1,603027,10,2239.0
B-n50-k7,SSA,1,603027,11,2239.0
B-n50-k7,SSA,1,603027,12,2239.0
B-n50-k7,SSA,1,603027,13,2239.0
B-n50-k7,SSA,1,603027,14,2239.0
B-n50-k7,SSA,1,603027,15,2239.0
B-n50-k7,SSA,1,603027,16,2239.0
B-n50-k7,SSA,1,603027,17,2239.0
B-n50-k7,SSA,1,603027,18,2239.0
B-n50-k7,SSA,1,603027,19,2239.0
B-n50-k7,SSA,1,603027,20,2239.0
B-n50-k7,SSA,1,603027,21,2239.0
B-n50-k7,SSA,1,603027,22,2211.0
B-n50-k7,SSA,1,603027,23,2211.0
B-n50-k7,SSA,1,603027,24,2211.0
B-n50-k7,SSA,1,603027,25,2211.0
B-n50-k7,SSA,1,603027,26,2211.0
B-n50-k7,SSA,1,603027,27,2211.0
B-n50-k7,SSA,1,603027,28,2211.0
B-n50-k7,SSA,1,603027,29,2211.0
B-n50-k7,SSA,1,603027,30,2211.0
B-n50-k7,SSA,1,603027,31,2211.0
B-n50-k7,SSA,1,603027,32,2211.0
B-n50-k7,SSA,1,603027,33,2211.0
B-n50-k7,SSA,1,603027,34,2211.0
B-n50-k7,SSA,1,603027,35,2211.0
B-n50-k7,SSA,1,603027,36,2211.0
B-n50-k7,SSA,1,603027,37,2211.0
B-n50-k7,SSA,1,603027,38,2211.0
B-n50-k7,SSA,1,603027,39,2211.0
B-n50-k7,SSA,1,603027,40,2211.0
B-n50-k7,SSA,1,603027,41,2211.0
B-n50-k7,SSA,1,603027,42,2211.0
B-n50-k7,SSA,1,603027,43,2211.0
B-n50-k7,SSA,1,603027,44,2211.0
B-n50-k7,SSA,1,603027,45,2211.0
B-n50-k7,SSA,1,603027,46,2211.0
B-n50-k7,SSA,1,603027,47,2211.0
B-n50-k7,SSA,1,603027,48,2211.0
B-n50-k7,SSA,1,603027,49,2211.0
B-n50-k7,SSA,1,603027,50,2211.0
B-n50-k7,SSA,1,603027,51,2211.0
B-n50-k7,SSA,1,603027,52,2211.0
B-n50-k7,SSA,1,603027,53,2211.0
B-n50-k7,SSA,1,603027,54,2138.0
B-n50-k7,SSA,1,603027,55,2138.0
B-n50-k7,SSA,1,603027,56,2138.0
B-n50-k7,SSA,1,603027,57,2138.0
B-n50-k7,SSA,1,603027,58,2138.0
B-n50-k7,SSA,1,603027,59,2138.0
B-n50-k7,SSA,1,603027,60,2138.0
B-n50-k7,SSA,1,603027,61,2138.0
B-n50-k7,SSA,1,603027,62,2138.0
B-n50-k7,SSA,1,603027,63,2138.0
B-n50-k7,SSA,1,603027,64,2138.0
B-n50-k7,SSA,1,603027,65,2138.0
B-n50-k7,SSA,1,603027,66,2138.0
B-n50-k7,SSA,1,603027,67,2138.0
B-n50-k7,SSA,1,603027,68,2138.0
B-n50-k7,SSA,1,603027,69,2128.0
B-n50-k7,SSA,1,603027,70,2128.0
B-n50-k7,SSA,1,603027,71,2128.0
B-n50-k7,SSA,1,603027,72,2050.0
B-n50-k7,SSA,1,603027,73,2050.0
B-n50-k7,SSA,1,603027,74,2050.0
B-n50-k7,SSA,1,603027,75,2050.0
B-n50-k7,SSA,1,603027,76,2050.0
B-n50-k7,SSA,1,603027,77,1957.0
B-n50-k7,SSA,1,603027,78,1957.0
B-n50-k7,SSA,1,603027,79,1957.0
B-n50-k7,SSA,1,603027,80,1957.0
B-n50-k7,SSA,1,603027,81,1957.0
B-n50-k7,SSA,1,603027,82,1957.0
B-n50-k7,SSA,1,603027,83,1957.0
B-n50-k7,SSA,1,603027,84,1957.0
B-n50-k7,SSA,1,603027,85,1957.0
B-n50-k7,SSA,1,603027,86,1957.0
B-n50-k7,SSA,1,603027,87,1957.0
B-n50-k7,SSA,1,603027,88,1957.0
B-n50-k7,SSA,1,603027,89,1957.0
B-n50-k7,SSA,1,603027,90,1957.0
B-n50-k7,SSA,1,603027,91,1957.0
B-n50-k7,SSA,1,603027,92,1957.0
B-n50-k7,SSA,1,603027,93,1957.0
B-n50-k7,SSA,1,603027,94,1957.0
B-n50-k7,SSA,1,603027,95,1957.0
B-n50-k7,SSA,1,603027,96,1957.0
B-n50-k7,SSA,1,603027,97,1957.0
B-n50-k7,SSA,1,603027,98,1957.0
B-n50-k7,SSA,1,603027,99,1957.0
B-n50-k7,SSA,1,603027,100,1957.0
B-n50-k7,SSA,1,603027,101,1957.0
B-n50-k7,SSA,1,603027,102,1957.0
B-n50-k7,SSA,1,603027,103,1957.0
B-n50-k7,SSA,1,603027,104,1957.0
B-n50-k7,SSA,1,603027,105,1954.0
B-n50-k7,SSA,1,603027,106,1954.0
B-n50-k7,SSA,1,603027,107,1954.0
B-n50-k7,SSA,1,603027,108,1954.0
B-n50-k7,SSA,1,603027,109,1954.0
B-n50-k7,SSA,1,603027,110,1954.0
B-n50-k7,SSA,1,603027,111,1954.0
B-n50-k7,SSA,1,603027,112,1954.0
B-n50-k7,SSA,1,603027,113,1954.0
B-n50-k7,SSA,1,603027,114,1954.0
B-n50-k7,SSA,1,603027,115,1954.0
B-n50-k7,SSA,1,603027,116,1954.0
B-n50-k7,SSA,1,603027,117,1954.0
B-n50-k7,SSA,1,603027,118,1954.0
B-n50-k7,SSA,1,603027,119,1954.0
B-n50-k7,SSA,1,603027,120,1954.0
B-n50-k7,SSA,1,603027,121,1945.0
B-n50-k7,SSA,1,603027,122,1945.0
B-n50-k7,SSA,1,603027,123,1945.0
B-n50-k7,SSA,1,603027,124,1945.0
B-n50-k7,SSA,1,603027,125,1945.0
B-n50-k7,SSA,1,603027,126,1945.0
B-n50-k7,SSA,1,603027,127,1945.0
B-n50-k7,SSA,1,603027,128,1945.0
B-n50-k7,SSA,1,603027,129,1945.0
B-n50-k7,SSA,1,603027,130,1917.0
B-n50-k7,SSA,1,603027,131,1917.0
B-n50-k7,SSA,1,603027,132,1917.0
B-n50-k7,SSA,1,603027,133,1917.0
B-n50-k7,SSA,1,603027,134,1917.0
B-n50-k7,SSA,1,603027,135,1917.0
B-n50-k7,SSA,1,603027,136,1917.0
B-n50-k7,SSA,1,603027,137,1917.0
B-n50-k7,SSA,1,603027,138,1917.0
B-n50-k7,SSA,1,603027,139,1917.0
B-n50-k7,SSA,1,603027,140,1917.0
B-n50-k7,SSA,1,603027,141,1917.0
B-n50-k7,SSA,1,603027,142,1917.0
B-n50-k7,SSA,1,603027,143,1917.0
B-n50-k7,SSA,1,603027,144,1917.0
B-n50-k7,SSA,1,603027,145,1917.0
B-n50-k7,SSA,1,603027,146,1917.0
B-n50-k7,SSA,1,603027,147,1917.0
B-n50-k7,SSA,1,603027,148,1917.0
B-n50-k7,SSA,1,603027,149,1917.0
B-n50-k7,SSA,1,603027,150,1917.0
B-n50-k7,SSA,1,603027,151,1917.0
B-n50-k7,SSA,1,603027,152,1917.0
B-n50-k7,SSA,1,603027,153,1917.0
B-n50-k7,SSA,1,603027,154,1917.0
B-n50-k7,SSA,1,603027,155,1917.0
B-n50-k7,SSA,1,603027,156,1917.0
B-n50-k7,SSA,1,603027,157,1917.0
B-n50-k7,SSA,1,603027,158,1917.0
B-n50-k7,SSA,1,603027,159,1917.0
B-n50-k7,SSA,1,603027,160,1917.0
B-n50-k7,SSA,1,603027,161,1917.0
B-n50-k7,SSA,1,603027,162,1917.0
B-n50-k7,SSA,1,603027,163,1917.0
B-n50-k7,SSA,1,603027,164,1917.0
B-n50-k7,SSA,1,603027,165,1917.0
B-n50-k7,SSA,1,603027,166,1917.0
B-n50-k7,SSA,1,603027,167,1917.0
B-n50-k7,SSA,1,603027,168,1917.0
B-n50-k7,SSA,1,603027,169,1917.0
B-n50-k7,SSA,1,603027,170,1917.0
B-n50-k7,SSA,1,603027,171,1917.0
B-n50-k7,SSA,1,603027,172,1917.0
B-n50-k7,SSA,1,603027,173,1917.0
B-n50-k7,SSA,1,603027,174,1917.0
B-n50-k7,SSA,1,603027,175,1917.0
B-n50-k7,SSA,1,603027,176,1917.0
B-n50-k7,SSA,1,603027,177,1917.0
B-n50-k7,SSA,1,603027,178,1917.0
B-n50-k7,SSA,1,603027,179,1917.0
B-n50-k7,SSA,1,603027,180,1917.0
B-n50-k7,SSA,1,603027,181,1917.0
B-n50-k7,SSA,1,603027,182,1917.0
B-n50-k7,SSA,1,603027,183,1917.0
B-n50-k7,SSA,1,603027,184,1917.0
B-n50-k7,SSA,1,603027,185,1917.0
B-n50-k7,SSA,1,603027,186,1917.0
B-n50-k7,SSA,1,603027,187,1917.0
B-n50-k7,SSA,1,603027,188,1917.0
B-n50-k7,SSA,1,603027,189,1917.0
B-n50-k7,SSA,1,603027,190,1917.0
B-n50-k7,SSA,1,603027,191,1917.0
B-n50-k7,SSA,1,603027,192,1917.0
B-n50-k7,SSA,1,603027,193,1917.0
B-n50-k7,SSA,1,603027,194,1917.0
B-n50-k7,SSA,1,603027,195,1917.0
B-n50-k7,SSA,1,603027,196,1917.0
B-n50-k7,SSA,1,603027,197,1917.0
B-n50-k7,SSA,1,603027,198,1917.0
B-n50-k7,SSA,1,603027,199,1917.0
B-n50-k7,SSA,1,603027,200,1917.0
B-n50-k7,SSA,2,603028,1,2337.0
B-n50-k7,SSA,2,603028,2,2260.0
B-n50-k7,SSA,2,603028,3,2260.0
B-n50-k7,SSA,2,603028,4,2246.0
B-n50-k7,SSA,2,603028,5,2246.0
B-n50-k7,SSA,2,603028,6,2246.0
B-n50-k7,SSA,2,603028,7,2246.0
B-n50-k7,SSA,2,603028,8,2246.0
B-n50-k7,SSA,2,603028,9,2209.0
B-n50-k7,SSA,2,603028,10,2209.0
B-n50-k7,SSA,2,603028,11,2209.0
B-n50-k7,SSA,2,603028,12,2209.0
B-n50-k7,SSA,2,603028,13,2209.0
B-n50-k7,SSA,2,603028,14,2209.0
B-n50-k7,SSA,2,603028,15,2209.0
B-n50-k7,SSA,2,603028,16,2209.0
B-n50-k7,SSA,2,603028,17,2209.0
B-n50-k7,SSA,2,603028,18,2209.0
B-n50-k7,SSA,2,603028,19,2209.0
B-n50-k7,SSA,2,603028,20,2200.0
B-n50-k7,SSA,2,603028,21,2200.0
B-n50-k7,SSA,2,603028,22,2200.0
B-n50-k7,SSA,2,603028,23,2200.0
B-n50-k7,SSA,2,603028,24,2198.0
B-n50-k7,SSA,2,603028,25,2189.0
B-n50-k7,SSA,2,603028,26,2189.0
B-n50-k7,SSA,2,603028,27,2189.0
B-n50-k7,SSA,2,603028,28,2189.0
B-n50-k7,SSA,2,603028,29,2189.0
B-n50-k7,SSA,2,603028,30,2189.0
B-n50-k7,SSA,2,603028,31,2189.0
B-n50-k7,SSA,2,603028,32,2189.0
B-n50-k7,SSA,2,603028,33,2189.0
B-n50-k7,SSA,2,603028,34,2189.0
B-n50-k7,SSA,2,603028,35,2189.0
B-n50-k7,SSA,2,603028,36,2189.0
B-n50-k7,SSA,2,603028,37,2189.0
B-n50-k7,SSA,2,603028,38,2189.0
B-n50-k7,SSA,2,603028,39,2189.0
B-n50-k7,SSA,2,603028,40,2189.0
B-n50-k7,SSA,2,603028,41,2189.0
B-n50-k7,SSA,2,603028,42,2189.0
B-n50-k7,SSA,2,603028,43,2189.0
B-n50-k7,SSA,2,603028,44,2189.0
B-n50-k7,SSA,2,603028,45,2189.0
B-n50-k7,SSA,2,603028,46,2189.0
B-n50-k7,SSA,2,603028,47,2189.0
B-n50-k7,SSA,2,603028,48,2189.0
B-n50-k7,SSA,2,603028,49,2189.0
B-n50-k7,SSA,2,603028,50,2189.0
B-n50-k7,SSA,2,603028,51,2189.0
B-n50-k7,SSA,2,603028,52,2189.0
B-n50-k7,SSA,2,603028,53,2189.0
B-n50-k7,SSA,2,603028,54,2189.0
B-n50-k7,SSA,2,603028,55,2189.0
B-n50-k7,SSA,2,603028,56,2066.0
B-n50-k7,SSA,2,603028,57,2066.0
B-n50-k7,SSA,2,603028,58,2066.0
B-n50-k7,SSA,2,603028,59,2066.0
B-n50-k7,SSA,2,603028,60,2066.0
B-n50-k7,SSA,2,603028,61,2066.0
B-n50-k7,SSA,2,603028,62,2066.0
B-n50-k7,SSA,2,603028,63,2066.0
B-n50-k7,SSA,2,603028,64,2066.0
B-n50-k7,SSA,2,603028,65,2066.0
B-n50-k7,SSA,2,603028,66,2066.0
B-n50-k7,SSA,2,603028,67,2066.0
B-n50-k7,SSA,2,603028,68,2066.0
B-n50-k7,SSA,2,603028,69,2066.0
B-n50-k7,SSA,2,603028,70,2066.0
B-n50-k7,SSA,2,603028,71,2066.0
B-n50-k7,SSA,2,603028,72,2066.0
B-n50-k7,SSA,2,603028,73,2066.0
B-n50-k7,SSA,2,603028,74,2066.0
B-n50-k7,SSA,2,603028,75,2066.0
B-n50-k7,SSA,2,603028,76,2066.0
B-n50-k7,SSA,2,603028,77,2066.0
B-n50-k7,SSA,2,603028,78,2066.0
B-n50-k7,SSA,2,603028,79,2066.0
B-n50-k7,SSA,2,603028,80,2066.0
B-n50-k7,SSA,2,603028,81,2066.0
B-n50-k7,SSA,2,603028,82,2066.0
B-n50-k7,SSA,2,603028,83,2066.0
B-n50-k7,SSA,2,603028,84,2066.0
B-n50-k7,SSA,2,603028,85,2066.0
B-n50-k7,SSA,2,603028,86,2066.0
B-n50-k7,SSA,2,603028,87,2066.0
B-n50-k7,SSA,2,603028,88,2066.0
B-n50-k7,SSA,2,603028,89,2066.0
B-n50-k7,SSA,2,603028,90,2066.0
B-n50-k7,SSA,2,603028,91,2066.0
B-n50-k7,SSA,2,603028,92,2066.0
B-n50-k7,SSA,2,603028,93,2066.0
B-n50-k7,SSA,2,603028,94,2066.0
B-n50-k7,SSA,2,603028,95,2066.0
B-n50-k7,SSA,2,603028,96,2066.0
B-n50-k7,SSA,2,603028,97,2066.0
B-n50-k7,SSA,2,603028,98,2066.0
B-n50-k7,SSA,2,603028,99,2066.0
B-n50-k7,SSA,2,603028,100,2066.0
B-n50-k7,SSA,2,603028,101,2066.0
B-n50-k7,SSA,2,603028,102,2066.0
B-n50-k7,SSA,2,603028,103,2066.0
B-n50-k7,SSA,2,603028,104,2066.0
B-n50-k7,SSA,2,603028,105,2066.0
B-n50-k7,SSA,2,603028,106,2066.0
B-n50-k7,SSA,2,603028,107,2066.0
B-n50-k7,SSA,2,603028,108,2066.0
B-n50-k7,SSA,2,603028,109,2066.0
B-n50-k7,SSA,2,603028,110,2066.0
B-n50-k7,SSA,2,603028,111,2066.0
B-n50-k7,SSA,2,603028,112,2066.0
B-n50-k7,SSA,2,603028,113,2066.0
B-n50-k7,SSA,2,603028,114,2066.0
B-n50-k7,SSA,2,603028,115,2066.0
B-n50-k7,SSA,2,603028,116,1999.0
B-n50-k7,SSA,2,603028,117,1999.0
B-n50-k7,SSA,2,603028,118,1999.0
B-n50-k7,SSA,2,603028,119,1986.0
B-n50-k7,SSA,2,603028,120,1986.0
B-n50-k7,SSA,2,603028,121,1986.0
B-n50-k7,SSA,2,603028,122,1986.0
B-n50-k7,SSA,2,603028,123,1986.0
B-n50-k7,SSA,2,603028,124,1986.0
B-n50-k7,SSA,2,603028,125,1986.0
B-n50-k7,SSA,2,603028,126,1986.0
B-n50-k7,SSA,2,603028,127,1986.0
B-n50-k7,SSA,2,603028,128,1986.0
B-n50-k7,SSA,2,603028,129,1986.0
B-n50-k7,SSA,2,603028,130,1986.0
B-n50-k7,SSA,2,603028,131,1986.0
B-n50-k7,SSA,2,603028,132,1986.0
B-n50-k7,SSA,2,603028,133,1986.0
B-n50-k7,SSA,2,603028,134,1986.0
B-n50-k7,SSA,2,603028,135,1986.0
B-n50-k7,SSA,2,603028,136,1986.0
B-n50-k7,SSA,2,603028,137,1986.0
B-n50-k7,SSA,2,603028,138,1986.0
B-n50-k7,SSA,2,603028,139,1986.0
B-n50-k7,SSA,2,603028,140,1986.0
B-n50-k7,SSA,2,603028,141,1986.0
B-n50-k7,SSA,2,603028,142,1986.0
B-n50-k7,SSA,2,603028,143,1986.0
B-n50-k7,SSA,2,603028,144,1986.0
B-n50-k7,SSA,2,603028,145,1986.0
B-n50-k7,SSA,2,603028,146,1986.0
B-n50-k7,SSA,2,603028,147,1986.0
B-n50-k7,SSA,2,603028,148,1986.0
B-n50-k7,SSA,2,603028,149,1986.0
B-n50-k7,SSA,2,603028,150,1986.0
B-n50-k7,SSA,2,603028,151,1986.0
B-n50-k7,SSA,2,603028,152,1986.0
B-n50-k7,SSA,2,603028,153,1986.0
B-n50-k7,SSA,2,603028,154,1986.0
B-n50-k7,SSA,2,603028,155,1986.0
B-n50-k7,SSA,2,603028,156,1986.0
B-n50-k7,SSA,2,603028,157,1986.0
B-n50-k7,SSA,2,603028,158,1986.0
B-n50-k7,SSA,2,603028,159,1986.0
B-n50-k7,SSA,2,603028,160,1986.0
B-n50-k7,SSA,2,603028,161,1986.0
B-n50-k7,SSA,2,603028,162,1986.0
B-n50-k7,SSA,2,603028,163,1986.0
B-n50-k7,SSA,2,603028,164,1986.0
B-n50-k7,SSA,2,603028,165,1986.0
B-n50-k7,SSA,2,603028,166,1986.0
B-n50-k7,SSA,2,603028,167,1986.0
B-n50-k7,SSA,2,603028,168,1986.0
B-n50-k7,SSA,2,603028,169,1986.0
B-n50-k7,SSA,2,603028,170,1986.0
B-n50-k7,SSA,2,603028,171,1986.0
B-n50-k7,SSA,2,603028,172,1986.0
B-n50-k7,SSA,2,603028,173,1986.0
B-n50-k7,SSA,2,603028,174,1986.0
B-n50-k7,SSA,2,603028,175,1986.0
B-n50-k7,SSA,2,603028,176,1986.0
B-n50-k7,SSA,2,603028,177,1986.0
B-n50-k7,SSA,2,603028,178,1986.0
B-n50-k7,SSA,2,603028,179,1986.0
B-n50-k7,SSA,2,603028,180,1986.0
B-n50-k7,SSA,2,603028,181,1986.0
B-n50-k7,SSA,2,603028,182,1986.0
B-n50-k7,SSA,2,603028,183,1986.0
B-n50-k7,SSA,2,603028,184,1986.0
B-n50-k7,SSA,2,603028,185,1986.0
B-n50-k7,SSA,2,603028,186,1986.0
B-n50-k7,SSA,2,603028,187,1986.0
B-n50-k7,SSA,2,603028,188,1986.0
B-n50-k7,SSA,2,603028,189,1986.0
B-n50-k7,SSA,2,603028,190,1986.0
B-n50-k7,SSA,2,603028,191,1986.0
B-n50-k7,SSA,2,603028,192,1986.0
B-n50-k7,SSA,2,603028,193,1986.0
B-n50-k7,SSA,2,603028,194,1986.0
B-n50-k7,SSA,2,603028,195,1986.0
B-n50-k7,SSA,2,603028,196,1986.0
B-n50-k7,SSA,2,603028,197,1986.0
B-n50-k7,SSA,2,603028,198,1986.0
B-n50-k7,SSA,2,603028,199,1986.0
B-n50-k7,SSA,2,603028,200,1986.0
B-n50-k7,SSA,3,603029,1,2417.0
B-n50-k7,SSA,3,603029,2,2313.0
B-n50-k7,SSA,3,603029,3,2287.0
B-n50-k7,SSA,3,603029,4,2287.0
B-n50-k7,SSA,3,603029,5,2287.0
B-n50-k7,SSA,3,603029,6,2287.0
B-n50-k7,SSA,3,603029,7,2287.0
B-n50-k7,SSA,3,603029,8,2287.0
B-n50-k7,SSA,3,603029,9,2287.0
B-n50-k7,SSA,3,603029,10,2287.0
B-n50-k7,SSA,3,603029,11,2287.0
B-n50-k7,SSA,3,603029,12,2287.0
B-n50-k7,SSA,3,603029,13,2287.0
B-n50-k7,SSA,3,603029,14,2287.0
B-n50-k7,SSA,3,603029,15,2258.0
B-n50-k7,SSA,3,603029,16,2258.0
B-n50-k7,SSA,3,603029,17,2258.0
B-n50-k7,SSA,3,603029,18,2258.0
B-n50-k7,SSA,3,603029,19,2254.0
B-n50-k7,SSA,3,603029,20,2254.0
B-n50-k7,SSA,3,603029,21,2254.0
B-n50-k7,SSA,3,603029,22,2254.0
B-n50-k7,SSA,3,603029,23,2254.0
B-n50-k7,SSA,3,603029,24,2254.0
B-n50-k7,SSA,3,603029,25,2254.0
B-n50-k7,SSA,3,603029,26,2254.0
B-n50-k7,SSA,3,603029,27,2177.0
B-n50-k7,SSA,3,603029,28,2177.0
B-n50-k7,SSA,3,603029,29,2177.0
B-n50-k7,SSA,3,603029,30,2177.0
B-n50-k7,SSA,3,603029,31,2177.0
B-n50-k7,SSA,3,603029,32,2177.0
B-n50-k7,SSA,3,603029,33,2177.0
B-n50-k7,SSA,3,603029,34,2177.0
B-n50-k7,SSA,3,603029,35,2177.0
B-n50-k7,SSA,3,603029,36,2177.0
B-n50-k7,SSA,3,603029,37,2177.0
B-n50-k7,SSA,3,603029,38,2177.0
B-n50-k7,SSA,3,603029,39,2177.0
B-n50-k7,SSA,3,603029,40,2177.0
B-n50-k7,SSA,3,603029,41,2177.0
B-n50-k7,SSA,3,603029,42,1995.0
B-n50-k7,SSA,3,603029,43,1995.0
B-n50-k7,SSA,3,603029,44,1995.0
B-n50-k7,SSA,3,603029,45,1995.0
B-n50-k7,SSA,3,603029,46,1995.0
B-n50-k7,SSA,3,603029,47,1995.0
B-n50-k7,SSA,3,603029,48,1995.0
B-n50-k7,SSA,3,603029,49,1995.0
B-n50-k7,SSA,3,603029,50,1995.0
B-n50-k7,SSA,3,603029,51,1995.0
B-n50-k7,SSA,3,603029,52,1995.0
B-n50-k7,SSA,3,603029,53,1995.0
B-n50-k7,SSA,3,603029,54,1995.0
B-n50-k7,SSA,3,603029,55,1995.0
B-n50-k7,SSA,3,603029,56,1995.0
B-n50-k7,SSA,3,603029,57,1995.0
B-n50-k7,SSA,3,603029,58,1995.0
B-n50-k7,SSA,3,603029,59,1995.0
B-n50-k7,SSA,3,603029,60,1995.0
B-n50-k7,SSA,3,603029,61,1995.0
B-n50-k7,SSA,3,603029,62,1995.0
B-n50-k7,SSA,3,603029,63,1995.0
B-n50-k7,SSA,3,603029,64,1995.0
B-n50-k7,SSA,3,603029,65,1995.0
B-n50-k7,SSA,3,603029,66,1995.0
B-n50-k7,SSA,3,603029,67,1995.0
B-n50-k7,SSA,3,603029,68,1995.0
B-n50-k7,SSA,3,603029,69,1995.0
B-n50-k7,SSA,3,603029,70,1995.0
B-n50-k7,SSA,3,603029,71,1995.0
B-n50-k7,SSA,3,603029,72,1995.0
B-n50-k7,SSA,3,603029,73,1995.0
B-n50-k7,SSA,3,603029,74,1995.0
B-n50-k7,SSA,3,603029,75,1995.0
B-n50-k7,SSA,3,603029,76,1995.0
B-n50-k7,SSA,3,603029,77,1995.0
B-n50-k7,SSA,3,603029,78,1995.0
B-n50-k7,SSA,3,603029,79,1995.0
B-n50-k7,SSA,3,603029,80,1995.0
B-n50-k7,SSA,3,603029,81,1995.0
B-n50-k7,SSA,3,603029,82,1995.0
B-n50-k7,SSA,3,603029,83,1995.0
B-n50-k7,SSA,3,603029,84,1995.0
B-n50-k7,SSA,3,603029,85,1995.0
B-n50-k7,SSA,3,603029,86,1995.0
B-n50-k7,SSA,3,603029,87,1995.0
B-n50-k7,SSA,3,603029,88,1995.0
B-n50-k7,SSA,3,603029,89,1995.0
B-n50-k7,SSA,3,603029,90,1995.0
B-n50-k7,SSA,3,603029,91,1995.0
B-n50-k7,SSA,3,603029,92,1995.0
B-n50-k7,SSA,3,603029,93,1995.0
B-n50-k7,SSA,3,603029,94,1995.0
B-n50-k7,SSA,3,603029,95,1995.0
B-n50-k7,SSA,3,603029,96,1995.0
B-n50-k7,SSA,3,603029,97,1995.0
B-n50-k7,SSA,3,603029,98,1995.0
B-n50-k7,SSA,3,603029,99,1995.0
B-n50-k7,SSA,3,603029,100,1995.0
B-n50-k7,SSA,3,603029,101,1995.0
B-n50-k7,SSA,3,603029,102,1995.0
B-n50-k7,SSA,3,603029,103,1995.0
B-n50-k7,SSA,3,603029,104,1995.0
B-n50-k7,SSA,3,603029,105,1885.0
B-n50-k7,SSA,3,603029,106,1885.0
B-n50-k7,SSA,3,603029,107,1885.0
B-n50-k7,SSA,3,603029,108,1885.0
B-n50-k7,SSA,3,603029,109,1885.0
B-n50-k7,SSA,3,603029,110,1885.0
B-n50-k7,SSA,3,603029,111,1885.0
B-n50-k7,SSA,3,603029,112,1885.0
B-n50-k7,SSA,3,603029,113,1885.0
B-n50-k7,SSA,3,603029,114,1885.0
B-n50-k7,SSA,3,603029,115,1885.0
B-n50-k7,SSA,3,603029,116,1885.0
B-n50-k7,SSA,3,603029,117,1885.0
B-n50-k7,SSA,3,603029,118,1885.0
B-n50-k7,SSA,3,603029,119,1881.0
B-n50-k7,SSA,3,603029,120,1876.0
B-n50-k7,SSA,3,603029,121,1876.0
B-n50-k7,SSA,3,603029,122,1866.0
B-n50-k7,SSA,3,603029,123,1866.0
B-n50-k7,SSA,3,603029,124,1866.0
B-n50-k7,SSA,3,603029,125,1866.0
B-n50-k7,SSA,3,603029,126,1815.0
B-n50-k7,SSA,3,603029,127,1815.0
B-n50-k7,SSA,3,603029,128,1815.0
B-n50-k7,SSA,3,603029,129,1815.0
B-n50-k7,SSA,3,603029,130,1815.0
B-n50-k7,SSA,3,603029,131,1815.0
B-n50-k7,SSA,3,603029,132,1815.0
B-n50-k7,SSA,3,603029,133,1815.0
B-n50-k7,SSA,3,603029,134,1815.0
B-n50-k7,SSA,3,603029,135,1815.0
B-n50-k7,SSA,3,603029,136,1815.0
B-n50-k7,SSA,3,603029,137,1815.0
B-n50-k7,SSA,3,603029,138,1815.0
B-n50-k7,SSA,3,603029,139,1815.0
B-n50-k7,SSA,3,603029,140,1815.0
B-n50-k7,SSA,3,603029,141,1815.0
B-n50-k7,SSA,3,603029,142,1815.0
B-n50-k7,SSA,3,603029,143,1815.0
B-n50-k7,SSA,3,603029,144,1815.0
B-n50-k7,SSA,3,603029,145,1815.0
B-n50-k7,SSA,3,603029,146,1815.0
B-n50-k7,SSA,3,603029,147,1815.0
B-n50-k7,SSA,3,603029,148,1815.0
B-n50-k7,SSA,3,603029,149,1815.0
B-n50-k7,SSA,3,603029,150,1815.0
B-n50-k7,SSA,3,603029,151,1815.0
B-n50-k7,SSA,3,603029,152,1815.0
B-n50-k7,SSA,3,603029,153,1815.0
B-n50-k7,SSA,3,603029,154,1815.0
B-n50-k7,SSA,3,603029,155,1815.0
B-n50-k7,SSA,3,603029,156,1815.0
B-n50-k7,SSA,3,603029,157,1815.0
B-n50-k7,SSA,3,603029,158,1815.0
B-n50-k7,SSA,3,603029,159,1815.0
B-n50-k7,SSA,3,603029,160,1815.0
B-n50-k7,SSA,3,603029,161,1815.0
B-n50-k7,SSA,3,603029,162,1815.0
B-n50-k7,SSA,3,603029,163,1815.0
B-n50-k7,SSA,3,603029,164,1815.0
B-n50-k7,SSA,3,603029,165,1815.0
B-n50-k7,SSA,3,603029,166,1815.0
B-n50-k7,SSA,3,603029,167,1815.0
B-n50-k7,SSA,3,603029,168,1815.0
B-n50-k7,SSA,3,603029,169,1815.0
B-n50-k7,SSA,3,603029,170,1815.0
B-n50-k7,SSA,3,603029,171,1815.0
B-n50-k7,SSA,3,603029,172,1815.0
B-n50-k7,SSA,3,603029,173,1815.0
B-n50-k7,SSA,3,603029,174,1815.0
B-n50-k7,SSA,3,603029,175,1815.0
B-n50-k7,SSA,3,603029,176,1815.0
B-n50-k7,SSA,3,603029,177,1815.0
B-n50-k7,SSA,3,603029,178,1815.0
B-n50-k7,SSA,3,603029,179,1815.0
B-n50-k7,SSA,3,603029,180,1815.0
B-n50-k7,SSA,3,603029,181,1815.0
B-n50-k7,SSA,3,603029,182,1815.0
B-n50-k7,SSA,3,603029,183,1815.0
B-n50-k7,SSA,3,603029,184,1815.0
B-n50-k7,SSA,3,603029,185,1815.0
B-n50-k7,SSA,3,603029,186,1815.0
B-n50-k7,SSA,3,603029,187,1815.0
B-n50-k7,SSA,3,603029,188,1815.0
B-n50-k7,SSA,3,603029,189,1815.0
B-n50-k7,SSA,3,603029,190,1815.0
B-n50-k7,SSA,3,603029,191,1815.0
B-n50-k7,SSA,3,603029,192,1815.0
B-n50-k7,SSA,3,603029,193,1815.0
B-n50-k7,SSA,3,603029,194,1815.0
B-n50-k7,SSA,3,603029,195,1815.0
B-n50-k7,SSA,3,603029,196,1815.0
B-n50-k7,SSA,3,603029,197,1815.0
B-n50-k7,SSA,3,603029,198,1815.0
B-n50-k7,SSA,3,603029,199,1815.0
B-n50-k7,SSA,3,603029,200,1815.0
B-n50-k7,M-WOA,1,604027,1,1446.0
B-n50-k7,M-WOA,1,604027,2,1268.0
B-n50-k7,M-WOA,1,604027,3,1154.0
B-n50-k7,M-WOA,1,604027,4,1098.0
B-n50-k7,M-WOA,1,604027,5,925.0
B-n50-k7,M-WOA,1,604027,6,925.0
B-n50-k7,M-WOA,1,604027,7,925.0
B-n50-k7,M-WOA,1,604027,8,925.0
B-n50-k7,M-WOA,1,604027,9,925.0
B-n50-k7,M-WOA,1,604027,10,925.0
B-n50-k7,M-WOA,1,604027,11,925.0
B-n50-k7,M-WOA,1,604027,12,925.0
B-n50-k7,M-WOA,1,604027,13,925.0
B-n50-k7,M-WOA,1,604027,14,925.0
B-n50-k7,M-WOA,1,604027,15,925.0
B-n50-k7,M-WOA,1,604027,16,925.0
B-n50-k7,M-WOA,1,604027,17,925.0
B-n50-k7,M-WOA,1,604027,18,925.0
B-n50-k7,M-WOA,1,604027,19,925.0
B-n50-k7,M-WOA,1,604027,20,925.0
B-n50-k7,M-WOA,1,604027,21,925.0
B-n50-k7,M-WOA,1,604027,22,925.0
B-n50-k7,M-WOA,1,604027,23,925.0
B-n50-k7,M-WOA,1,604027,24,925.0
B-n50-k7,M-WOA,1,604027,25,925.0
B-n50-k7,M-WOA,1,604027,26,925.0
B-n50-k7,M-WOA,1,604027,27,925.0
B-n50-k7,M-WOA,1,604027,28,925.0
B-n50-k7,M-WOA,1,604027,29,925.0
B-n50-k7,M-WOA,1,604027,30,925.0
B-n50-k7,M-WOA,1,604027,31,925.0
B-n50-k7,M-WOA,1,604027,32,925.0
B-n50-k7,M-WOA,1,604027,33,925.0
B-n50-k7,M-WOA,1,604027,34,925.0
B-n50-k7,M-WOA,1,604027,35,925.0
B-n50-k7,M-WOA,1,604027,36,925.0
B-n50-k7,M-WOA,1,604027,37,925.0
B-n50-k7,M-WOA,1,604027,38,925.0
B-n50-k7,M-WOA,1,604027,39,925.0
B-n50-k7,M-WOA,1,604027,40,925.0
B-n50-k7,M-WOA,1,604027,41,925.0
B-n50-k7,M-WOA,1,604027,42,925.0
B-n50-k7,M-WOA,1,604027,43,925.0
B-n50-k7,M-WOA,1,604027,44,925.0
B-n50-k7,M-WOA,1,604027,45,925.0
B-n50-k7,M-WOA,1,604027,46,925.0
B-n50-k7,M-WOA,1,604027,47,925.0
B-n50-k7,M-WOA,1,604027,48,925.0
B-n50-k7,M-WOA,1,604027,49,925.0
B-n50-k7,M-WOA,1,604027,50,925.0
B-n50-k7,M-WOA,1,604027,51,925.0
B-n50-k7,M-WOA,1,604027,52,925.0
B-n50-k7,M-WOA,1,604027,53,925.0
B-n50-k7,M-WOA,1,604027,54,925.0
B-n50-k7,M-WOA,1,604027,55,925.0
B-n50-k7,M-WOA,1,604027,56,925.0
B-n50-k7,M-WOA,1,604027,57,925.0
B-n50-k7,M-WOA,1,604027,58,925.0
B-n50-k7,M-WOA,1,604027,59,914.0
B-n50-k7,M-WOA,1,604027,60,871.0
B-n50-k7,M-WOA,1,604027,61,871.0
B-n50-k7,M-WOA,1,604027,62,871.0
B-n50-k7,M-WOA,1,604027,63,871.0
B-n50-k7,M-WOA,1,604027,64,871.0
B-n50-k7,M-WOA,1,604027,65,871.0
B-n50-k7,M-WOA,1,604027,66,871.0
B-n50-k7,M-WOA,1,604027,67,871.0
B-n50-k7,M-WOA,1,604027,68,871.0
B-n50-k7,M-WOA,1,604027,69,871.0
B-n50-k7,M-WOA,1,604027,70,871.0
B-n50-k7,M-WOA,1,604027,71,871.0
B-n50-k7,M-WOA,1,604027,72,871.0
B-n50-k7,M-WOA,1,604027,73,871.0
B-n50-k7,M-WOA,1,604027,74,871.0
B-n50-k7,M-WOA,1,604027,75,871.0
B-n50-k7,M-WOA,1,604027,76,871.0
B-n50-k7,M-WOA,1,604027,77,871.0
B-n50-k7,M-WOA,1,604027,78,871.0
B-n50-k7,M-WOA,1,604027,79,871.0
B-n50-k7,M-WOA,1,604027,80,871.0
B-n50-k7,M-WOA,1,604027,81,871.0
B-n50-k7,M-WOA,1,604027,82,871.0
B-n50-k7,M-WOA,1,604027,83,871.0
B-n50-k7,M-WOA,1,604027,84,871.0
B-n50-k7,M-WOA,1,604027,85,871.0
B-n50-k7,M-WOA,1,604027,86,871.0
B-n50-k7,M-WOA,1,604027,87,871.0
B-n50-k7,M-WOA,1,604027,88,871.0
B-n50-k7,M-WOA,1,604027,89,871.0
B-n50-k7,M-WOA,1,604027,90,871.0
B-n50-k7,M-WOA,1,604027,91,871.0
B-n50-k7,M-WOA,1,604027,92,871.0
B-n50-k7,M-WOA,1,604027,93,871.0
B-n50-k7,M-WOA,1,604027,94,871.0
B-n50-k7,M-WOA,1,604027,95,871.0
B-n50-k7,M-WOA,1,604027,96,871.0
B-n50-k7,M-WOA,1,604027,97,871.0
B-n50-k7,M-WOA,1,604027,98,871.0
B-n50-k7,M-WOA,1,604027,99,871.0
B-n50-k7,M-WOA,1,604027,100,871.0
B-n50-k7,M-WOA,1,604027,101,871.0
B-n50-k7,M-WOA,1,604027,102,871.0
B-n50-k7,M-WOA,1,604027,103,871.0
B-n50-k7,M-WOA,1,604027,104,871.0
B-n50-k7,M-WOA,1,604027,105,871.0
B-n50-k7,M-WOA,1,604027,106,871.0
B-n50-k7,M-WOA,1,604027,107,871.0
B-n50-k7,M-WOA,1,604027,108,871.0
B-n50-k7,M-WOA,1,604027,109,871.0
B-n50-k7,M-WOA,1,604027,110,871.0
B-n50-k7,M-WOA,1,604027,111,871.0
B-n50-k7,M-WOA,1,604027,112,871.0
B-n50-k7,M-WOA,1,604027,113,871.0
B-n50-k7,M-WOA,1,604027,114,871.0
B-n50-k7,M-WOA,1,604027,115,871.0
B-n50-k7,M-WOA,1,604027,116,871.0
B-n50-k7,M-WOA,1,604027,117,871.0
B-n50-k7,M-WOA,1,604027,118,871.0
B-n50-k7,M-WOA,1,604027,119,871.0
B-n50-k7,M-WOA,1,604027,120,871.0
B-n50-k7,M-WOA,1,604027,121,871.0
B-n50-k7,M-WOA,1,604027,122,871.0
B-n50-k7,M-WOA,1,604027,123,871.0
B-n50-k7,M-WOA,1,604027,124,871.0
B-n50-k7,M-WOA,1,604027,125,871.0
B-n50-k7,M-WOA,1,604027,126,871.0
B-n50-k7,M-WOA,1,604027,127,871.0
B-n50-k7,M-WOA,1,604027,128,871.0
B-n50-k7,M-WOA,1,604027,129,871.0
B-n50-k7,M-WOA,1,604027,130,871.0
B-n50-k7,M-WOA,1,604027,131,871.0
B-n50-k7,M-WOA,1,604027,132,871.0
B-n50-k7,M-WOA,1,604027,133,871.0
B-n50-k7,M-WOA,1,604027,134,871.0
B-n50-k7,M-WOA,1,604027,135,871.0
B-n50-k7,M-WOA,1,604027,136,871.0
B-n50-k7,M-WOA,1,604027,137,871.0
B-n50-k7,M-WOA,1,604027,138,871.0
B-n50-k7,M-WOA,1,604027,139,871.0
B-n50-k7,M-WOA,1,604027,140,871.0
B-n50-k7,M-WOA,1,604027,141,871.0
B-n50-k7,M-WOA,1,604027,142,871.0
B-n50-k7,M-WOA,1,604027,143,871.0
B-n50-k7,M-WOA,1,604027,144,871.0
B-n50-k7,M-WOA,1,604027,145,871.0
B-n50-k7,M-WOA,1,604027,146,871.0
B-n50-k7,M-WOA,1,604027,147,871.0
B-n50-k7,M-WOA,1,604027,148,871.0
B-n50-k7,M-WOA,1,604027,149,871.0
B-n50-k7,M-WOA,1,604027,150,871.0
B-n50-k7,M-WOA,1,604027,151,871.0
B-n50-k7,M-WOA,1,604027,152,871.0
B-n50-k7,M-WOA,1,604027,153,871.0
B-n50-k7,M-WOA,1,604027,154,871.0
B-n50-k7,M-WOA,1,604027,155,871.0
B-n50-k7,M-WOA,1,604027,156,871.0
B-n50-k7,M-WOA,1,604027,157,871.0
B-n50-k7,M-WOA,1,604027,158,871.0
B-n50-k7,M-WOA,1,604027,159,871.0
B-n50-k7,M-WOA,1,604027,160,871.0
B-n50-k7,M-WOA,1,604027,161,871.0
B-n50-k7,M-WOA,1,604027,162,871.0
B-n50-k7,M-WOA,1,604027,163,871.0
B-n50-k7,M-WOA,1,604027,164,871.0
B-n50-k7,M-WOA,1,604027,165,871.0
B-n50-k7,M-WOA,1,604027,166,871.0
B-n50-k7,M-WOA,1,604027,167,871.0
B-n50-k7,M-WOA,1,604027,168,871.0
B-n50-k7,M-WOA,1,604027,169,871.0
B-n50-k7,M-WOA,1,604027,170,871.0
B-n50-k7,M-WOA,1,604027,171,871.0
B-n50-k7,M-WOA,1,604027,172,871.0
B-n50-k7,M-WOA,1,604027,173,871.0
B-n50-k7,M-WOA,1,604027,174,871.0
B-n50-k7,M-WOA,1,604027,175,871.0
B-n50-k7,M-WOA,1,604027,176,871.0
B-n50-k7,M-WOA,1,604027,177,871.0
B-n50-k7,M-WOA,1,604027,178,871.0
B-n50-k7,M-WOA,1,604027,179,871.0
B-n50-k7,M-WOA,1,604027,180,871.0
B-n50-k7,M-WOA,1,604027,181,871.0
B-n50-k7,M-WOA,1,604027,182,871.0
B-n50-k7,M-WOA,1,604027,183,871.0
B-n50-k7,M-WOA,1,604027,184,871.0
B-n50-k7,M-WOA,1,604027,185,871.0
B-n50-k7,M-WOA,1,604027,186,871.0
B-n50-k7,M-WOA,1,604027,187,871.0
B-n50-k7,M-WOA,1,604027,188,871.0
B-n50-k7,M-WOA,1,604027,189,871.0
B-n50-k7,M-WOA,1,604027,190,871.0
B-n50-k7,M-WOA,1,604027,191,871.0
B-n50-k7,M-WOA,1,604027,192,871.0
B-n50-k7,M-WOA,1,604027,193,871.0
B-n50-k7,M-WOA,1,604027,194,871.0
B-n50-k7,M-WOA,1,604027,195,871.0
B-n50-k7,M-WOA,1,604027,196,871.0
B-n50-k7,M-WOA,1,604027,197,871.0
B-n50-k7,M-WOA,1,604027,198,871.0
B-n50-k7,M-WOA,1,604027,199,871.0
B-n50-k7,M-WOA,1,604027,200,871.0
B-n50-k7,M-WOA,2,604028,1,1401.0
B-n50-k7,M-WOA,2,604028,2,1317.0
B-n50-k7,M-WOA,2,604028,3,1189.0
B-n50-k7,M-WOA,2,604028,4,1151.0
B-n50-k7,M-WOA,2,604028,5,1151.0
B-n50-k7,M-WOA,2,604028,6,1151.0
B-n50-k7,M-WOA,2,604028,7,1151.0
B-n50-k7,M-WOA,2,604028,8,1151.0
B-n50-k7,M-WOA,2,604028,9,1151.0
B-n50-k7,M-WOA,2,604028,10,1151.0
B-n50-k7,M-WOA,2,604028,11,1151.0
B-n50-k7,M-WOA,2,604028,12,1151.0
B-n50-k7,M-WOA,2,604028,13,1151.0
B-n50-k7,M-WOA,2,604028,14,1124.0
B-n50-k7,M-WOA,2,604028,15,1124.0
B-n50-k7,M-WOA,2,604028,16,1088.0
B-n50-k7,M-WOA,2,604028,17,1088.0
B-n50-k7,M-WOA,2,604028,18,1083.0
B-n50-k7,M-WOA,2,604028,19,1083.0
B-n50-k7,M-WOA,2,604028,20,1083.0
B-n50-k7,M-WOA,2,604028,21,1083.0
B-n50-k7,M-WOA,2,604028,22,970.0
B-n50-k7,M-WOA,2,604028,23,970.0
B-n50-k7,M-WOA,2,604028,24,963.0
B-n50-k7,M-WOA,2,604028,25,963.0
B-n50-k7,M-WOA,2,604028,26,963.0
B-n50-k7,M-WOA,2,604028,27,963.0
B-n50-k7,M-WOA,2,604028,28,963.0
B-n50-k7,M-WOA,2,604028,29,963.0
B-n50-k7,M-WOA,2,604028,30,963.0
B-n50-k7,M-WOA,2,604028,31,963.0
B-n50-k7,M-WOA,2,604028,32,963.0
B-n50-k7,M-WOA,2,604028,33,963.0
B-n50-k7,M-WOA,2,604028,34,963.0
B-n50-k7,M-WOA,2,604028,35,963.0
B-n50-k7,M-WOA,2,604028,36,963.0
B-n50-k7,M-WOA,2,604028,37,963.0
B-n50-k7,M-WOA,2,604028,38,963.0
B-n50-k7,M-WOA,2,604028,39,963.0
B-n50-k7,M-WOA,2,604028,40,959.0
B-n50-k7,M-WOA,2,604028,41,959.0
B-n50-k7,M-WOA,2,604028,42,878.0
B-n50-k7,M-WOA,2,604028,43,832.0
B-n50-k7,M-WOA,2,604028,44,832.0
B-n50-k7,M-WOA,2,604028,45,832.0
B-n50-k7,M-WOA,2,604028,46,832.0
B-n50-k7,M-WOA,2,604028,47,832.0
B-n50-k7,M-WOA,2,604028,48,832.0
B-n50-k7,M-WOA,2,604028,49,832.0
B-n50-k7,M-WOA,2,604028,50,832.0
B-n50-k7,M-WOA,2,604028,51,832.0
B-n50-k7,M-WOA,2,604028,52,832.0
B-n50-k7,M-WOA,2,604028,53,832.0
B-n50-k7,M-WOA,2,604028,54,832.0
B-n50-k7,M-WOA,2,604028,55,832.0
B-n50-k7,M-WOA,2,604028,56,832.0
B-n50-k7,M-WOA,2,604028,57,806.0
B-n50-k7,M-WOA,2,604028,58,806.0
B-n50-k7,M-WOA,2,604028,59,806.0
B-n50-k7,M-WOA,2,604028,60,806.0
B-n50-k7,M-WOA,2,604028,61,806.0
B-n50-k7,M-WOA,2,604028,62,806.0
B-n50-k7,M-WOA,2,604028,63,806.0
B-n50-k7,M-WOA,2,604028,64,790.0
B-n50-k7,M-WOA,2,604028,65,768.0
B-n50-k7,M-WOA,2,604028,66,754.0
B-n50-k7,M-WOA,2,604028,67,754.0
B-n50-k7,M-WOA,2,604028,68,752.0
B-n50-k7,M-WOA,2,604028,69,752.0
B-n50-k7,M-WOA,2,604028,70,752.0
B-n50-k7,M-WOA,2,604028,71,752.0
B-n50-k7,M-WOA,2,604028,72,752.0
B-n50-k7,M-WOA,2,604028,73,752.0
B-n50-k7,M-WOA,2,604028,74,752.0
B-n50-k7,M-WOA,2,604028,75,752.0
B-n50-k7,M-WOA,2,604028,76,752.0
B-n50-k7,M-WOA,2,604028,77,752.0
B-n50-k7,M-WOA,2,604028,78,752.0
B-n50-k7,M-WOA,2,604028,79,752.0
B-n50-k7,M-WOA,2,604028,80,752.0
B-n50-k7,M-WOA,2,604028,81,752.0
B-n50-k7,M-WOA,2,604028,82,752.0
B-n50-k7,M-WOA,2,604028,83,752.0
B-n50-k7,M-WOA,2,604028,84,752.0
B-n50-k7,M-WOA,2,604028,85,752.0
B-n50-k7,M-WOA,2,604028,86,752.0
B-n50-k7,M-WOA,2,604028,87,752.0
B-n50-k7,M-WOA,2,604028,88,752.0
B-n50-k7,M-WOA,2,604028,89,752.0
B-n50-k7,M-WOA,2,604028,90,752.0
B-n50-k7,M-WOA,2,604028,91,752.0
B-n50-k7,M-WOA,2,604028,92,752.0
B-n50-k7,M-WOA,2,604028,93,752.0
B-n50-k7,M-WOA,2,604028,94,752.0
B-n50-k7,M-WOA,2,604028,95,752.0
B-n50-k7,M-WOA,2,604028,96,752.0
B-n50-k7,M-WOA,2,604028,97,752.0
B-n50-k7,M-WOA,2,604028,98,752.0
B-n50-k7,M-WOA,2,604028,99,752.0
B-n50-k7,M-WOA,2,604028,100,752.0
B-n50-k7,M-WOA,2,604028,101,752.0
B-n50-k7,M-WOA,2,604028,102,752.0
B-n50-k7,M-WOA,2,604028,103,752.0
B-n50-k7,M-WOA,2,604028,104,752.0
B-n50-k7,M-WOA,2,604028,105,752.0
B-n50-k7,M-WOA,2,604028,106,752.0
B-n50-k7,M-WOA,2,604028,107,752.0
B-n50-k7,M-WOA,2,604028,108,752.0
B-n50-k7,M-WOA,2,604028,109,752.0
B-n50-k7,M-WOA,2,604028,110,752.0
B-n50-k7,M-WOA,2,604028,111,752.0
B-n50-k7,M-WOA,2,604028,112,752.0
B-n50-k7,M-WOA,2,604028,113,752.0
B-n50-k7,M-WOA,2,604028,114,752.0
B-n50-k7,M-WOA,2,604028,115,752.0
B-n50-k7,M-WOA,2,604028,116,752.0
B-n50-k7,M-WOA,2,604028,117,752.0
B-n50-k7,M-WOA,2,604028,118,752.0
B-n50-k7,M-WOA,2,604028,119,752.0
B-n50-k7,M-WOA,2,604028,120,752.0
B-n50-k7,M-WOA,2,604028,121,752.0
B-n50-k7,M-WOA,2,604028,122,752.0
B-n50-k7,M-WOA,2,604028,123,752.0
B-n50-k7,M-WOA,2,604028,124,752.0
B-n50-k7,M-WOA,2,604028,125,752.0
B-n50-k7,M-WOA,2,604028,126,752.0
B-n50-k7,M-WOA,2,604028,127,752.0
B-n50-k7,M-WOA,2,604028,128,752.0
B-n50-k7,M-WOA,2,604028,129,752.0
B-n50-k7,M-WOA,2,604028,130,752.0
B-n50-k7,M-WOA,2,604028,131,752.0
B-n50-k7,M-WOA,2,604028,132,752.0
B-n50-k7,M-WOA,2,604028,133,749.0
B-n50-k7,M-WOA,2,604028,134,749.0
B-n50-k7,M-WOA,2,604028,135,749.0
B-n50-k7,M-WOA,2,604028,136,749.0
B-n50-k7,M-WOA,2,604028,137,749.0
B-n50-k7,M-WOA,2,604028,138,749.0
B-n50-k7,M-WOA,2,604028,139,749.0
B-n50-k7,M-WOA,2,604028,140,745.0
B-n50-k7,M-WOA,2,604028,141,745.0
B-n50-k7,M-WOA,2,604028,142,745.0
B-n50-k7,M-WOA,2,604028,143,745.0
B-n50-k7,M-WOA,2,604028,144,745.0
B-n50-k7,M-WOA,2,604028,145,745.0
B-n50-k7,M-WOA,2,604028,146,745.0
B-n50-k7,M-WOA,2,604028,147,745.0
B-n50-k7,M-WOA,2,604028,148,744.0
B-n50-k7,M-WOA,2,604028,149,744.0
B-n50-k7,M-WOA,2,604028,150,744.0
B-n50-k7,M-WOA,2,604028,151,744.0
B-n50-k7,M-WOA,2,604028,152,744.0
B-n50-k7,M-WOA,2,604028,153,744.0
B-n50-k7,M-WOA,2,604028,154,744.0
B-n50-k7,M-WOA,2,604028,155,744.0
B-n50-k7,M-WOA,2,604028,156,744.0
B-n50-k7,M-WOA,2,604028,157,744.0
B-n50-k7,M-WOA,2,604028,158,744.0
B-n50-k7,M-WOA,2,604028,159,744.0
B-n50-k7,M-WOA,2,604028,160,744.0
B-n50-k7,M-WOA,2,604028,161,744.0
B-n50-k7,M-WOA,2,604028,162,744.0
B-n50-k7,M-WOA,2,604028,163,744.0
B-n50-k7,M-WOA,2,604028,164,744.0
B-n50-k7,M-WOA,2,604028,165,744.0
B-n50-k7,M-WOA,2,604028,166,744.0
B-n50-k7,M-WOA,2,604028,167,744.0
B-n50-k7,M-WOA,2,604028,168,744.0
B-n50-k7,M-WOA,2,604028,169,744.0
B-n50-k7,M-WOA,2,604028,170,744.0
B-n50-k7,M-WOA,2,604028,171,744.0
B-n50-k7,M-WOA,2,604028,172,744.0
B-n50-k7,M-WOA,2,604028,173,744.0
B-n50-k7,M-WOA,2,604028,174,744.0
B-n50-k7,M-WOA,2,604028,175,744.0
B-n50-k7,M-WOA,2,604028,176,744.0
B-n50-k7,M-WOA,2,604028,177,744.0
B-n50-k7,M-WOA,2,604028,178,744.0
B-n50-k7,M-WOA,2,604028,179,744.0
B-n50-k7,M-WOA,2,604028,180,744.0
B-n50-k7,M-WOA,2,604028,181,744.0
B-n50-k7,M-WOA,2,604028,182,744.0
B-n50-k7,M-WOA,2,604028,183,744.0
B-n50-k7,M-WOA,2,604028,184,744.0
B-n50-k7,M-WOA,2,604028,185,744.0
B-n50-k7,M-WOA,2,604028,186,744.0
B-n50-k7,M-WOA,2,604028,187,744.0
B-n50-k7,M-WOA,2,604028,188,744.0
B-n50-k7,M-WOA,2,604028,189,744.0
B-n50-k7,M-WOA,2,604028,190,744.0
B-n50-k7,M-WOA,2,604028,191,744.0
B-n50-k7,M-WOA,2,604028,192,744.0
B-n50-k7,M-WOA,2,604028,193,744.0
B-n50-k7,M-WOA,2,604028,194,744.0
B-n50-k7,M-WOA,2,604028,195,744.0
B-n50-k7,M-WOA,2,604028,196,744.0
B-n50-k7,M-WOA,2,604028,197,744.0
B-n50-k7,M-WOA,2,604028,198,744.0
B-n50-k7,M-WOA,2,604028,199,744.0
B-n50-k7,M-WOA,2,604028,200,744.0
B-n50-k7,M-WOA,3,604029,1,1421.0
B-n50-k7,M-WOA,3,604029,2,1239.0
B-n50-k7,M-WOA,3,604029,3,1132.0
B-n50-k7,M-WOA,3,604029,4,1051.0
B-n50-k7,M-WOA,3,604029,5,989.0
B-n50-k7,M-WOA,3,604029,6,989.0
B-n50-k7,M-WOA,3,604029,7,989.0
B-n50-k7,M-WOA,3,604029,8,989.0
B-n50-k7,M-WOA,3,604029,9,940.0
B-n50-k7,M-WOA,3,604029,10,940.0
B-n50-k7,M-WOA,3,604029,11,940.0
B-n50-k7,M-WOA,3,604029,12,940.0
B-n50-k7,M-WOA,3,604029,13,940.0
B-n50-k7,M-WOA,3,604029,14,940.0
B-n50-k7,M-WOA,3,604029,15,940.0
B-n50-k7,M-WOA,3,604029,16,940.0
B-n50-k7,M-WOA,3,604029,17,940.0
B-n50-k7,M-WOA,3,604029,18,940.0
B-n50-k7,M-WOA,3,604029,19,940.0
B-n50-k7,M-WOA,3,604029,20,940.0
B-n50-k7,M-WOA,3,604029,21,940.0
B-n50-k7,M-WOA,3,604029,22,940.0
B-n50-k7,M-WOA,3,604029,23,935.0
B-n50-k7,M-WOA,3,604029,24,935.0
B-n50-k7,M-WOA,3,604029,25,935.0
B-n50-k7,M-WOA,3,604029,26,935.0
B-n50-k7,M-WOA,3,604029,27,935.0
B-n50-k7,M-WOA,3,604029,28,935.0
B-n50-k7,M-WOA,3,604029,29,935.0
B-n50-k7,M-WOA,3,604029,30,935.0
B-n50-k7,M-WOA,3,604029,31,935.0
B-n50-k7,M-WOA,3,604029,32,935.0
B-n50-k7,M-WOA,3,604029,33,935.0
B-n50-k7,M-WOA,3,604029,34,935.0
B-n50-k7,M-WOA,3,604029,35,935.0
B-n50-k7,M-WOA,3,604029,36,935.0
B-n50-k7,M-WOA,3,604029,37,935.0
B-n50-k7,M-WOA,3,604029,38,935.0
B-n50-k7,M-WOA,3,604029,39,935.0
B-n50-k7,M-WOA,3,604029,40,935.0
B-n50-k7,M-WOA,3,604029,41,935.0
B-n50-k7,M-WOA,3,604029,42,935.0
B-n50-k7,M-WOA,3,604029,43,935.0
B-n50-k7,M-WOA,3,604029,44,935.0
B-n50-k7,M-WOA,3,604029,45,935.0
B-n50-k7,M-WOA,3,604029,46,935.0
B-n50-k7,M-WOA,3,604029,47,935.0
B-n50-k7,M-WOA,3,604029,48,935.0
B-n50-k7,M-WOA,3,604029,49,935.0
B-n50-k7,M-WOA,3,604029,50,935.0
B-n50-k7,M-WOA,3,604029,51,935.0
B-n50-k7,M-WOA,3,604029,52,935.0
B-n50-k7,M-WOA,3,604029,53,935.0
B-n50-k7,M-WOA,3,604029,54,935.0
B-n50-k7,M-WOA,3,604029,55,935.0
B-n50-k7,M-WOA,3,604029,56,935.0
B-n50-k7,M-WOA,3,604029,57,935.0
B-n50-k7,M-WOA,3,604029,58,935.0
B-n50-k7,M-WOA,3,604029,59,935.0
B-n50-k7,M-WOA,3,604029,60,935.0
B-n50-k7,M-WOA,3,604029,61,935.0
B-n50-k7,M-WOA,3,604029,62,933.0
B-n50-k7,M-WOA,3,604029,63,933.0
B-n50-k7,M-WOA,3,604029,64,876.0
B-n50-k7,M-WOA,3,604029,65,876.0
B-n50-k7,M-WOA,3,604029,66,876.0
B-n50-k7,M-WOA,3,604029,67,876.0
B-n50-k7,M-WOA,3,604029,68,876.0
B-n50-k7,M-WOA,3,604029,69,876.0
B-n50-k7,M-WOA,3,604029,70,876.0
B-n50-k7,M-WOA,3,604029,71,876.0
B-n50-k7,M-WOA,3,604029,72,876.0
B-n50-k7,M-WOA,3,604029,73,876.0
B-n50-k7,M-WOA,3,604029,74,876.0
B-n50-k7,M-WOA,3,604029,75,876.0
B-n50-k7,M-WOA,3,604029,76,876.0
B-n50-k7,M-WOA,3,604029,77,876.0
B-n50-k7,M-WOA,3,604029,78,876.0
B-n50-k7,M-WOA,3,604029,79,876.0
B-n50-k7,M-WOA,3,604029,80,876.0
B-n50-k7,M-WOA,3,604029,81,876.0
B-n50-k7,M-WOA,3,604029,82,876.0
B-n50-k7,M-WOA,3,604029,83,876.0
B-n50-k7,M-WOA,3,604029,84,876.0
B-n50-k7,M-WOA,3,604029,85,876.0
B-n50-k7,M-WOA,3,604029,86,876.0
B-n50-k7,M-WOA,3,604029,87,876.0
B-n50-k7,M-WOA,3,604029,88,876.0
B-n50-k7,M-WOA,3,604029,89,876.0
B-n50-k7,M-WOA,3,604029,90,876.0
B-n50-k7,M-WOA,3,604029,91,876.0
B-n50-k7,M-WOA,3,604029,92,876.0
B-n50-k7,M-WOA,3,604029,93,876.0
B-n50-k7,M-WOA,3,604029,94,876.0
B-n50-k7,M-WOA,3,604029,95,876.0
B-n50-k7,M-WOA,3,604029,96,876.0
B-n50-k7,M-WOA,3,604029,97,876.0
B-n50-k7,M-WOA,3,604029,98,876.0
B-n50-k7,M-WOA,3,604029,99,876.0
B-n50-k7,M-WOA,3,604029,100,876.0
B-n50-k7,M-WOA,3,604029,101,876.0
B-n50-k7,M-WOA,3,604029,102,876.0
B-n50-k7,M-WOA,3,604029,103,876.0
B-n50-k7,M-WOA,3,604029,104,876.0
B-n50-k7,M-WOA,3,604029,105,876.0
B-n50-k7,M-WOA,3,604029,106,876.0
B-n50-k7,M-WOA,3,604029,107,876.0
B-n50-k7,M-WOA,3,604029,108,876.0
B-n50-k7,M-WOA,3,604029,109,876.0
B-n50-k7,M-WOA,3,604029,110,876.0
B-n50-k7,M-WOA,3,604029,111,876.0
B-n50-k7,M-WOA,3,604029,112,876.0
B-n50-k7,M-WOA,3,604029,113,876.0
B-n50-k7,M-WOA,3,604029,114,876.0
B-n50-k7,M-WOA,3,604029,115,876.0
B-n50-k7,M-WOA,3,604029,116,876.0
B-n50-k7,M-WOA,3,604029,117,876.0
B-n50-k7,M-WOA,3,604029,118,876.0
B-n50-k7,M-WOA,3,604029,119,876.0
B-n50-k7,M-WOA,3,604029,120,876.0
B-n50-k7,M-WOA,3,604029,121,876.0
B-n50-k7,M-WOA,3,604029,122,876.0
B-n50-k7,M-WOA,3,604029,123,876.0
B-n50-k7,M-WOA,3,604029,124,876.0
B-n50-k7,M-WOA,3,604029,125,876.0
B-n50-k7,M-WOA,3,604029,126,876.0
B-n50-k7,M-WOA,3,604029,127,876.0
B-n50-k7,M-WOA,3,604029,128,876.0
B-n50-k7,M-WOA,3,604029,129,876.0
B-n50-k7,M-WOA,3,604029,130,876.0
B-n50-k7,M-WOA,3,604029,131,876.0
B-n50-k7,M-WOA,3,604029,132,876.0
B-n50-k7,M-WOA,3,604029,133,876.0
B-n50-k7,M-WOA,3,604029,134,876.0
B-n50-k7,M-WOA,3,604029,135,876.0
B-n50-k7,M-WOA,3,604029,136,876.0
B-n50-k7,M-WOA,3,604029,137,876.0
B-n50-k7,M-WOA,3,604029,138,876.0
B-n50-k7,M-WOA,3,604029,139,876.0
B-n50-k7,M-WOA,3,604029,140,876.0
B-n50-k7,M-WOA,3,604029,141,876.0
B-n50-k7,M-WOA,3,604029,142,876.0
B-n50-k7,M-WOA,3,604029,143,876.0
B-n50-k7,M-WOA,3,604029,144,876.0
B-n50-k7,M-WOA,3,604029,145,876.0
B-n50-k7,M-WOA,3,604029,146,876.0
B-n50-k7,M-WOA,3,604029,147,876.0
B-n50-k7,M-WOA,3,604029,148,876.0
B-n50-k7,M-WOA,3,604029,149,876.0
B-n50-k7,M-WOA,3,604029,150,876.0
B-n50-k7,M-WOA,3,604029,151,876.0
B-n50-k7,M-WOA,3,604029,152,876.0
B-n50-k7,M-WOA,3,604029,153,876.0
B-n50-k7,M-WOA,3,604029,154,876.0
B-n50-k7,M-WOA,3,604029,155,876.0
B-n50-k7,M-WOA,3,604029,156,876.0
B-n50-k7,M-WOA,3,604029,157,876.0
B-n50-k7,M-WOA,3,604029,158,876.0
B-n50-k7,M-WOA,3,604029,159,876.0
B-n50-k7,M-WOA,3,604029,160,876.0
B-n50-k7,M-WOA,3,604029,161,876.0
B-n50-k7,M-WOA,3,604029,162,876.0
B-n50-k7,M-WOA,3,604029,163,876.0
B-n50-k7,M-WOA,3,604029,164,876.0
B-n50-k7,M-WOA,3,604029,165,876.0
B-n50-k7,M-WOA,3,604029,166,876.0
B-n50-k7,M-WOA,3,604029,167,876.0
B-n50-k7,M-WOA,3,604029,168,876.0
B-n50-k7,M-WOA,3,604029,169,876.0
B-n50-k7,M-WOA,3,604029,170,876.0
B-n50-k7,M-WOA,3,604029,171,876.0
B-n50-k7,M-WOA,3,604029,172,876.0
B-n50-k7,M-WOA,3,604029,173,876.0
B-n50-k7,M-WOA,3,604029,174,876.0
B-n50-k7,M-WOA,3,604029,175,876.0
B-n50-k7,M-WOA,3,604029,176,876.0
B-n50-k7,M-WOA,3,604029,177,876.0
B-n50-k7,M-WOA,3,604029,178,876.0
B-n50-k7,M-WOA,3,604029,179,876.0
B-n50-k7,M-WOA,3,604029,180,876.0
B-n50-k7,M-WOA,3,604029,181,876.0
B-n50-k7,M-WOA,3,604029,182,876.0
B-n50-k7,M-WOA,3,604029,183,876.0
B-n50-k7,M-WOA,3,604029,184,876.0
B-n50-k7,M-WOA,3,604029,185,876.0
B-n50-k7,M-WOA,3,604029,186,876.0
B-n50-k7,M-WOA,3,604029,187,876.0
B-n50-k7,M-WOA,3,604029,188,876.0
B-n50-k7,M-WOA,3,604029,189,876.0
B-n50-k7,M-WOA,3,604029,190,876.0
B-n50-k7,M-WOA,3,604029,191,876.0
B-n50-k7,M-WOA,3,604029,192,876.0
B-n50-k7,M-WOA,3,604029,193,876.0
B-n50-k7,M-WOA,3,604029,194,876.0
B-n50-k7,M-WOA,3,604029,195,876.0
B-n50-k7,M-WOA,3,604029,196,876.0
B-n50-k7,M-WOA,3,604029,197,876.0
B-n50-k7,M-WOA,3,604029,198,876.0
B-n50-k7,M-WOA,3,604029,199,876.0
B-n50-k7,M-WOA,3,604029,200,876.0
B-n50-k7,M-SSA,1,605027,1,1461.0
B-n50-k7,M-SSA,1,605027,2,1390.0
B-n50-k7,M-SSA,1,605027,3,1390.0
B-n50-k7,M-SSA,1,605027,4,1390.0
B-n50-k7,M-SSA,1,605027,5,1349.0
B-n50-k7,M-SSA,1,605027,6,1253.0
B-n50-k7,M-SSA,1,605027,7,1253.0
B-n50-k7,M-SSA,1,605027,8,1195.0
B-n50-k7,M-SSA,1,605027,9,1131.0
B-n50-k7,M-SSA,1,605027,10,1131.0
B-n50-k7,M-SSA,1,605027,11,1131.0
B-n50-k7,M-SSA,1,605027,12,1044.0
B-n50-k7,M-SSA,1,605027,13,1044.0
B-n50-k7,M-SSA,1,605027,14,1044.0
B-n50-k7,M-SSA,1,605027,15,982.0
B-n50-k7,M-SSA,1,605027,16,931.0
B-n50-k7,M-SSA,1,605027,17,931.0
B-n50-k7,M-SSA,1,605027,18,931.0
B-n50-k7,M-SSA,1,605027,19,931.0
B-n50-k7,M-SSA,1,605027,20,931.0
B-n50-k7,M-SSA,1,605027,21,915.0
B-n50-k7,M-SSA,1,605027,22,915.0
B-n50-k7,M-SSA,1,605027,23,915.0
B-n50-k7,M-SSA,1,605027,24,909.0
B-n50-k7,M-SSA,1,605027,25,874.0
B-n50-k7,M-SSA,1,605027,26,874.0
B-n50-k7,M-SSA,1,605027,27,874.0
B-n50-k7,M-SSA,1,605027,28,854.0
B-n50-k7,M-SSA,1,605027,29,838.0
B-n50-k7,M-SSA,1,605027,30,836.0
B-n50-k7,M-SSA,1,605027,31,836.0
B-n50-k7,M-SSA,1,605027,32,826.0
B-n50-k7,M-SSA,1,605027,33,807.0
B-n50-k7,M-SSA,1,605027,34,807.0
B-n50-k7,M-SSA,1,605027,35,807.0
B-n50-k7,M-SSA,1,605027,36,807.0
B-n50-k7,M-SSA,1,605027,37,807.0
B-n50-k7,M-SSA,1,605027,38,807.0
B-n50-k7,M-SSA,1,605027,39,787.0
B-n50-k7,M-SSA,1,605027,40,787.0
B-n50-k7,M-SSA,1,605027,41,787.0
B-n50-k7,M-SSA,1,605027,42,787.0
B-n50-k7,M-SSA,1,605027,43,787.0
B-n50-k7,M-SSA,1,605027,44,787.0
B-n50-k7,M-SSA,1,605027,45,787.0
B-n50-k7,M-SSA,1,605027,46,787.0
B-n50-k7,M-SSA,1,605027,47,787.0
B-n50-k7,M-SSA,1,605027,48,787.0
B-n50-k7,M-SSA,1,605027,49,787.0
B-n50-k7,M-SSA,1,605027,50,787.0
B-n50-k7,M-SSA,1,605027,51,787.0
B-n50-k7,M-SSA,1,605027,52,787.0
B-n50-k7,M-SSA,1,605027,53,787.0
B-n50-k7,M-SSA,1,605027,54,787.0
B-n50-k7,M-SSA,1,605027,55,787.0
B-n50-k7,M-SSA,1,605027,56,787.0
B-n50-k7,M-SSA,1,605027,57,787.0
B-n50-k7,M-SSA,1,605027,58,787.0
B-n50-k7,M-SSA,1,605027,59,787.0
B-n50-k7,M-SSA,1,605027,60,787.0
B-n50-k7,M-SSA,1,605027,61,787.0
B-n50-k7,M-SSA,1,605027,62,787.0
B-n50-k7,M-SSA,1,605027,63,787.0
B-n50-k7,M-SSA,1,605027,64,787.0
B-n50-k7,M-SSA,1,605027,65,787.0
B-n50-k7,M-SSA,1,605027,66,787.0
B-n50-k7,M-SSA,1,605027,67,787.0
B-n50-k7,M-SSA,1,605027,68,787.0
B-n50-k7,M-SSA,1,605027,69,787.0
B-n50-k7,M-SSA,1,605027,70,787.0
B-n50-k7,M-SSA,1,605027,71,787.0
B-n50-k7,M-SSA,1,605027,72,787.0
B-n50-k7,M-SSA,1,605027,73,787.0
B-n50-k7,M-SSA,1,605027,74,787.0
B-n50-k7,M-SSA,1,605027,75,787.0
B-n50-k7,M-SSA,1,605027,76,787.0
B-n50-k7,M-SSA,1,605027,77,787.0
B-n50-k7,M-SSA,1,605027,78,787.0
B-n50-k7,M-SSA,1,605027,79,787.0
B-n50-k7,M-SSA,1,605027,80,787.0
B-n50-k7,M-SSA,1,605027,81,787.0
B-n50-k7,M-SSA,1,605027,82,787.0
B-n50-k7,M-SSA,1,605027,83,787.0
B-n50-k7,M-SSA,1,605027,84,787.0
B-n50-k7,M-SSA,1,605027,85,787.0
B-n50-k7,M-SSA,1,605027,86,787.0
B-n50-k7,M-SSA,1,605027,87,776.0
B-n50-k7,M-SSA,1,605027,88,773.0
B-n50-k7,M-SSA,1,605027,89,773.0
B-n50-k7,M-SSA,1,605027,90,773.0
B-n50-k7,M-SSA,1,605027,91,773.0
B-n50-k7,M-SSA,1,605027,92,773.0
B-n50-k7,M-SSA,1,605027,93,773.0
B-n50-k7,M-SSA,1,605027,94,773.0
B-n50-k7,M-SSA,1,605027,95,773.0
B-n50-k7,M-SSA,1,605027,96,773.0
B-n50-k7,M-SSA,1,605027,97,773.0
B-n50-k7,M-SSA,1,605027,98,773.0
B-n50-k7,M-SSA,1,605027,99,773.0
B-n50-k7,M-SSA,1,605027,100,773.0
B-n50-k7,M-SSA,1,605027,101,773.0
B-n50-k7,M-SSA,1,605027,102,773.0
B-n50-k7,M-SSA,1,605027,103,773.0
B-n50-k7,M-SSA,1,605027,104,773.0
B-n50-k7,M-SSA,1,605027,105,773.0
B-n50-k7,M-SSA,1,605027,106,773.0
B-n50-k7,M-SSA,1,605027,107,773.0
B-n50-k7,M-SSA,1,605027,108,773.0
B-n50-k7,M-SSA,1,605027,109,773.0
B-n50-k7,M-SSA,1,605027,110,773.0
B-n50-k7,M-SSA,1,605027,111,773.0
B-n50-k7,M-SSA,1,605027,112,772.0
B-n50-k7,M-SSA,1,605027,113,772.0
B-n50-k7,M-SSA,1,605027,114,772.0
B-n50-k7,M-SSA,1,605027,115,770.0
B-n50-k7,M-SSA,1,605027,116,770.0
B-n50-k7,M-SSA,1,605027,117,768.0
B-n50-k7,M-SSA,1,605027,118,768.0
B-n50-k7,M-SSA,1,605027,119,768.0
B-n50-k7,M-SSA,1,605027,120,767.0
B-n50-k7,M-SSA,1,605027,121,767.0
B-n50-k7,M-SSA,1,605027,122,763.0
B-n50-k7,M-SSA,1,605027,123,763.0
B-n50-k7,M-SSA,1,605027,124,763.0
B-n50-k7,M-SSA,1,605027,125,763.0
B-n50-k7,M-SSA,1,605027,126,763.0
B-n50-k7,M-SSA,1,605027,127,763.0
B-n50-k7,M-SSA,1,605027,128,763.0
B-n50-k7,M-SSA,1,605027,129,763.0
B-n50-k7,M-SSA,1,605027,130,763.0
B-n50-k7,M-SSA,1,605027,131,763.0
B-n50-k7,M-SSA,1,605027,132,763.0
B-n50-k7,M-SSA,1,605027,133,763.0
B-n50-k7,M-SSA,1,605027,134,763.0
B-n50-k7,M-SSA,1,605027,135,763.0
B-n50-k7,M-SSA,1,605027,136,763.0
B-n50-k7,M-SSA,1,605027,137,763.0
B-n50-k7,M-SSA,1,605027,138,763.0
B-n50-k7,M-SSA,1,605027,139,763.0
B-n50-k7,M-SSA,1,605027,140,763.0
B-n50-k7,M-SSA,1,605027,141,763.0
B-n50-k7,M-SSA,1,605027,142,763.0
B-n50-k7,M-SSA,1,605027,143,763.0
B-n50-k7,M-SSA,1,605027,144,763.0
B-n50-k7,M-SSA,1,605027,145,763.0
B-n50-k7,M-SSA,1,605027,146,761.0
B-n50-k7,M-SSA,1,605027,147,761.0
B-n50-k7,M-SSA,1,605027,148,761.0
B-n50-k7,M-SSA,1,605027,149,761.0
B-n50-k7,M-SSA,1,605027,150,761.0
B-n50-k7,M-SSA,1,605027,151,761.0
B-n50-k7,M-SSA,1,605027,152,761.0
B-n50-k7,M-SSA,1,605027,153,761.0
B-n50-k7,M-SSA,1,605027,154,760.0
B-n50-k7,M-SSA,1,605027,155,760.0
B-n50-k7,M-SSA,1,605027,156,758.0
B-n50-k7,M-SSA,1,605027,157,758.0
B-n50-k7,M-SSA,1,605027,158,758.0
B-n50-k7,M-SSA,1,605027,159,758.0
B-n50-k7,M-SSA,1,605027,160,758.0
B-n50-k7,M-SSA,1,605027,161,758.0
B-n50-k7,M-SSA,1,605027,162,758.0
B-n50-k7,M-SSA,1,605027,163,758.0
B-n50-k7,M-SSA,1,605027,164,755.0
B-n50-k7,M-SSA,1,605027,165,755.0
B-n50-k7,M-SSA,1,605027,166,755.0
B-n50-k7,M-SSA,1,605027,167,755.0
B-n50-k7,M-SSA,1,605027,168,755.0
B-n50-k7,M-SSA,1,605027,169,755.0
B-n50-k7,M-SSA,1,605027,170,754.0
B-n50-k7,M-SSA,1,605027,171,754.0
B-n50-k7,M-SSA,1,605027,172,754.0
B-n50-k7,M-SSA,1,605027,173,754.0
B-n50-k7,M-SSA,1,605027,174,754.0
B-n50-k7,M-SSA,1,605027,175,754.0
B-n50-k7,M-SSA,1,605027,176,754.0
B-n50-k7,M-SSA,1,605027,177,754.0
B-n50-k7,M-SSA,1,605027,178,754.0
B-n50-k7,M-SSA,1,605027,179,754.0
B-n50-k7,M-SSA,1,605027,180,754.0
B-n50-k7,M-SSA,1,605027,181,754.0
B-n50-k7,M-SSA,1,605027,182,754.0
B-n50-k7,M-SSA,1,605027,183,752.0
B-n50-k7,M-SSA,1,605027,184,752.0
B-n50-k7,M-SSA,1,605027,185,752.0
B-n50-k7,M-SSA,1,605027,186,752.0
B-n50-k7,M-SSA,1,605027,187,752.0
B-n50-k7,M-SSA,1,605027,188,752.0
B-n50-k7,M-SSA,1,605027,189,752.0
B-n50-k7,M-SSA,1,605027,190,752.0
B-n50-k7,M-SSA,1,605027,191,752.0
B-n50-k7,M-SSA,1,605027,192,752.0
B-n50-k7,M-SSA,1,605027,193,752.0
B-n50-k7,M-SSA,1,605027,194,752.0
B-n50-k7,M-SSA,1,605027,195,752.0
B-n50-k7,M-SSA,1,605027,196,752.0
B-n50-k7,M-SSA,1,605027,197,752.0
B-n50-k7,M-SSA,1,605027,198,752.0
B-n50-k7,M-SSA,1,605027,199,752.0
B-n50-k7,M-SSA,1,605027,200,752.0
B-n50-k7,M-SSA,2,605028,1,1428.0
B-n50-k7,M-SSA,2,605028,2,1358.0
B-n50-k7,M-SSA,2,605028,3,1347.0
B-n50-k7,M-SSA,2,605028,4,1347.0
B-n50-k7,M-SSA,2,605028,5,1311.0
B-n50-k7,M-SSA,2,605028,6,1274.0
B-n50-k7,M-SSA,2,605028,7,1274.0
B-n50-k7,M-SSA,2,605028,8,1166.0
B-n50-k7,M-SSA,2,605028,9,1166.0
B-n50-k7,M-SSA,2,605028,10,1166.0
B-n50-k7,M-SSA,2,605028,11,1112.0
B-n50-k7,M-SSA,2,605028,12,1112.0
B-n50-k7,M-SSA,2,605028,13,1107.0
B-n50-k7,M-SSA,2,605028,14,1087.0
B-n50-k7,M-SSA,2,605028,15,1087.0
B-n50-k7,M-SSA,2,605028,16,1087.0
B-n50-k7,M-SSA,2,605028,17,1071.0
B-n50-k7,M-SSA,2,605028,18,1065.0
B-n50-k7,M-SSA,2,605028,19,1037.0
B-n50-k7,M-SSA,2,605028,20,1006.0
B-n50-k7,M-SSA,2,605028,21,915.0
B-n50-k7,M-SSA,2,605028,22,915.0
B-n50-k7,M-SSA,2,605028,23,915.0
B-n50-k7,M-SSA,2,605028,24,915.0
B-n50-k7,M-SSA,2,605028,25,915.0
B-n50-k7,M-SSA,2,605028,26,915.0
B-n50-k7,M-SSA,2,605028,27,915.0
B-n50-k7,M-SSA,2,605028,28,915.0
B-n50-k7,M-SSA,2,605028,29,915.0
B-n50-k7,M-SSA,2,605028,30,915.0
B-n50-k7,M-SSA,2,605028,31,915.0
B-n50-k7,M-SSA,2,605028,32,915.0
B-n50-k7,M-SSA,2,605028,33,915.0
B-n50-k7,M-SSA,2,605028,34,915.0
B-n50-k7,M-SSA,2,605028,35,915.0
B-n50-k7,M-SSA,2,605028,36,915.0
B-n50-k7,M-SSA,2,605028,37,915.0
B-n50-k7,M-SSA,2,605028,38,915.0
B-n50-k7,M-SSA,2,605028,39,915.0
B-n50-k7,M-SSA,2,605028,40,915.0
B-n50-k7,M-SSA,2,605028,41,915.0
B-n50-k7,M-SSA,2,605028,42,915.0
B-n50-k7,M-SSA,2,605028,43,915.0
B-n50-k7,M-SSA,2,605028,44,915.0
B-n50-k7,M-SSA,2,605028,45,828.0
B-n50-k7,M-SSA,2,605028,46,828.0
B-n50-k7,M-SSA,2,605028,47,828.0
B-n50-k7,M-SSA,2,605028,48,828.0
B-n50-k7,M-SSA,2,605028,49,828.0
B-n50-k7,M-SSA,2,605028,50,828.0
B-n50-k7,M-SSA,2,605028,51,828.0
B-n50-k7,M-SSA,2,605028,52,828.0
B-n50-k7,M-SSA,2,605028,53,828.0
B-n50-k7,M-SSA,2,605028,54,828.0
B-n50-k7,M-SSA,2,605028,55,828.0
B-n50-k7,M-SSA,2,605028,56,828.0
B-n50-k7,M-SSA,2,605028,57,828.0
B-n50-k7,M-SSA,2,605028,58,828.0
B-n50-k7,M-SSA,2,605028,59,828.0
B-n50-k7,M-SSA,2,605028,60,828.0
B-n50-k7,M-SSA,2,605028,61,828.0
B-n50-k7,M-SSA,2,605028,62,828.0
B-n50-k7,M-SSA,2,605028,63,828.0
B-n50-k7,M-SSA,2,605028,64,828.0
B-n50-k7,M-SSA,2,605028,65,828.0
B-n50-k7,M-SSA,2,605028,66,828.0
B-n50-k7,M-SSA,2,605028,67,828.0
B-n50-k7,M-SSA,2,605028,68,828.0
B-n50-k7,M-SSA,2,605028,69,828.0
B-n50-k7,M-SSA,2,605028,70,828.0
B-n50-k7,M-SSA,2,605028,71,828.0
B-n50-k7,M-SSA,2,605028,72,828.0
B-n50-k7,M-SSA,2,605028,73,828.0
B-n50-k7,M-SSA,2,605028,74,828.0
B-n50-k7,M-SSA,2,605028,75,828.0
B-n50-k7,M-SSA,2,605028,76,828.0
B-n50-k7,M-SSA,2,605028,77,828.0
B-n50-k7,M-SSA,2,605028,78,828.0
B-n50-k7,M-SSA,2,605028,79,828.0
B-n50-k7,M-SSA,2,605028,80,828.0
B-n50-k7,M-SSA,2,605028,81,828.0
B-n50-k7,M-SSA,2,605028,82,828.0
B-n50-k7,M-SSA,2,605028,83,828.0
B-n50-k7,M-SSA,2,605028,84,828.0
B-n50-k7,M-SSA,2,605028,85,828.0
B-n50-k7,M-SSA,2,605028,86,828.0
B-n50-k7,M-SSA,2,605028,87,828.0
B-n50-k7,M-SSA,2,605028,88,828.0
B-n50-k7,M-SSA,2,605028,89,828.0
B-n50-k7,M-SSA,2,605028,90,828.0
B-n50-k7,M-SSA,2,605028,91,828.0
B-n50-k7,M-SSA,2,605028,92,828.0
B-n50-k7,M-SSA,2,605028,93,828.0
B-n50-k7,M-SSA,2,605028,94,828.0
B-n50-k7,M-SSA,2,605028,95,828.0
B-n50-k7,M-SSA,2,605028,96,828.0
B-n50-k7,M-SSA,2,605028,97,828.0
B-n50-k7,M-SSA,2,605028,98,828.0
B-n50-k7,M-SSA,2,605028,99,828.0
B-n50-k7,M-SSA,2,605028,100,828.0
B-n50-k7,M-SSA,2,605028,101,828.0
B-n50-k7,M-SSA,2,605028,102,828.0
B-n50-k7,M-SSA,2,605028,103,818.0
B-n50-k7,M-SSA,2,605028,104,818.0
B-n50-k7,M-SSA,2,605028,105,816.0
B-n50-k7,M-SSA,2,605028,106,816.0
B-n50-k7,M-SSA,2,605028,107,816.0
B-n50-k7,M-SSA,2,605028,108,816.0
B-n50-k7,M-SSA,2,605028,109,816.0
B-n50-k7,M-SSA,2,605028,110,816.0
B-n50-k7,M-SSA,2,605028,111,816.0
B-n50-k7,M-SSA,2,605028,112,816.0
B-n50-k7,M-SSA,2,605028,113,816.0
B-n50-k7,M-SSA,2,605028,114,816.0
B-n50-k7,M-SSA,2,605028,115,816.0
B-n50-k7,M-SSA,2,605028,116,786.0
B-n50-k7,M-SSA,2,605028,117,786.0
B-n50-k7,M-SSA,2,605028,118,786.0
B-n50-k7,M-SSA,2,605028,119,752.0
B-n50-k7,M-SSA,2,605028,120,752.0
B-n50-k7,M-SSA,2,605028,121,752.0
B-n50-k7,M-SSA,2,605028,122,752.0
B-n50-k7,M-SSA,2,605028,123,752.0
B-n50-k7,M-SSA,2,605028,124,752.0
B-n50-k7,M-SSA,2,605028,125,752.0
B-n50-k7,M-SSA,2,605028,126,752.0
B-n50-k7,M-SSA,2,605028,127,752.0
B-n50-k7,M-SSA,2,605028,128,752.0
B-n50-k7,M-SSA,2,605028,129,752.0
B-n50-k7,M-SSA,2,605028,130,752.0
B-n50-k7,M-SSA,2,605028,131,752.0
B-n50-k7,M-SSA,2,605028,132,752.0
B-n50-k7,M-SSA,2,605028,133,752.0
B-n50-k7,M-SSA,2,605028,134,752.0
B-n50-k7,M-SSA,2,605028,135,752.0
B-n50-k7,M-SSA,2,605028,136,752.0
B-n50-k7,M-SSA,2,605028,137,752.0
B-n50-k7,M-SSA,2,605028,138,752.0
B-n50-k7,M-SSA,2,605028,139,752.0
B-n50-k7,M-SSA,2,605028,140,752.0
B-n50-k7,M-SSA,2,605028,141,752.0
B-n50-k7,M-SSA,2,605028,142,752.0
B-n50-k7,M-SSA,2,605028,143,752.0
B-n50-k7,M-SSA,2,605028,144,752.0
B-n50-k7,M-SSA,2,605028,145,752.0
B-n50-k7,M-SSA,2,605028,146,752.0
B-n50-k7,M-SSA,2,605028,147,752.0
B-n50-k7,M-SSA,2,605028,148,752.0
B-n50-k7,M-SSA,2,605028,149,752.0
B-n50-k7,M-SSA,2,605028,150,752.0
B-n50-k7,M-SSA,2,605028,151,752.0
B-n50-k7,M-SSA,2,605028,152,752.0
B-n50-k7,M-SSA,2,605028,153,752.0
B-n50-k7,M-SSA,2,605028,154,752.0
B-n50-k7,M-SSA,2,605028,155,752.0
B-n50-k7,M-SSA,2,605028,156,752.0
B-n50-k7,M-SSA,2,605028,157,752.0
B-n50-k7,M-SSA,2,605028,158,746.0
B-n50-k7,M-SSA,2,605028,159,746.0
B-n50-k7,M-SSA,2,605028,160,746.0
B-n50-k7,M-SSA,2,605028,161,746.0
B-n50-k7,M-SSA,2,605028,162,746.0
B-n50-k7,M-SSA,2,605028,163,746.0
B-n50-k7,M-SSA,2,605028,164,746.0
B-n50-k7,M-SSA,2,605028,165,746.0
B-n50-k7,M-SSA,2,605028,166,746.0
B-n50-k7,M-SSA,2,605028,167,746.0
B-n50-k7,M-SSA,2,605028,168,746.0
B-n50-k7,M-SSA,2,605028,169,746.0
B-n50-k7,M-SSA,2,605028,170,746.0
B-n50-k7,M-SSA,2,605028,171,746.0
B-n50-k7,M-SSA,2,605028,172,746.0
B-n50-k7,M-SSA,2,605028,173,746.0
B-n50-k7,M-SSA,2,605028,174,746.0
B-n50-k7,M-SSA,2,605028,175,746.0
B-n50-k7,M-SSA,2,605028,176,746.0
B-n50-k7,M-SSA,2,605028,177,746.0
B-n50-k7,M-SSA,2,605028,178,746.0
B-n50-k7,M-SSA,2,605028,179,746.0
B-n50-k7,M-SSA,2,605028,180,746.0
B-n50-k7,M-SSA,2,605028,181,746.0
B-n50-k7,M-SSA,2,605028,182,746.0
B-n50-k7,M-SSA,2,605028,183,746.0
B-n50-k7,M-SSA,2,605028,184,746.0
B-n50-k7,M-SSA,2,605028,185,746.0
B-n50-k7,M-SSA,2,605028,186,746.0
B-n50-k7,M-SSA,2,605028,187,746.0
B-n50-k7,M-SSA,2,605028,188,746.0
B-n50-k7,M-SSA,2,605028,189,746.0
B-n50-k7,M-SSA,2,605028,190,746.0
B-n50-k7,M-SSA,2,605028,191,746.0
B-n50-k7,M-SSA,2,605028,192,746.0
B-n50-k7,M-SSA,2,605028,193,746.0
B-n50-k7,M-SSA,2,605028,194,746.0
B-n50-k7,M-SSA,2,605028,195,746.0
B-n50-k7,M-SSA,2,605028,196,746.0
B-n50-k7,M-SSA,2,605028,197,746.0
B-n50-k7,M-SSA,2,605028,198,746.0
B-n50-k7,M-SSA,2,605028,199,746.0
B-n50-k7,M-SSA,2,605028,200,746.0
B-n50-k7,M-SSA,3,605029,1,1395.0
B-n50-k7,M-SSA,3,605029,2,1373.0
B-n50-k7,M-SSA,3,605029,3,1373.0
B-n50-k7,M-SSA,3,605029,4,1283.0
B-n50-k7,M-SSA,3,605029,5,1283.0
B-n50-k7,M-SSA,3,605029,6,1283.0
B-n50-k7,M-SSA,3,605029,7,1283.0
B-n50-k7,M-SSA,3,605029,8,1280.0
B-n50-k7,M-SSA,3,605029,9,1251.0
B-n50-k7,M-SSA,3,605029,10,1167.0
B-n50-k7,M-SSA,3,605029,11,1167.0
B-n50-k7,M-SSA,3,605029,12,1156.0
B-n50-k7,M-SSA,3,605029,13,1156.0
B-n50-k7,M-SSA,3,605029,14,1156.0
B-n50-k7,M-SSA,3,605029,15,1156.0
B-n50-k7,M-SSA,3,605029,16,1101.0
B-n50-k7,M-SSA,3,605029,17,1097.0
B-n50-k7,M-SSA,3,605029,18,1017.0
B-n50-k7,M-SSA,3,605029,19,1011.0
B-n50-k7,M-SSA,3,605029,20,1011.0
B-n50-k7,M-SSA,3,605029,21,1011.0
B-n50-k7,M-SSA,3,605029,22,1011.0
B-n50-k7,M-SSA,3,605029,23,1011.0
B-n50-k7,M-SSA,3,605029,24,1011.0
B-n50-k7,M-SSA,3,605029,25,1011.0
B-n50-k7,M-SSA,3,605029,26,1011.0
B-n50-k7,M-SSA,3,605029,27,1011.0
B-n50-k7,M-SSA,3,605029,28,1011.0
B-n50-k7,M-SSA,3,605029,29,997.0
B-n50-k7,M-SSA,3,605029,30,967.0
B-n50-k7,M-SSA,3,605029,31,881.0
B-n50-k7,M-SSA,3,605029,32,881.0
B-n50-k7,M-SSA,3,605029,33,824.0
B-n50-k7,M-SSA,3,605029,34,824.0
B-n50-k7,M-SSA,3,605029,35,824.0
B-n50-k7,M-SSA,3,605029,36,824.0
B-n50-k7,M-SSA,3,605029,37,768.0
B-n50-k7,M-SSA,3,605029,38,768.0
B-n50-k7,M-SSA,3,605029,39,768.0
B-n50-k7,M-SSA,3,605029,40,768.0
B-n50-k7,M-SSA,3,605029,41,768.0
B-n50-k7,M-SSA,3,605029,42,768.0
B-n50-k7,M-SSA,3,605029,43,768.0
B-n50-k7,M-SSA,3,605029,44,768.0
B-n50-k7,M-SSA,3,605029,45,768.0
B-n50-k7,M-SSA,3,605029,46,768.0
B-n50-k7,M-SSA,3,605029,47,768.0
B-n50-k7,M-SSA,3,605029,48,768.0
B-n50-k7,M-SSA,3,605029,49,768.0
B-n50-k7,M-SSA,3,605029,50,768.0
B-n50-k7,M-SSA,3,605029,51,768.0
B-n50-k7,M-SSA,3,605029,52,768.0
B-n50-k7,M-SSA,3,605029,53,768.0
B-n50-k7,M-SSA,3,605029,54,768.0
B-n50-k7,M-SSA,3,605029,55,768.0
B-n50-k7,M-SSA,3,605029,56,768.0
B-n50-k7,M-SSA,3,605029,57,768.0
B-n50-k7,M-SSA,3,605029,58,768.0
B-n50-k7,M-SSA,3,605029,59,768.0
B-n50-k7,M-SSA,3,605029,60,768.0
B-n50-k7,M-SSA,3,605029,61,768.0
B-n50-k7,M-SSA,3,605029,62,768.0
B-n50-k7,M-SSA,3,605029,63,768.0
B-n50-k7,M-SSA,3,605029,64,768.0
B-n50-k7,M-SSA,3,605029,65,768.0
B-n50-k7,M-SSA,3,605029,66,768.0
B-n50-k7,M-SSA,3,605029,67,768.0
B-n50-k7,M-SSA,3,605029,68,768.0
B-n50-k7,M-SSA,3,605029,69,768.0
B-n50-k7,M-SSA,3,605029,70,768.0
B-n50-k7,M-SSA,3,605029,71,768.0
B-n50-k7,M-SSA,3,605029,72,768.0
B-n50-k7,M-SSA,3,605029,73,768.0
B-n50-k7,M-SSA,3,605029,74,768.0
B-n50-k7,M-SSA,3,605029,75,768.0
B-n50-k7,M-SSA,3,605029,76,768.0
B-n50-k7,M-SSA,3,605029,77,768.0
B-n50-k7,M-SSA,3,605029,78,768.0
B-n50-k7,M-SSA,3,605029,79,768.0
B-n50-k7,M-SSA,3,605029,80,768.0
B-n50-k7,M-SSA,3,605029,81,768.0
B-n50-k7,M-SSA,3,605029,82,768.0
B-n50-k7,M-SSA,3,605029,83,768.0
B-n50-k7,M-SSA,3,605029,84,768.0
B-n50-k7,M-SSA,3,605029,85,768.0
B-n50-k7,M-SSA,3,605029,86,768.0
B-n50-k7,M-SSA,3,605029,87,768.0
B-n50-k7,M-SSA,3,605029,88,768.0
B-n50-k7,M-SSA,3,605029,89,768.0
B-n50-k7,M-SSA,3,605029,90,768.0
B-n50-k7,M-SSA,3,605029,91,768.0
B-n50-k7,M-SSA,3,605029,92,768.0
B-n50-k7,M-SSA,3,605029,93,768.0
B-n50-k7,M-SSA,3,605029,94,768.0
B-n50-k7,M-SSA,3,605029,95,768.0
B-n50-k7,M-SSA,3,605029,96,768.0
B-n50-k7,M-SSA,3,605029,97,768.0
B-n50-k7,M-SSA,3,605029,98,768.0
B-n50-k7,M-SSA,3,605029,99,768.0
B-n50-k7,M-SSA,3,605029,100,768.0
B-n50-k7,M-SSA,3,605029,101,768.0
B-n50-k7,M-SSA,3,605029,102,768.0
B-n50-k7,M-SSA,3,605029,103,768.0
B-n50-k7,M-SSA,3,605029,104,768.0
B-n50-k7,M-SSA,3,605029,105,768.0
B-n50-k7,M-SSA,3,605029,106,768.0
B-n50-k7,M-SSA,3,605029,107,768.0
B-n50-k7,M-SSA,3,605029,108,768.0
B-n50-k7,M-SSA,3,605029,109,768.0
B-n50-k7,M-SSA,3,605029,110,768.0
B-n50-k7,M-SSA,3,605029,111,759.0
B-n50-k7,M-SSA,3,605029,112,757.0
B-n50-k7,M-SSA,3,605029,113,757.0
B-n50-k7,M-SSA,3,605029,114,757.0
B-n50-k7,M-SSA,3,605029,115,757.0
B-n50-k7,M-SSA,3,605029,116,757.0
B-n50-k7,M-SSA,3,605029,117,757.0
B-n50-k7,M-SSA,3,605029,118,757.0
B-n50-k7,M-SSA,3,605029,119,757.0
B-n50-k7,M-SSA,3,605029,120,757.0
B-n50-k7,M-SSA,3,605029,121,757.0
B-n50-k7,M-SSA,3,605029,122,757.0
B-n50-k7,M-SSA,3,605029,123,756.0
B-n50-k7,M-SSA,3,605029,124,756.0
B-n50-k7,M-SSA,3,605029,125,756.0
B-n50-k7,M-SSA,3,605029,126,756.0
B-n50-k7,M-SSA,3,605029,127,756.0
B-n50-k7,M-SSA,3,605029,128,756.0
B-n50-k7,M-SSA,3,605029,129,756.0
B-n50-k7,M-SSA,3,605029,130,756.0
B-n50-k7,M-SSA,3,605029,131,756.0
B-n50-k7,M-SSA,3,605029,132,756.0
B-n50-k7,M-SSA,3,605029,133,756.0
B-n50-k7,M-SSA,3,605029,134,756.0
B-n50-k7,M-SSA,3,605029,135,756.0
B-n50-k7,M-SSA,3,605029,136,756.0
B-n50-k7,M-SSA,3,605029,137,756.0
B-n50-k7,M-SSA,3,605029,138,756.0
B-n50-k7,M-SSA,3,605029,139,755.0
B-n50-k7,M-SSA,3,605029,140,755.0
B-n50-k7,M-SSA,3,605029,141,754.0
B-n50-k7,M-SSA,3,605029,142,754.0
B-n50-k7,M-SSA,3,605029,143,754.0
B-n50-k7,M-SSA,3,605029,144,754.0
B-n50-k7,M-SSA,3,605029,145,753.0
B-n50-k7,M-SSA,3,605029,146,753.0
B-n50-k7,M-SSA,3,605029,147,753.0
B-n50-k7,M-SSA,3,605029,148,752.0
B-n50-k7,M-SSA,3,605029,149,752.0
B-n50-k7,M-SSA,3,605029,150,752.0
B-n50-k7,M-SSA,3,605029,151,752.0
B-n50-k7,M-SSA,3,605029,152,752.0
B-n50-k7,M-SSA,3,605029,153,749.0
B-n50-k7,M-SSA,3,605029,154,749.0
B-n50-k7,M-SSA,3,605029,155,749.0
B-n50-k7,M-SSA,3,605029,156,748.0
B-n50-k7,M-SSA,3,605029,157,745.0
B-n50-k7,M-SSA,3,605029,158,744.0
B-n50-k7,M-SSA,3,605029,159,744.0
B-n50-k7,M-SSA,3,605029,160,744.0
B-n50-k7,M-SSA,3,605029,161,741.0
B-n50-k7,M-SSA,3,605029,162,741.0
B-n50-k7,M-SSA,3,605029,163,741.0
B-n50-k7,M-SSA,3,605029,164,741.0
B-n50-k7,M-SSA,3,605029,165,741.0
B-n50-k7,M-SSA,3,605029,166,741.0
B-n50-k7,M-SSA,3,605029,167,741.0
B-n50-k7,M-SSA,3,605029,168,741.0
B-n50-k7,M-SSA,3,605029,169,741.0
B-n50-k7,M-SSA,3,605029,170,741.0
B-n50-k7,M-SSA,3,605029,171,741.0
B-n50-k7,M-SSA,3,605029,172,741.0
B-n50-k7,M-SSA,3,605029,173,741.0
B-n50-k7,M-SSA,3,605029,174,741.0
B-n50-k7,M-SSA,3,605029,175,741.0
B-n50-k7,M-SSA,3,605029,176,741.0
B-n50-k7,M-SSA,3,605029,177,741.0
B-n50-k7,M-SSA,3,605029,178,741.0
B-n50-k7,M-SSA,3,605029,179,741.0
B-n50-k7,M-SSA,3,605029,180,741.0
B-n50-k7,M-SSA,3,605029,181,741.0
B-n50-k7,M-SSA,3,605029,182,741.0
B-n50-k7,M-SSA,3,605029,183,741.0
B-n50-k7,M-SSA,3,605029,184,741.0
B-n50-k7,M-SSA,3,605029,185,741.0
B-n50-k7,M-SSA,3,605029,186,741.0
B-n50-k7,M-SSA,3,605029,187,741.0
B-n50-k7,M-SSA,3,605029,188,741.0
B-n50-k7,M-SSA,3,605029,189,741.0
B-n50-k7,M-SSA,3,605029,190,741.0
B-n50-k7,M-SSA,3,605029,191,741.0
B-n50-k7,M-SSA,3,605029,192,741.0
B-n50-k7,M-SSA,3,605029,193,741.0
B-n50-k7,M-SSA,3,605029,194,741.0
B-n50-k7,M-SSA,3,605029,195,741.0
B-n50-k7,M-SSA,3,605029,196,741.0
B-n50-k7,M-SSA,3,605029,197,741.0
B-n50-k7,M-SSA,3,605029,198,741.0
B-n50-k7,M-SSA,3,605029,199,741.0
B-n50-k7,M-SSA,3,605029,200,741.0
P-n76-k4,WOA,1,702027,1,2250.0
P-n76-k4,WOA,1,702027,2,1824.0
P-n76-k4,WOA,1,702027,3,1824.0
P-n76-k4,WOA,1,702027,4,1824.0
P-n76-k4,WOA,1,702027,5,1808.0
P-n76-k4,WOA,1,702027,6,1808.0
P-n76-k4,WOA,1,702027,7,1808.0
P-n76-k4,WOA,1,702027,8,1808.0
P-n76-k4,WOA,1,702027,9,1808.0
P-n76-k4,WOA,1,702027,10,1808.0
P-n76-k4,WOA,1,702027,11,1808.0
P-n76-k4,WOA,1,702027,12,1808.0
P-n76-k4,WOA,1,702027,13,1808.0
P-n76-k4,WOA,1,702027,14,1808.0
P-n76-k4,WOA,1,702027,15,1808.0
P-n76-k4,WOA,1,702027,16,1808.0
P-n76-k4,WOA,1,702027,17,1808.0
P-n76-k4,WOA,1,702027,18,1808.0
P-n76-k4,WOA,1,702027,19,1808.0
P-n76-k4,WOA,1,702027,20,1808.0
P-n76-k4,WOA,1,702027,21,1808.0
P-n76-k4,WOA,1,702027,22,1808.0
P-n76-k4,WOA,1,702027,23,1808.0
P-n76-k4,WOA,1,702027,24,1808.0
P-n76-k4,WOA,1,702027,25,1808.0
P-n76-k4,WOA,1,702027,26,1808.0
P-n76-k4,WOA,1,702027,27,1808.0
P-n76-k4,WOA,1,702027,28,1808.0
P-n76-k4,WOA,1,702027,29,1808.0
P-n76-k4,WOA,1,702027,30,1808.0
P-n76-k4,WOA,1,702027,31,1808.0
P-n76-k4,WOA,1,702027,32,1808.0
P-n76-k4,WOA,1,702027,33,1808.0
P-n76-k4,WOA,1,702027,34,1808.0
P-n76-k4,WOA,1,702027,35,1808.0
P-n76-k4,WOA,1,702027,36,1808.0
P-n76-k4,WOA,1,702027,37,1808.0
P-n76-k4,WOA,1,702027,38,1808.0
P-n76-k4,WOA,1,702027,39,1808.0
P-n76-k4,WOA,1,702027,40,1808.0
P-n76-k4,WOA,1,702027,41,1808.0
P-n76-k4,WOA,1,702027,42,1808.0
P-n76-k4,WOA,1,702027,43,1808.0
P-n76-k4,WOA,1,702027,44,1808.0
P-n76-k4,WOA,1,702027,45,1808.0
P-n76-k4,WOA,1,702027,46,1808.0
P-n76-k4,WOA,1,702027,47,1808.0
P-n76-k4,WOA,1,702027,48,1808.0
P-n76-k4,WOA,1,702027,49,1808.0
P-n76-k4,WOA,1,702027,50,1808.0
P-n76-k4,WOA,1,702027,51,1808.0
P-n76-k4,WOA,1,702027,52,1808.0
P-n76-k4,WOA,1,702027,53,1808.0
P-n76-k4,WOA,1,702027,54,1808.0
P-n76-k4,WOA,1,702027,55,1808.0
P-n76-k4,WOA,1,702027,56,1808.0
P-n76-k4,WOA,1,702027,57,1808.0
P-n76-k4,WOA,1,702027,58,1808.0
P-n76-k4,WOA,1,702027,59,1808.0
P-n76-k4,WOA,1,702027,60,1808.0
P-n76-k4,WOA,1,702027,61,1808.0
P-n76-k4,WOA,1,702027,62,1808.0
P-n76-k4,WOA,1,702027,63,1808.0
P-n76-k4,WOA,1,702027,64,1808.0
P-n76-k4,WOA,1,702027,65,1808.0
P-n76-k4,WOA,1,702027,66,1808.0
P-n76-k4,WOA,1,702027,67,1808.0
P-n76-k4,WOA,1,702027,68,1808.0
P-n76-k4,WOA,1,702027,69,1808.0
P-n76-k4,WOA,1,702027,70,1808.0
P-n76-k4,WOA,1,702027,71,1808.0
P-n76-k4,WOA,1,702027,72,1808.0
P-n76-k4,WOA,1,702027,73,1808.0
P-n76-k4,WOA,1,702027,74,1808.0
P-n76-k4,WOA,1,702027,75,1808.0
P-n76-k4,WOA,1,702027,76,1808.0
P-n76-k4,WOA,1,702027,77,1808.0
P-n76-k4,WOA,1,702027,78,1808.0
P-n76-k4,WOA,1,702027,79,1808.0
P-n76-k4,WOA,1,702027,80,1808.0
P-n76-k4,WOA,1,702027,81,1808.0
P-n76-k4,WOA,1,702027,82,1808.0
P-n76-k4,WOA,1,702027,83,1808.0
P-n76-k4,WOA,1,702027,84,1808.0
P-n76-k4,WOA,1,702027,85,1808.0
P-n76-k4,WOA,1,702027,86,1808.0
P-n76-k4,WOA,1,702027,87,1808.0
P-n76-k4,WOA,1,702027,88,1808.0
P-n76-k4,WOA,1,702027,89,1808.0
P-n76-k4,WOA,1,702027,90,1808.0
P-n76-k4,WOA,1,702027,91,1808.0
P-n76-k4,WOA,1,702027,92,1808.0
P-n76-k4,WOA,1,702027,93,1808.0
P-n76-k4,WOA,1,702027,94,1808.0
P-n76-k4,WOA,1,702027,95,1808.0
P-n76-k4,WOA,1,702027,96,1808.0
P-n76-k4,WOA,1,702027,97,1808.0
P-n76-k4,WOA,1,702027,98,1808.0
P-n76-k4,WOA,1,702027,99,1808.0
P-n76-k4,WOA,1,702027,100,1808.0
P-n76-k4,WOA,1,702027,101,1808.0
P-n76-k4,WOA,1,702027,102,1808.0
P-n76-k4,WOA,1,702027,103,1808.0
P-n76-k4,WOA,1,702027,104,1808.0
P-n76-k4,WOA,1,702027,105,1808.0
P-n76-k4,WOA,1,702027,106,1808.0
P-n76-k4,WOA,1,702027,107,1808.0
P-n76-k4,WOA,1,702027,108,1808.0
P-n76-k4,WOA,1,702027,109,1808.0
P-n76-k4,WOA,1,702027,110,1808.0
P-n76-k4,WOA,1,702027,111,1808.0
P-n76-k4,WOA,1,702027,112,1808.0
P-n76-k4,WOA,1,702027,113,1808.0
P-n76-k4,WOA,1,702027,114,1808.0
P-n76-k4,WOA,1,702027,115,1808.0
P-n76-k4,WOA,1,702027,116,1808.0
P-n76-k4,WOA,1,702027,117,1808.0
P-n76-k4,WOA,1,702027,118,1808.0
P-n76-k4,WOA,1,702027,119,1808.0
P-n76-k4,WOA,1,702027,120,1808.0
P-n76-k4,WOA,1,702027,121,1808.0
P-n76-k4,WOA,1,702027,122,1808.0
P-n76-k4,WOA,1,702027,123,1808.0
P-n76-k4,WOA,1,702027,124,1808.0
P-n76-k4,WOA,1,702027,125,1808.0
P-n76-k4,WOA,1,702027,126,1808.0
P-n76-k4,WOA,1,702027,127,1808.0
P-n76-k4,WOA,1,702027,128,1808.0
P-n76-k4,WOA,1,702027,129,1808.0
P-n76-k4,WOA,1,702027,130,1808.0
P-n76-k4,WOA,1,702027,131,1808.0
P-n76-k4,WOA,1,702027,132,1808.0
P-n76-k4,WOA,1,702027,133,1808.0
P-n76-k4,WOA,1,702027,134,1808.0
P-n76-k4,WOA,1,702027,135,1808.0
P-n76-k4,WOA,1,702027,136,1808.0
P-n76-k4,WOA,1,702027,137,1808.0
P-n76-k4,WOA,1,702027,138,1808.0
P-n76-k4,WOA,1,702027,139,1808.0
P-n76-k4,WOA,1,702027,140,1808.0
P-n76-k4,WOA,1,702027,141,1808.0
P-n76-k4,WOA,1,702027,142,1808.0
P-n76-k4,WOA,1,702027,143,1808.0
P-n76-k4,WOA,1,702027,144,1808.0
P-n76-k4,WOA,1,702027,145,1808.0
P-n76-k4,WOA,1,702027,146,1808.0
P-n76-k4,WOA,1,702027,147,1808.0
P-n76-k4,WOA,1,702027,148,1808.0
P-n76-k4,WOA,1,702027,149,1808.0
P-n76-k4,WOA,1,702027,150,1808.0
P-n76-k4,WOA,1,702027,151,1808.0
P-n76-k4,WOA,1,702027,152,1808.0
P-n76-k4,WOA,1,702027,153,1808.0
P-n76-k4,WOA,1,702027,154,1808.0
P-n76-k4,WOA,1,702027,155,1808.0
P-n76-k4,WOA,1,702027,156,1808.0
P-n76-k4,WOA,1,702027,157,1808.0
P-n76-k4,WOA,1,702027,158,1808.0
P-n76-k4,WOA,1,702027,159,1808.0
P-n76-k4,WOA,1,702027,160,1808.0
P-n76-k4,WOA,1,702027,161,1808.0
P-n76-k4,WOA,1,702027,162,1808.0
P-n76-k4,WOA,1,702027,163,1808.0
P-n76-k4,WOA,1,702027,164,1808.0
P-n76-k4,WOA,1,702027,165,1808.0
P-n76-k4,WOA,1,702027,166,1808.0
P-n76-k4,WOA,1,702027,167,1808.0
P-n76-k4,WOA,1,702027,168,1808.0
P-n76-k4,WOA,1,702027,169,1808.0
P-n76-k4,WOA,1,702027,170,1808.0
P-n76-k4,WOA,1,702027,171,1808.0
P-n76-k4,WOA,1,702027,172,1808.0
P-n76-k4,WOA,1,702027,173,1808.0
P-n76-k4,WOA,1,702027,174,1808.0
P-n76-k4,WOA,1,702027,175,1808.0
P-n76-k4,WOA,1,702027,176,1808.0
P-n76-k4,WOA,1,702027,177,1808.0
P-n76-k4,WOA,1,702027,178,1808.0
P-n76-k4,WOA,1,702027,179,1808.0
P-n76-k4,WOA,1,702027,180,1808.0
P-n76-k4,WOA,1,702027,181,1808.0
P-n76-k4,WOA,1,702027,182,1808.0
P-n76-k4,WOA,1,702027,183,1808.0
P-n76-k4,WOA,1,702027,184,1808.0
P-n76-k4,WOA,1,702027,185,1808.0
P-n76-k4,WOA,1,702027,186,1808.0
P-n76-k4,WOA,1,702027,187,1808.0
P-n76-k4,WOA,1,702027,188,1808.0
P-n76-k4,WOA,1,702027,189,1808.0
P-n76-k4,WOA,1,702027,190,1808.0
P-n76-k4,WOA,1,702027,191,1808.0
P-n76-k4,WOA,1,702027,192,1808.0
P-n76-k4,WOA,1,702027,193,1808.0
P-n76-k4,WOA,1,702027,194,1808.0
P-n76-k4,WOA,1,702027,195,1808.0
P-n76-k4,WOA,1,702027,196,1808.0
P-n76-k4,WOA,1,702027,197,1808.0
P-n76-k4,WOA,1,702027,198,1808.0
P-n76-k4,WOA,1,702027,199,1808.0
P-n76-k4,WOA,1,702027,200,1808.0
P-n76-k4,WOA,2,702028,1,2328.0
P-n76-k4,WOA,2,702028,2,1964.0
P-n76-k4,WOA,2,702028,3,1899.0
P-n76-k4,WOA,2,702028,4,1899.0
P-n76-k4,WOA,2,702028,5,1899.0
P-n76-k4,WOA,2,702028,6,1899.0
P-n76-k4,WOA,2,702028,7,1899.0
P-n76-k4,WOA,2,702028,8,1899.0
P-n76-k4,WOA,2,702028,9,1899.0
P-n76-k4,WOA,2,702028,10,1899.0
P-n76-k4,WOA,2,702028,11,1808.0
P-n76-k4,WOA,2,702028,12,1808.0
P-n76-k4,WOA,2,702028,13,1808.0
P-n76-k4,WOA,2,702028,14,1808.0
P-n76-k4,WOA,2,702028,15,1803.0
P-n76-k4,WOA,2,702028,16,1803.0
P-n76-k4,WOA,2,702028,17,1803.0
P-n76-k4,WOA,2,702028,18,1803.0
P-n76-k4,WOA,2,702028,19,1803.0
P-n76-k4,WOA,2,702028,20,1803.0
P-n76-k4,WOA,2,702028,21,1803.0
P-n76-k4,WOA,2,702028,22,1803.0
P-n76-k4,WOA,2,702028,23,1803.0
P-n76-k4,WOA,2,702028,24,1803.0
P-n76-k4,WOA,2,702028,25,1803.0
P-n76-k4,WOA,2,702028,26,1803.0
P-n76-k4,WOA,2,702028,27,1803.0
P-n76-k4,WOA,2,702028,28,1803.0
P-n76-k4,WOA,2,702028,29,1803.0
P-n76-k4,WOA,2,702028,30,1803.0
P-n76-k4,WOA,2,702028,31,1803.0
P-n76-k4,WOA,2,702028,32,1803.0
P-n76-k4,WOA,2,702028,33,1803.0
P-n76-k4,WOA,2,702028,34,1803.0
P-n76-k4,WOA,2,702028,35,1803.0
P-n76-k4,WOA,2,702028,36,1803.0
P-n76-k4,WOA,2,702028,37,1803.0
P-n76-k4,WOA,2,702028,38,1803.0
P-n76-k4,WOA,2,702028,39,1803.0
P-n76-k4,WOA,2,702028,40,1803.0
P-n76-k4,WOA,2,702028,41,1803.0
P-n76-k4,WOA,2,702028,42,1803.0
P-n76-k4,WOA,2,702028,43,1803.0
P-n76-k4,WOA,2,702028,44,1803.0
P-n76-k4,WOA,2,702028,45,1803.0
P-n76-k4,WOA,2,702028,46,1803.0
P-n76-k4,WOA,2,702028,47,1803.0
P-n76-k4,WOA,2,702028,48,1803.0
P-n76-k4,WOA,2,702028,49,1803.0
P-n76-k4,WOA,2,702028,50,1803.0
P-n76-k4,WOA,2,702028,51,1803.0
P-n76-k4,WOA,2,702028,52,1803.0
P-n76-k4,WOA,2,702028,53,1803.0
P-n76-k4,WOA,2,702028,54,1803.0
P-n76-k4,WOA,2,702028,55,1803.0
P-n76-k4,WOA,2,702028,56,1803.0
P-n76-k4,WOA,2,702028,57,1803.0
P-n76-k4,WOA,2,702028,58,1803.0
P-n76-k4,WOA,2,702028,59,1803.0
P-n76-k4,WOA,2,702028,60,1803.0
P-n76-k4,WOA,2,702028,61,1803.0
P-n76-k4,WOA,2,702028,62,1803.0
P-n76-k4,WOA,2,702028,63,1803.0
P-n76-k4,WOA,2,702028,64,1803.0
P-n76-k4,WOA,2,702028,65,1803.0
P-n76-k4,WOA,2,702028,66,1803.0
P-n76-k4,WOA,2,702028,67,1803.0
P-n76-k4,WOA,2,702028,68,1803.0
P-n76-k4,WOA,2,702028,69,1803.0
P-n76-k4,WOA,2,702028,70,1803.0
P-n76-k4,WOA,2,702028,71,1803.0
P-n76-k4,WOA,2,702028,72,1803.0
P-n76-k4,WOA,2,702028,73,1803.0
P-n76-k4,WOA,2,702028,74,1803.0
P-n76-k4,WOA,2,702028,75,1803.0
P-n76-k4,WOA,2,702028,76,1803.0
P-n76-k4,WOA,2,702028,77,1803.0
P-n76-k4,WOA,2,702028,78,1803.0
P-n76-k4,WOA,2,702028,79,1803.0
P-n76-k4,WOA,2,702028,80,1803.0
P-n76-k4,WOA,2,702028,81,1803.0
P-n76-k4,WOA,2,702028,82,1803.0
P-n76-k4,WOA,2,702028,83,1803.0
P-n76-k4,WOA,2,702028,84,1803.0
P-n76-k4,WOA,2,702028,85,1803.0
P-n76-k4,WOA,2,702028,86,1803.0
P-n76-k4,WOA,2,702028,87,1803.0
P-n76-k4,WOA,2,702028,88,1803.0
P-n76-k4,WOA,2,702028,89,1803.0
P-n76-k4,WOA,2,702028,90,1803.0
P-n76-k4,WOA,2,702028,91,1803.0
P-n76-k4,WOA,2,702028,92,1803.0
P-n76-k4,WOA,2,702028,93,1803.0
P-n76-k4,WOA,2,702028,94,1803.0
P-n76-k4,WOA,2,702028,95,1803.0
P-n76-k4,WOA,2,702028,96,1803.0
P-n76-k4,WOA,2,702028,97,1803.0
P-n76-k4,WOA,2,702028,98,1803.0
P-n76-k4,WOA,2,702028,99,1803.0
P-n76-k4,WOA,2,702028,100,1803.0
P-n76-k4,WOA,2,702028,101,1803.0
P-n76-k4,WOA,2,702028,102,1803.0
P-n76-k4,WOA,2,702028,103,1803.0
P-n76-k4,WOA,2,702028,104,1803.0
P-n76-k4,WOA,2,702028,105,1803.0
P-n76-k4,WOA,2,702028,106,1803.0
P-n76-k4,WOA,2,702028,107,1803.0
P-n76-k4,WOA,2,702028,108,1803.0
P-n76-k4,WOA,2,702028,109,1803.0
P-n76-k4,WOA,2,702028,110,1803.0
P-n76-k4,WOA,2,702028,111,1803.0
P-n76-k4,WOA,2,702028,112,1803.0
P-n76-k4,WOA,2,702028,113,1803.0
P-n76-k4,WOA,2,702028,114,1803.0
P-n76-k4,WOA,2,702028,115,1803.0
P-n76-k4,WOA,2,702028,116,1803.0
P-n76-k4,WOA,2,702028,117,1803.0
P-n76-k4,WOA,2,702028,118,1803.0
P-n76-k4,WOA,2,702028,119,1803.0
P-n76-k4,WOA,2,702028,120,1803.0
P-n76-k4,WOA,2,702028,121,1803.0
P-n76-k4,WOA,2,702028,122,1803.0
P-n76-k4,WOA,2,702028,123,1803.0
P-n76-k4,WOA,2,702028,124,1803.0
P-n76-k4,WOA,2,702028,125,1803.0
P-n76-k4,WOA,2,702028,126,1803.0
P-n76-k4,WOA,2,702028,127,1803.0
P-n76-k4,WOA,2,702028,128,1803.0
P-n76-k4,WOA,2,702028,129,1803.0
P-n76-k4,WOA,2,702028,130,1803.0
P-n76-k4,WOA,2,702028,131,1803.0
P-n76-k4,WOA,2,702028,132,1803.0
P-n76-k4,WOA,2,702028,133,1803.0
P-n76-k4,WOA,2,702028,134,1803.0
P-n76-k4,WOA,2,702028,135,1803.0
P-n76-k4,WOA,2,702028,136,1803.0
P-n76-k4,WOA,2,702028,137,1803.0
P-n76-k4,WOA,2,702028,138,1803.0
P-n76-k4,WOA,2,702028,139,1803.0
P-n76-k4,WOA,2,702028,140,1803.0
P-n76-k4,WOA,2,702028,141,1803.0
P-n76-k4,WOA,2,702028,142,1803.0
P-n76-k4,WOA,2,702028,143,1803.0
P-n76-k4,WOA,2,702028,144,1803.0
P-n76-k4,WOA,2,702028,145,1803.0
P-n76-k4,WOA,2,702028,146,1803.0
P-n76-k4,WOA,2,702028,147,1803.0
P-n76-k4,WOA,2,702028,148,1803.0
P-n76-k4,WOA,2,702028,149,1803.0
P-n76-k4,WOA,2,702028,150,1803.0
P-n76-k4,WOA,2,702028,151,1803.0
P-n76-k4,WOA,2,702028,152,1803.0
P-n76-k4,WOA,2,702028,153,1803.0
P-n76-k4,WOA,2,702028,154,1803.0
P-n76-k4,WOA,2,702028,155,1803.0
P-n76-k4,WOA,2,702028,156,1803.0
P-n76-k4,WOA,2,702028,157,1803.0
P-n76-k4,WOA,2,702028,158,1803.0
P-n76-k4,WOA,2,702028,159,1803.0
P-n76-k4,WOA,2,702028,160,1803.0
P-n76-k4,WOA,2,702028,161,1803.0
P-n76-k4,WOA,2,702028,162,1803.0
P-n76-k4,WOA,2,702028,163,1803.0
P-n76-k4,WOA,2,702028,164,1803.0
P-n76-k4,WOA,2,702028,165,1803.0
P-n76-k4,WOA,2,702028,166,1803.0
P-n76-k4,WOA,2,702028,167,1803.0
P-n76-k4,WOA,2,702028,168,1803.0
P-n76-k4,WOA,2,702028,169,1803.0
P-n76-k4,WOA,2,702028,170,1803.0
P-n76-k4,WOA,2,702028,171,1803.0
P-n76-k4,WOA,2,702028,172,1803.0
P-n76-k4,WOA,2,702028,173,1803.0
P-n76-k4,WOA,2,702028,174,1803.0
P-n76-k4,WOA,2,702028,175,1803.0
P-n76-k4,WOA,2,702028,176,1803.0
P-n76-k4,WOA,2,702028,177,1803.0
P-n76-k4,WOA,2,702028,178,1803.0
P-n76-k4,WOA,2,702028,179,1803.0
P-n76-k4,WOA,2,702028,180,1803.0
P-n76-k4,WOA,2,702028,181,1803.0
P-n76-k4,WOA,2,702028,182,1803.0
P-n76-k4,WOA,2,702028,183,1803.0
P-n76-k4,WOA,2,702028,184,1803.0
P-n76-k4,WOA,2,702028,185,1803.0
P-n76-k4,WOA,2,702028,186,1803.0
P-n76-k4,WOA,2,702028,187,1803.0
P-n76-k4,WOA,2,702028,188,1803.0
P-n76-k4,WOA,2,702028,189,1803.0
P-n76-k4,WOA,2,702028,190,1803.0
P-n76-k4,WOA,2,702028,191,1803.0
P-n76-k4,WOA,2,702028,192,1803.0
P-n76-k4,WOA,2,702028,193,1803.0
P-n76-k4,WOA,2,702028,194,1803.0
P-n76-k4,WOA,2,702028,195,1803.0
P-n76-k4,WOA,2,702028,196,1803.0
P-n76-k4,WOA,2,702028,197,1803.0
P-n76-k4,WOA,2,702028,198,1803.0
P-n76-k4,WOA,2,702028,199,1803.0
P-n76-k4,WOA,2,702028,200,1803.0
P-n76-k4,WOA,3,702029,1,2207.0
P-n76-k4,WOA,3,702029,2,2005.0
P-n76-k4,WOA,3,702029,3,1803.0
P-n76-k4,WOA,3,702029,4,1803.0
P-n76-k4,WOA,3,702029,5,1803.0
P-n76-k4,WOA,3,702029,6,1803.0
P-n76-k4,WOA,3,702029,7,1803.0
P-n76-k4,WOA,3,702029,8,1803.0
P-n76-k4,WOA,3,702029,9,1803.0
P-n76-k4,WOA,3,702029,10,1803.0
P-n76-k4,WOA,3,702029,11,1803.0
P-n76-k4,WOA,3,702029,12,1803.0
P-n76-k4,WOA,3,702029,13,1803.0
P-n76-k4,WOA,3,702029,14,1803.0
P-n76-k4,WOA,3,702029,15,1803.0
P-n76-k4,WOA,3,702029,16,1803.0
P-n76-k4,WOA,3,702029,17,1803.0
P-n76-k4,WOA,3,702029,18,1803.0
P-n76-k4,WOA,3,702029,19,1803.0
P-n76-k4,WOA,3,702029,20,1803.0
P-n76-k4,WOA,3,702029,21,1803.0
P-n76-k4,WOA,3,702029,22,1803.0
P-n76-k4,WOA,3,702029,23,1803.0
P-n76-k4,WOA,3,702029,24,1803.0
P-n76-k4,WOA,3,702029,25,1803.0
P-n76-k4,WOA,3,702029,26,1803.0
P-n76-k4,WOA,3,702029,27,1803.0
P-n76-k4,WOA,3,702029,28,1803.0
P-n76-k4,WOA,3,702029,29,1803.0
P-n76-k4,WOA,3,702029,30,1803.0
P-n76-k4,WOA,3,702029,31,1803.0
P-n76-k4,WOA,3,702029,32,1803.0
P-n76-k4,WOA,3,702029,33,1803.0
P-n76-k4,WOA,3,702029,34,1803.0
P-n76-k4,WOA,3,702029,35,1803.0
P-n76-k4,WOA,3,702029,36,1803.0
P-n76-k4,WOA,3,702029,37,1803.0
P-n76-k4,WOA,3,702029,38,1803.0
P-n76-k4,WOA,3,702029,39,1803.0
P-n76-k4,WOA,3,702029,40,1803.0
P-n76-k4,WOA,3,702029,41,1803.0
P-n76-k4,WOA,3,702029,42,1803.0
P-n76-k4,WOA,3,702029,43,1803.0
P-n76-k4,WOA,3,702029,44,1803.0
P-n76-k4,WOA,3,702029,45,1803.0
P-n76-k4,WOA,3,702029,46,1803.0
P-n76-k4,WOA,3,702029,47,1803.0
P-n76-k4,WOA,3,702029,48,1803.0
P-n76-k4,WOA,3,702029,49,1803.0
P-n76-k4,WOA,3,702029,50,1803.0
P-n76-k4,WOA,3,702029,51,1803.0
P-n76-k4,WOA,3,702029,52,1803.0
P-n76-k4,WOA,3,702029,53,1803.0
P-n76-k4,WOA,3,702029,54,1803.0
P-n76-k4,WOA,3,702029,55,1803.0
P-n76-k4,WOA,3,702029,56,1803.0
P-n76-k4,WOA,3,702029,57,1803.0
P-n76-k4,WOA,3,702029,58,1803.0
P-n76-k4,WOA,3,702029,59,1803.0
P-n76-k4,WOA,3,702029,60,1803.0
P-n76-k4,WOA,3,702029,61,1803.0
P-n76-k4,WOA,3,702029,62,1803.0
P-n76-k4,WOA,3,702029,63,1803.0
P-n76-k4,WOA,3,702029,64,1803.0
P-n76-k4,WOA,3,702029,65,1803.0
P-n76-k4,WOA,3,702029,66,1803.0
P-n76-k4,WOA,3,702029,67,1803.0
P-n76-k4,WOA,3,702029,68,1803.0
P-n76-k4,WOA,3,702029,69,1803.0
P-n76-k4,WOA,3,702029,70,1803.0
P-n76-k4,WOA,3,702029,71,1803.0
P-n76-k4,WOA,3,702029,72,1803.0
P-n76-k4,WOA,3,702029,73,1803.0
P-n76-k4,WOA,3,702029,74,1803.0
P-n76-k4,WOA,3,702029,75,1803.0
P-n76-k4,WOA,3,702029,76,1803.0
P-n76-k4,WOA,3,702029,77,1803.0
P-n76-k4,WOA,3,702029,78,1803.0
P-n76-k4,WOA,3,702029,79,1803.0
P-n76-k4,WOA,3,702029,80,1803.0
P-n76-k4,WOA,3,702029,81,1803.0
P-n76-k4,WOA,3,702029,82,1803.0
P-n76-k4,WOA,3,702029,83,1803.0
P-n76-k4,WOA,3,702029,84,1803.0
P-n76-k4,WOA,3,702029,85,1803.0
P-n76-k4,WOA,3,702029,86,1803.0
P-n76-k4,WOA,3,702029,87,1803.0
P-n76-k4,WOA,3,702029,88,1803.0
P-n76-k4,WOA,3,702029,89,1803.0
P-n76-k4,WOA,3,702029,90,1803.0
P-n76-k4,WOA,3,702029,91,1803.0
P-n76-k4,WOA,3,702029,92,1803.0
P-n76-k4,WOA,3,702029,93,1803.0
P-n76-k4,WOA,3,702029,94,1803.0
P-n76-k4,WOA,3,702029,95,1803.0
P-n76-k4,WOA,3,702029,96,1803.0
P-n76-k4,WOA,3,702029,97,1803.0
P-n76-k4,WOA,3,702029,98,1803.0
P-n76-k4,WOA,3,702029,99,1803.0
P-n76-k4,WOA,3,702029,100,1803.0
P-n76-k4,WOA,3,702029,101,1803.0
P-n76-k4,WOA,3,702029,102,1803.0
P-n76-k4,WOA,3,702029,103,1803.0
P-n76-k4,WOA,3,702029,104,1803.0
P-n76-k4,WOA,3,702029,105,1803.0
P-n76-k4,WOA,3,702029,106,1803.0
P-n76-k4,WOA,3,702029,107,1803.0
P-n76-k4,WOA,3,702029,108,1803.0
P-n76-k4,WOA,3,702029,109,1803.0
P-n76-k4,WOA,3,702029,110,1803.0
P-n76-k4,WOA,3,702029,111,1803.0
P-n76-k4,WOA,3,702029,112,1803.0
P-n76-k4,WOA,3,702029,113,1803.0
P-n76-k4,WOA,3,702029,114,1803.0
P-n76-k4,WOA,3,702029,115,1803.0
P-n76-k4,WOA,3,702029,116,1803.0
P-n76-k4,WOA,3,702029,117,1803.0
P-n76-k4,WOA,3,702029,118,1803.0
P-n76-k4,WOA,3,702029,119,1803.0
P-n76-k4,WOA,3,702029,120,1803.0
P-n76-k4,WOA,3,702029,121,1803.0
P-n76-k4,WOA,3,702029,122,1803.0
P-n76-k4,WOA,3,702029,123,1803.0
P-n76-k4,WOA,3,702029,124,1803.0
P-n76-k4,WOA,3,702029,125,1803.0
P-n76-k4,WOA,3,702029,126,1803.0
P-n76-k4,WOA,3,702029,127,1803.0
P-n76-k4,WOA,3,702029,128,1803.0
P-n76-k4,WOA,3,702029,129,1803.0
P-n76-k4,WOA,3,702029,130,1803.0
P-n76-k4,WOA,3,702029,131,1803.0
P-n76-k4,WOA,3,702029,132,1803.0
P-n76-k4,WOA,3,702029,133,1803.0
P-n76-k4,WOA,3,702029,134,1803.0
P-n76-k4,WOA,3,702029,135,1803.0
P-n76-k4,WOA,3,702029,136,1803.0
P-n76-k4,WOA,3,702029,137,1803.0
P-n76-k4,WOA,3,702029,138,1803.0
P-n76-k4,WOA,3,702029,139,1803.0
P-n76-k4,WOA,3,702029,140,1803.0
P-n76-k4,WOA,3,702029,141,1803.0
P-n76-k4,WOA,3,702029,142,1803.0
P-n76-k4,WOA,3,702029,143,1803.0
P-n76-k4,WOA,3,702029,144,1803.0
P-n76-k4,WOA,3,702029,145,1803.0
P-n76-k4,WOA,3,702029,146,1803.0
P-n76-k4,WOA,3,702029,147,1803.0
P-n76-k4,WOA,3,702029,148,1803.0
P-n76-k4,WOA,3,702029,149,1803.0
P-n76-k4,WOA,3,702029,150,1803.0
P-n76-k4,WOA,3,702029,151,1803.0
P-n76-k4,WOA,3,702029,152,1803.0
P-n76-k4,WOA,3,702029,153,1803.0
P-n76-k4,WOA,3,702029,154,1803.0
P-n76-k4,WOA,3,702029,155,1803.0
P-n76-k4,WOA,3,702029,156,1803.0
P-n76-k4,WOA,3,702029,157,1803.0
P-n76-k4,WOA,3,702029,158,1803.0
P-n76-k4,WOA,3,702029,159,1803.0
P-n76-k4,WOA,3,702029,160,1803.0
P-n76-k4,WOA,3,702029,161,1803.0
P-n76-k4,WOA,3,702029,162,1803.0
P-n76-k4,WOA,3,702029,163,1803.0
P-n76-k4,WOA,3,702029,164,1803.0
P-n76-k4,WOA,3,702029,165,1803.0
P-n76-k4,WOA,3,702029,166,1803.0
P-n76-k4,WOA,3,702029,167,1803.0
P-n76-k4,WOA,3,702029,168,1803.0
P-n76-k4,WOA,3,702029,169,1803.0
P-n76-k4,WOA,3,702029,170,1803.0
P-n76-k4,WOA,3,702029,171,1803.0
P-n76-k4,WOA,3,702029,172,1803.0
P-n76-k4,WOA,3,702029,173,1803.0
P-n76-k4,WOA,3,702029,174,1803.0
P-n76-k4,WOA,3,702029,175,1803.0
P-n76-k4,WOA,3,702029,176,1803.0
P-n76-k4,WOA,3,702029,177,1803.0
P-n76-k4,WOA,3,702029,178,1803.0
P-n76-k4,WOA,3,702029,179,1803.0
P-n76-k4,WOA,3,702029,180,1803.0
P-n76-k4,WOA,3,702029,181,1803.0
P-n76-k4,WOA,3,702029,182,1803.0
P-n76-k4,WOA,3,702029,183,1803.0
P-n76-k4,WOA,3,702029,184,1803.0
P-n76-k4,WOA,3,702029,185,1803.0
P-n76-k4,WOA,3,702029,186,1803.0
P-n76-k4,WOA,3,702029,187,1803.0
P-n76-k4,WOA,3,702029,188,1803.0
P-n76-k4,WOA,3,702029,189,1803.0
P-n76-k4,WOA,3,702029,190,1803.0
P-n76-k4,WOA,3,702029,191,1803.0
P-n76-k4,WOA,3,702029,192,1803.0
P-n76-k4,WOA,3,702029,193,1803.0
P-n76-k4,WOA,3,702029,194,1803.0
P-n76-k4,WOA,3,702029,195,1803.0
P-n76-k4,WOA,3,702029,196,1803.0
P-n76-k4,WOA,3,702029,197,1803.0
P-n76-k4,WOA,3,702029,198,1803.0
P-n76-k4,WOA,3,702029,199,1803.0
P-n76-k4,WOA,3,702029,200,1803.0
P-n76-k4,SSA,1,703027,1,2284.0
P-n76-k4,SSA,1,703027,2,2154.0
P-n76-k4,SSA,1,703027,3,2154.0
P-n76-k4,SSA,1,703027,4,2154.0
P-n76-k4,SSA,1,703027,5,2120.0
P-n76-k4,SSA,1,703027,6,2069.0
P-n76-k4,SSA,1,703027,7,2069.0
P-n76-k4,SSA,1,703027,8,2069.0
P-n76-k4,SSA,1,703027,9,2069.0
P-n76-k4,SSA,1,703027,10,2069.0
P-n76-k4,SSA,1,703027,11,2069.0
P-n76-k4,SSA,1,703027,12,2069.0
P-n76-k4,SSA,1,703027,13,2069.0
P-n76-k4,SSA,1,703027,14,2069.0
P-n76-k4,SSA,1,703027,15,2069.0
P-n76-k4,SSA,1,703027,16,2069.0
P-n76-k4,SSA,1,703027,17,2069.0
P-n76-k4,SSA,1,703027,18,2069.0
P-n76-k4,SSA,1,703027,19,2037.0
P-n76-k4,SSA,1,703027,20,2037.0
P-n76-k4,SSA,1,703027,21,2037.0
P-n76-k4,SSA,1,703027,22,2037.0
P-n76-k4,SSA,1,703027,23,2037.0
P-n76-k4,SSA,1,703027,24,2037.0
P-n76-k4,SSA,1,703027,25,2016.0
P-n76-k4,SSA,1,703027,26,2016.0
P-n76-k4,SSA,1,703027,27,2016.0
P-n76-k4,SSA,1,703027,28,2016.0
P-n76-k4,SSA,1,703027,29,2016.0
P-n76-k4,SSA,1,703027,30,2016.0
P-n76-k4,SSA,1,703027,31,1932.0
P-n76-k4,SSA,1,703027,32,1923.0
P-n76-k4,SSA,1,703027,33,1923.0
P-n76-k4,SSA,1,703027,34,1923.0
P-n76-k4,SSA,1,703027,35,1923.0
P-n76-k4,SSA,1,703027,36,1868.0
P-n76-k4,SSA,1,703027,37,1868.0
P-n76-k4,SSA,1,703027,38,1868.0
P-n76-k4,SSA,1,703027,39,1868.0
P-n76-k4,SSA,1,703027,40,1868.0
P-n76-k4,SSA,1,703027,41,1868.0
P-n76-k4,SSA,1,703027,42,1868.0
P-n76-k4,SSA,1,703027,43,1868.0
P-n76-k4,SSA,1,703027,44,1868.0
P-n76-k4,SSA,1,703027,45,1868.0
P-n76-k4,SSA,1,703027,46,1868.0
P-n76-k4,SSA,1,703027,47,1868.0
P-n76-k4,SSA,1,703027,48,1868.0
P-n76-k4,SSA,1,703027,49,1868.0
P-n76-k4,SSA,1,703027,50,1868.0
P-n76-k4,SSA,1,703027,51,1868.0
P-n76-k4,SSA,1,703027,52,1868.0
P-n76-k4,SSA,1,703027,53,1868.0
P-n76-k4,SSA,1,703027,54,1868.0
P-n76-k4,SSA,1,703027,55,1868.0
P-n76-k4,SSA,1,703027,56,1868.0
P-n76-k4,SSA,1,703027,57,1868.0
P-n76-k4,SSA,1,703027,58,1868.0
P-n76-k4,SSA,1,703027,59,1868.0
P-n76-k4,SSA,1,703027,60,1868.0
P-n76-k4,SSA,1,703027,61,1868.0
P-n76-k4,SSA,1,703027,62,1868.0
P-n76-k4,SSA,1,703027,63,1868.0
P-n76-k4,SSA,1,703027,64,1868.0
P-n76-k4,SSA,1,703027,65,1868.0
P-n76-k4,SSA,1,703027,66,1868.0
P-n76-k4,SSA,1,703027,67,1868.0
P-n76-k4,SSA,1,703027,68,1868.0
P-n76-k4,SSA,1,703027,69,1868.0
P-n76-k4,SSA,1,703027,70,1868.0
P-n76-k4,SSA,1,703027,71,1868.0
P-n76-k4,SSA,1,703027,72,1868.0
P-n76-k4,SSA,1,703027,73,1868.0
P-n76-k4,SSA,1,703027,74,1868.0
P-n76-k4,SSA,1,703027,75,1868.0
P-n76-k4,SSA,1,703027,76,1868.0
P-n76-k4,SSA,1,703027,77,1868.0
P-n76-k4,SSA,1,703027,78,1868.0
P-n76-k4,SSA,1,703027,79,1868.0
P-n76-k4,SSA,1,703027,80,1868.0
P-n76-k4,SSA,1,703027,81,1868.0
P-n76-k4,SSA,1,703027,82,1868.0
P-n76-k4,SSA,1,703027,83,1868.0
P-n76-k4,SSA,1,703027,84,1868.0
P-n76-k4,SSA,1,703027,85,1868.0
P-n76-k4,SSA,1,703027,86,1868.0
P-n76-k4,SSA,1,703027,87,1868.0
P-n76-k4,SSA,1,703027,88,1868.0
P-n76-k4,SSA,1,703027,89,1868.0
P-n76-k4,SSA,1,703027,90,1868.0
P-n76-k4,SSA,1,703027,91,1868.0
P-n76-k4,SSA,1,703027,92,1868.0
P-n76-k4,SSA,1,703027,93,1868.0
P-n76-k4,SSA,1,703027,94,1868.0
P-n76-k4,SSA,1,703027,95,1868.0
P-n76-k4,SSA,1,703027,96,1868.0
P-n76-k4,SSA,1,703027,97,1868.0
P-n76-k4,SSA,1,703027,98,1868.0
P-n76-k4,SSA,1,703027,99,1868.0
P-n76-k4,SSA,1,703027,100,1868.0
P-n76-k4,SSA,1,703027,101,1868.0
P-n76-k4,SSA,1,703027,102,1868.0
P-n76-k4,SSA,1,703027,103,1868.0
P-n76-k4,SSA,1,703027,104,1868.0
P-n76-k4,SSA,1,703027,105,1868.0
P-n76-k4,SSA,1,703027,106,1868.0
P-n76-k4,SSA,1,703027,107,1868.0
P-n76-k4,SSA,1,703027,108,1868.0
P-n76-k4,SSA,1,703027,109,1868.0
P-n76-k4,SSA,1,703027,110,1868.0
P-n76-k4,SSA,1,703027,111,1868.0
P-n76-k4,SSA,1,703027,112,1868.0
P-n76-k4,SSA,1,703027,113,1868.0
P-n76-k4,SSA,1,703027,114,1868.0
P-n76-k4,SSA,1,703027,115,1868.0
P-n76-k4,SSA,1,703027,116,1868.0
P-n76-k4,SSA,1,703027,117,1868.0
P-n76-k4,SSA,1,703027,118,1868.0
P-n76-k4,SSA,1,703027,119,1868.0
P-n76-k4,SSA,1,703027,120,1868.0
P-n76-k4,SSA,1,703027,121,1868.0
P-n76-k4,SSA,1,703027,122,1868.0
P-n76-k4,SSA,1,703027,123,1868.0
P-n76-k4,SSA,1,703027,124,1837.0
P-n76-k4,SSA,1,703027,125,1837.0
P-n76-k4,SSA,1,703027,126,1837.0
P-n76-k4,SSA,1,703027,127,1837.0
P-n76-k4,SSA,1,703027,128,1837.0
P-n76-k4,SSA,1,703027,129,1837.0
P-n76-k4,SSA,1,703027,130,1837.0
P-n76-k4,SSA,1,703027,131,1837.0
P-n76-k4,SSA,1,703027,132,1837.0
P-n76-k4,SSA,1,703027,133,1837.0
P-n76-k4,SSA,1,703027,134,1837.0
P-n76-k4,SSA,1,703027,135,1837.0
P-n76-k4,SSA,1,703027,136,1837.0
P-n76-k4,SSA,1,703027,137,1837.0
P-n76-k4,SSA,1,703027,138,1837.0
P-n76-k4,SSA,1,703027,139,1837.0
P-n76-k4,SSA,1,703027,140,1821.0
P-n76-k4,SSA,1,703027,141,1821.0
P-n76-k4,SSA,1,703027,142,1821.0
P-n76-k4,SSA,1,703027,143,1821.0
P-n76-k4,SSA,1,703027,144,1821.0
P-n76-k4,SSA,1,703027,145,1821.0
P-n76-k4,SSA,1,703027,146,1821.0
P-n76-k4,SSA,1,703027,147,1821.0
P-n76-k4,SSA,1,703027,148,1821.0
P-n76-k4,SSA,1,703027,149,1821.0
P-n76-k4,SSA,1,703027,150,1821.0
P-n76-k4,SSA,1,703027,151,1821.0
P-n76-k4,SSA,1,703027,152,1821.0
P-n76-k4,SSA,1,703027,153,1821.0
P-n76-k4,SSA,1,703027,154,1821.0
P-n76-k4,SSA,1,703027,155,1821.0
P-n76-k4,SSA,1,703027,156,1821.0
P-n76-k4,SSA,1,703027,157,1821.0
P-n76-k4,SSA,1,703027,158,1821.0
P-n76-k4,SSA,1,703027,159,1821.0
P-n76-k4,SSA,1,703027,160,1821.0
P-n76-k4,SSA,1,703027,161,1821.0
P-n76-k4,SSA,1,703027,162,1821.0
P-n76-k4,SSA,1,703027,163,1821.0
P-n76-k4,SSA,1,703027,164,1821.0
P-n76-k4,SSA,1,703027,165,1821.0
P-n76-k4,SSA,1,703027,166,1821.0
P-n76-k4,SSA,1,703027,167,1821.0
P-n76-k4,SSA,1,703027,168,1821.0
P-n76-k4,SSA,1,703027,169,1821.0
P-n76-k4,SSA,1,703027,170,1821.0
P-n76-k4,SSA,1,703027,171,1821.0
P-n76-k4,SSA,1,703027,172,1821.0
P-n76-k4,SSA,1,703027,173,1821.0
P-n76-k4,SSA,1,703027,174,1821.0
P-n76-k4,SSA,1,703027,175,1821.0
P-n76-k4,SSA,1,703027,176,1821.0
P-n76-k4,SSA,1,703027,177,1821.0
P-n76-k4,SSA,1,703027,178,1821.0
P-n76-k4,SSA,1,703027,179,1821.0
P-n76-k4,SSA,1,703027,180,1821.0
P-n76-k4,SSA,1,703027,181,1821.0
P-n76-k4,SSA,1,703027,182,1821.0
P-n76-k4,SSA,1,703027,183,1821.0
P-n76-k4,SSA,1,703027,184,1821.0
P-n76-k4,SSA,1,703027,185,1821.0
P-n76-k4,SSA,1,703027,186,1821.0
P-n76-k4,SSA,1,703027,187,1821.0
P-n76-k4,SSA,1,703027,188,1821.0
P-n76-k4,SSA,1,703027,189,1821.0
P-n76-k4,SSA,1,703027,190,1821.0
P-n76-k4,SSA,1,703027,191,1821.0
P-n76-k4,SSA,1,703027,192,1821.0
P-n76-k4,SSA,1,703027,193,1821.0
P-n76-k4,SSA,1,703027,194,1821.0
P-n76-k4,SSA,1,703027,195,1821.0
P-n76-k4,SSA,1,703027,196,1821.0
P-n76-k4,SSA,1,703027,197,1821.0
P-n76-k4,SSA,1,703027,198,1821.0
P-n76-k4,SSA,1,703027,199,1821.0
P-n76-k4,SSA,1,703027,200,1821.0
P-n76-k4,SSA,2,703028,1,1953.0
P-n76-k4,SSA,2,703028,2,1953.0
P-n76-k4,SSA,2,703028,3,1953.0
P-n76-k4,SSA,2,703028,4,1953.0
P-n76-k4,SSA,2,703028,5,1951.0
P-n76-k4,SSA,2,703028,6,1951.0
P-n76-k4,SSA,2,703028,7,1951.0
P-n76-k4,SSA,2,703028,8,1951.0
P-n76-k4,SSA,2,703028,9,1951.0
P-n76-k4,SSA,2,703028,10,1951.0
P-n76-k4,SSA,2,703028,11,1951.0
P-n76-k4,SSA,2,703028,12,1951.0
P-n76-k4,SSA,2,703028,13,1951.0
P-n76-k4,SSA,2,703028,14,1951.0
P-n76-k4,SSA,2,703028,15,1951.0
P-n76-k4,SSA,2,703028,16,1951.0
P-n76-k4,SSA,2,703028,17,1951.0
P-n76-k4,SSA,2,703028,18,1951.0
P-n76-k4,SSA,2,703028,19,1951.0
P-n76-k4,SSA,2,703028,20,1951.0
P-n76-k4,SSA,2,703028,21,1951.0
P-n76-k4,SSA,2,703028,22,1951.0
P-n76-k4,SSA,2,703028,23,1951.0
P-n76-k4,SSA,2,703028,24,1951.0
P-n76-k4,SSA,2,703028,25,1943.0
P-n76-k4,SSA,2,703028,26,1943.0
P-n76-k4,SSA,2,703028,27,1943.0
P-n76-k4,SSA,2,703028,28,1943.0
P-n76-k4,SSA,2,703028,29,1943.0
P-n76-k4,SSA,2,703028,30,1943.0
P-n76-k4,SSA,2,703028,31,1943.0
P-n76-k4,SSA,2,703028,32,1943.0
P-n76-k4,SSA,2,703028,33,1943.0
P-n76-k4,SSA,2,703028,34,1943.0
P-n76-k4,SSA,2,703028,35,1943.0
P-n76-k4,SSA,2,703028,36,1943.0
P-n76-k4,SSA,2,703028,37,1943.0
P-n76-k4,SSA,2,703028,38,1943.0
P-n76-k4,SSA,2,703028,39,1943.0
P-n76-k4,SSA,2,703028,40,1943.0
P-n76-k4,SSA,2,703028,41,1943.0
P-n76-k4,SSA,2,703028,42,1943.0
P-n76-k4,SSA,2,703028,43,1943.0
P-n76-k4,SSA,2,703028,44,1943.0
P-n76-k4,SSA,2,703028,45,1943.0
P-n76-k4,SSA,2,703028,46,1851.0
P-n76-k4,SSA,2,703028,47,1851.0
P-n76-k4,SSA,2,703028,48,1851.0
P-n76-k4,SSA,2,703028,49,1851.0
P-n76-k4,SSA,2,703028,50,1851.0
P-n76-k4,SSA,2,703028,51,1851.0
P-n76-k4,SSA,2,703028,52,1851.0
P-n76-k4,SSA,2,703028,53,1851.0
P-n76-k4,SSA,2,703028,54,1851.0
P-n76-k4,SSA,2,703028,55,1851.0
P-n76-k4,SSA,2,703028,56,1851.0
P-n76-k4,SSA,2,703028,57,1851.0
P-n76-k4,SSA,2,703028,58,1851.0
P-n76-k4,SSA,2,703028,59,1851.0
P-n76-k4,SSA,2,703028,60,1851.0
P-n76-k4,SSA,2,703028,61,1851.0
P-n76-k4,SSA,2,703028,62,1851.0
P-n76-k4,SSA,2,703028,63,1851.0
P-n76-k4,SSA,2,703028,64,1851.0
P-n76-k4,SSA,2,703028,65,1851.0
P-n76-k4,SSA,2,703028,66,1851.0
P-n76-k4,SSA,2,703028,67,1851.0
P-n76-k4,SSA,2,703028,68,1851.0
P-n76-k4,SSA,2,703028,69,1851.0
P-n76-k4,SSA,2,703028,70,1851.0
P-n76-k4,SSA,2,703028,71,1851.0
P-n76-k4,SSA,2,703028,72,1851.0
P-n76-k4,SSA,2,703028,73,1851.0
P-n76-k4,SSA,2,703028,74,1851.0
P-n76-k4,SSA,2,703028,75,1851.0
P-n76-k4,SSA,2,703028,76,1851.0
P-n76-k4,SSA,2,703028,77,1851.0
P-n76-k4,SSA,2,703028,78,1851.0
P-n76-k4,SSA,2,703028,79,1851.0
P-n76-k4,SSA,2,703028,80,1851.0
P-n76-k4,SSA,2,703028,81,1851.0
P-n76-k4,SSA,2,703028,82,1851.0
P-n76-k4,SSA,2,703028,83,1851.0
P-n76-k4,SSA,2,703028,84,1851.0
P-n76-k4,SSA,2,703028,85,1851.0
P-n76-k4,SSA,2,703028,86,1851.0
P-n76-k4,SSA,2,703028,87,1851.0
P-n76-k4,SSA,2,703028,88,1851.0
P-n76-k4,SSA,2,703028,89,1851.0
P-n76-k4,SSA,2,703028,90,1851.0
P-n76-k4,SSA,2,703028,91,1851.0
P-n76-k4,SSA,2,703028,92,1851.0
P-n76-k4,SSA,2,703028,93,1851.0
P-n76-k4,SSA,2,703028,94,1851.0
P-n76-k4,SSA,2,703028,95,1851.0
P-n76-k4,SSA,2,703028,96,1851.0
P-n76-k4,SSA,2,703028,97,1851.0
P-n76-k4,SSA,2,703028,98,1851.0
P-n76-k4,SSA,2,703028,99,1851.0
P-n76-k4,SSA,2,703028,100,1851.0
P-n76-k4,SSA,2,703028,101,1851.0
P-n76-k4,SSA,2,703028,102,1851.0
P-n76-k4,SSA,2,703028,103,1851.0
P-n76-k4,SSA,2,703028,104,1851.0
P-n76-k4,SSA,2,703028,105,1851.0
P-n76-k4,SSA,2,703028,106,1851.0
P-n76-k4,SSA,2,703028,107,1851.0
P-n76-k4,SSA,2,703028,108,1851.0
P-n76-k4,SSA,2,703028,109,1851.0
P-n76-k4,SSA,2,703028,110,1851.0
P-n76-k4,SSA,2,703028,111,1851.0
P-n76-k4,SSA,2,703028,112,1851.0
P-n76-k4,SSA,2,703028,113,1851.0
P-n76-k4,SSA,2,703028,114,1851.0
P-n76-k4,SSA,2,703028,115,1851.0
P-n76-k4,SSA,2,703028,116,1851.0
P-n76-k4,SSA,2,703028,117,1851.0
P-n76-k4,SSA,2,703028,118,1851.0
P-n76-k4,SSA,2,703028,119,1851.0
P-n76-k4,SSA,2,703028,120,1814.0
P-n76-k4,SSA,2,703028,121,1814.0
P-n76-k4,SSA,2,703028,122,1814.0
P-n76-k4,SSA,2,703028,123,1814.0
P-n76-k4,SSA,2,703028,124,1814.0
P-n76-k4,SSA,2,703028,125,1814.0
P-n76-k4,SSA,2,703028,126,1814.0
P-n76-k4,SSA,2,703028,127,1814.0
P-n76-k4,SSA,2,703028,128,1814.0
P-n76-k4,SSA,2,703028,129,1814.0
P-n76-k4,SSA,2,703028,130,1814.0
P-n76-k4,SSA,2,703028,131,1814.0
P-n76-k4,SSA,2,703028,132,1814.0
P-n76-k4,SSA,2,703028,133,1814.0
P-n76-k4,SSA,2,703028,134,1814.0
P-n76-k4,SSA,2,703028,135,1814.0
P-n76-k4,SSA,2,703028,136,1814.0
P-n76-k4,SSA,2,703028,137,1814.0
P-n76-k4,SSA,2,703028,138,1814.0
P-n76-k4,SSA,2,703028,139,1814.0
P-n76-k4,SSA,2,703028,140,1814.0
P-n76-k4,SSA,2,703028,141,1814.0
P-n76-k4,SSA,2,703028,142,1814.0
P-n76-k4,SSA,2,703028,143,1814.0
P-n76-k4,SSA,2,703028,144,1814.0
P-n76-k4,SSA,2,703028,145,1814.0
P-n76-k4,SSA,2,703028,146,1814.0
P-n76-k4,SSA,2,703028,147,1814.0
P-n76-k4,SSA,2,703028,148,1814.0
P-n76-k4,SSA,2,703028,149,1814.0
P-n76-k4,SSA,2,703028,150,1814.0
P-n76-k4,SSA,2,703028,151,1814.0
P-n76-k4,SSA,2,703028,152,1814.0
P-n76-k4,SSA,2,703028,153,1814.0
P-n76-k4,SSA,2,703028,154,1814.0
P-n76-k4,SSA,2,703028,155,1814.0
P-n76-k4,SSA,2,703028,156,1814.0
P-n76-k4,SSA,2,703028,157,1814.0
P-n76-k4,SSA,2,703028,158,1814.0
P-n76-k4,SSA,2,703028,159,1814.0
P-n76-k4,SSA,2,703028,160,1814.0
P-n76-k4,SSA,2,703028,161,1814.0
P-n76-k4,SSA,2,703028,162,1814.0
P-n76-k4,SSA,2,703028,163,1814.0
P-n76-k4,SSA,2,703028,164,1814.0
P-n76-k4,SSA,2,703028,165,1814.0
P-n76-k4,SSA,2,703028,166,1814.0
P-n76-k4,SSA,2,703028,167,1814.0
P-n76-k4,SSA,2,703028,168,1814.0
P-n76-k4,SSA,2,703028,169,1814.0
P-n76-k4,SSA,2,703028,170,1814.0
P-n76-k4,SSA,2,703028,171,1814.0
P-n76-k4,SSA,2,703028,172,1814.0
P-n76-k4,SSA,2,703028,173,1814.0
P-n76-k4,SSA,2,703028,174,1814.0
P-n76-k4,SSA,2,703028,175,1814.0
P-n76-k4,SSA,2,703028,176,1814.0
P-n76-k4,SSA,2,703028,177,1814.0
P-n76-k4,SSA,2,703028,178,1814.0
P-n76-k4,SSA,2,703028,179,1814.0
P-n76-k4,SSA,2,703028,180,1814.0
P-n76-k4,SSA,2,703028,181,1814.0
P-n76-k4,SSA,2,703028,182,1814.0
P-n76-k4,SSA,2,703028,183,1814.0
P-n76-k4,SSA,2,703028,184,1814.0
P-n76-k4,SSA,2,703028,185,1814.0
P-n76-k4,SSA,2,703028,186,1814.0
P-n76-k4,SSA,2,703028,187,1814.0
P-n76-k4,SSA,2,703028,188,1814.0
P-n76-k4,SSA,2,703028,189,1814.0
P-n76-k4,SSA,2,703028,190,1814.0
P-n76-k4,SSA,2,703028,191,1814.0
P-n76-k4,SSA,2,703028,192,1814.0
P-n76-k4,SSA,2,703028,193,1814.0
P-n76-k4,SSA,2,703028,194,1814.0
P-n76-k4,SSA,2,703028,195,1814.0
P-n76-k4,SSA,2,703028,196,1814.0
P-n76-k4,SSA,2,703028,197,1814.0
P-n76-k4,SSA,2,703028,198,1814.0
P-n76-k4,SSA,2,703028,199,1814.0
P-n76-k4,SSA,2,703028,200,1814.0
P-n76-k4,SSA,3,703029,1,2039.0
P-n76-k4,SSA,3,703029,2,2039.0
P-n76-k4,SSA,3,703029,3,2039.0
P-n76-k4,SSA,3,703029,4,2039.0
P-n76-k4,SSA,3,703029,5,2039.0
P-n76-k4,SSA,3,703029,6,2039.0
P-n76-k4,SSA,3,703029,7,2039.0
P-n76-k4,SSA,3,703029,8,2039.0
P-n76-k4,SSA,3,703029,9,2039.0
P-n76-k4,SSA,3,703029,10,2039.0
P-n76-k4,SSA,3,703029,11,2039.0
P-n76-k4,SSA,3,703029,12,1907.0
P-n76-k4,SSA,3,703029,13,1907.0
P-n76-k4,SSA,3,703029,14,1907.0
P-n76-k4,SSA,3,703029,15,1907.0
P-n76-k4,SSA,3,703029,16,1907.0
P-n76-k4,SSA,3,703029,17,1907.0
P-n76-k4,SSA,3,703029,18,1907.0
P-n76-k4,SSA,3,703029,19,1907.0
P-n76-k4,SSA,3,703029,20,1907.0
P-n76-k4,SSA,3,703029,21,1907.0
P-n76-k4,SSA,3,703029,22,1907.0
P-n76-k4,SSA,3,703029,23,1907.0
P-n76-k4,SSA,3,703029,24,1907.0
P-n76-k4,SSA,3,703029,25,1907.0
P-n76-k4,SSA,3,703029,26,1907.0
P-n76-k4,SSA,3,703029,27,1907.0
P-n76-k4,SSA,3,703029,28,1907.0
P-n76-k4,SSA,3,703029,29,1886.0
P-n76-k4,SSA,3,703029,30,1886.0
P-n76-k4,SSA,3,703029,31,1886.0
P-n76-k4,SSA,3,703029,32,1886.0
P-n76-k4,SSA,3,703029,33,1886.0
P-n76-k4,SSA,3,703029,34,1886.0
P-n76-k4,SSA,3,703029,35,1886.0
P-n76-k4,SSA,3,703029,36,1886.0
P-n76-k4,SSA,3,703029,37,1798.0
P-n76-k4,SSA,3,703029,38,1798.0
P-n76-k4,SSA,3,703029,39,1798.0
P-n76-k4,SSA,3,703029,40,1798.0
P-n76-k4,SSA,3,703029,41,1798.0
P-n76-k4,SSA,3,703029,42,1798.0
P-n76-k4,SSA,3,703029,43,1798.0
P-n76-k4,SSA,3,703029,44,1798.0
P-n76-k4,SSA,3,703029,45,1798.0
P-n76-k4,SSA,3,703029,46,1798.0
P-n76-k4,SSA,3,703029,47,1798.0
P-n76-k4,SSA,3,703029,48,1798.0
P-n76-k4,SSA,3,703029,49,1798.0
P-n76-k4,SSA,3,703029,50,1798.0
P-n76-k4,SSA,3,703029,51,1798.0
P-n76-k4,SSA,3,703029,52,1798.0
P-n76-k4,SSA,3,703029,53,1798.0
P-n76-k4,SSA,3,703029,54,1798.0
P-n76-k4,SSA,3,703029,55,1798.0
P-n76-k4,SSA,3,703029,56,1798.0
P-n76-k4,SSA,3,703029,57,1798.0
P-n76-k4,SSA,3,703029,58,1798.0
P-n76-k4,SSA,3,703029,59,1798.0
P-n76-k4,SSA,3,703029,60,1798.0
P-n76-k4,SSA,3,703029,61,1798.0
P-n76-k4,SSA,3,703029,62,1798.0
P-n76-k4,SSA,3,703029,63,1798.0
P-n76-k4,SSA,3,703029,64,1798.0
P-n76-k4,SSA,3,703029,65,1798.0
P-n76-k4,SSA,3,703029,66,1798.0
P-n76-k4,SSA,3,703029,67,1798.0
P-n76-k4,SSA,3,703029,68,1798.0
P-n76-k4,SSA,3,703029,69,1798.0
P-n76-k4,SSA,3,703029,70,1798.0
P-n76-k4,SSA,3,703029,71,1798.0
P-n76-k4,SSA,3,703029,72,1798.0
P-n76-k4,SSA,3,703029,73,1798.0
P-n76-k4,SSA,3,703029,74,1798.0
P-n76-k4,SSA,3,703029,75,1798.0
P-n76-k4,SSA,3,703029,76,1798.0
P-n76-k4,SSA,3,703029,77,1798.0
P-n76-k4,SSA,3,703029,78,1798.0
P-n76-k4,SSA,3,703029,79,1798.0
P-n76-k4,SSA,3,703029,80,1798.0
P-n76-k4,SSA,3,703029,81,1798.0
P-n76-k4,SSA,3,703029,82,1798.0
P-n76-k4,SSA,3,703029,83,1798.0
P-n76-k4,SSA,3,703029,84,1798.0
P-n76-k4,SSA,3,703029,85,1798.0
P-n76-k4,SSA,3,703029,86,1798.0
P-n76-k4,SSA,3,703029,87,1798.0
P-n76-k4,SSA,3,703029,88,1798.0
P-n76-k4,SSA,3,703029,89,1798.0
P-n76-k4,SSA,3,703029,90,1798.0
P-n76-k4,SSA,3,703029,91,1798.0
P-n76-k4,SSA,3,703029,92,1798.0
P-n76-k4,SSA,3,703029,93,1798.0
P-n76-k4,SSA,3,703029,94,1798.0
P-n76-k4,SSA,3,703029,95,1798.0
P-n76-k4,SSA,3,703029,96,1798.0
P-n76-k4,SSA,3,703029,97,1798.0
P-n76-k4,SSA,3,703029,98,1798.0
P-n76-k4,SSA,3,703029,99,1798.0
P-n76-k4,SSA,3,703029,100,1798.0
P-n76-k4,SSA,3,703029,101,1798.0
P-n76-k4,SSA,3,703029,102,1798.0
P-n76-k4,SSA,3,703029,103,1798.0
P-n76-k4,SSA,3,703029,104,1798.0
P-n76-k4,SSA,3,703029,105,1798.0
P-n76-k4,SSA,3,703029,106,1798.0
P-n76-k4,SSA,3,703029,107,1721.0
P-n76-k4,SSA,3,703029,108,1721.0
P-n76-k4,SSA,3,703029,109,1721.0
P-n76-k4,SSA,3,703029,110,1721.0
P-n76-k4,SSA,3,703029,111,1721.0
P-n76-k4,SSA,3,703029,112,1721.0
P-n76-k4,SSA,3,703029,113,1721.0
P-n76-k4,SSA,3,703029,114,1721.0
P-n76-k4,SSA,3,703029,115,1721.0
P-n76-k4,SSA,3,703029,116,1721.0
P-n76-k4,SSA,3,703029,117,1721.0
P-n76-k4,SSA,3,703029,118,1721.0
P-n76-k4,SSA,3,703029,119,1721.0
P-n76-k4,SSA,3,703029,120,1721.0
P-n76-k4,SSA,3,703029,121,1721.0
P-n76-k4,SSA,3,703029,122,1721.0
P-n76-k4,SSA,3,703029,123,1721.0
P-n76-k4,SSA,3,703029,124,1721.0
P-n76-k4,SSA,3,703029,125,1721.0
P-n76-k4,SSA,3,703029,126,1721.0
P-n76-k4,SSA,3,703029,127,1721.0
P-n76-k4,SSA,3,703029,128,1721.0
P-n76-k4,SSA,3,703029,129,1721.0
P-n76-k4,SSA,3,703029,130,1721.0
P-n76-k4,SSA,3,703029,131,1721.0
P-n76-k4,SSA,3,703029,132,1721.0
P-n76-k4,SSA,3,703029,133,1721.0
P-n76-k4,SSA,3,703029,134,1721.0
P-n76-k4,SSA,3,703029,135,1721.0
P-n76-k4,SSA,3,703029,136,1707.0
P-n76-k4,SSA,3,703029,137,1707.0
P-n76-k4,SSA,3,703029,138,1707.0
P-n76-k4,SSA,3,703029,139,1707.0
P-n76-k4,SSA,3,703029,140,1707.0
P-n76-k4,SSA,3,703029,141,1707.0
P-n76-k4,SSA,3,703029,142,1707.0
P-n76-k4,SSA,3,703029,143,1707.0
P-n76-k4,SSA,3,703029,144,1707.0
P-n76-k4,SSA,3,703029,145,1707.0
P-n76-k4,SSA,3,703029,146,1707.0
P-n76-k4,SSA,3,703029,147,1707.0
P-n76-k4,SSA,3,703029,148,1707.0
P-n76-k4,SSA,3,703029,149,1707.0
P-n76-k4,SSA,3,703029,150,1707.0
P-n76-k4,SSA,3,703029,151,1707.0
P-n76-k4,SSA,3,703029,152,1707.0
P-n76-k4,SSA,3,703029,153,1707.0
P-n76-k4,SSA,3,703029,154,1707.0
P-n76-k4,SSA,3,703029,155,1707.0
P-n76-k4,SSA,3,703029,156,1707.0
P-n76-k4,SSA,3,703029,157,1707.0
P-n76-k4,SSA,3,703029,158,1707.0
P-n76-k4,SSA,3,703029,159,1707.0
P-n76-k4,SSA,3,703029,160,1707.0
P-n76-k4,SSA,3,703029,161,1707.0
P-n76-k4,SSA,3,703029,162,1707.0
P-n76-k4,SSA,3,703029,163,1707.0
P-n76-k4,SSA,3,703029,164,1707.0
P-n76-k4,SSA,3,703029,165,1707.0
P-n76-k4,SSA,3,703029,166,1707.0
P-n76-k4,SSA,3,703029,167,1707.0
P-n76-k4,SSA,3,703029,168,1707.0
P-n76-k4,SSA,3,703029,169,1707.0
P-n76-k4,SSA,3,703029,170,1707.0
P-n76-k4,SSA,3,703029,171,1707.0
P-n76-k4,SSA,3,703029,172,1707.0
P-n76-k4,SSA,3,703029,173,1707.0
P-n76-k4,SSA,3,703029,174,1707.0
P-n76-k4,SSA,3,703029,175,1707.0
P-n76-k4,SSA,3,703029,176,1707.0
P-n76-k4,SSA,3,703029,177,1707.0
P-n76-k4,SSA,3,703029,178,1707.0
P-n76-k4,SSA,3,703029,179,1707.0
P-n76-k4,SSA,3,703029,180,1707.0
P-n76-k4,SSA,3,703029,181,1707.0
P-n76-k4,SSA,3,703029,182,1707.0
P-n76-k4,SSA,3,703029,183,1707.0
P-n76-k4,SSA,3,703029,184,1707.0
P-n76-k4,SSA,3,703029,185,1707.0
P-n76-k4,SSA,3,703029,186,1707.0
P-n76-k4,SSA,3,703029,187,1707.0
P-n76-k4,SSA,3,703029,188,1707.0
P-n76-k4,SSA,3,703029,189,1707.0
P-n76-k4,SSA,3,703029,190,1707.0
P-n76-k4,SSA,3,703029,191,1707.0
P-n76-k4,SSA,3,703029,192,1707.0
P-n76-k4,SSA,3,703029,193,1707.0
P-n76-k4,SSA,3,703029,194,1707.0
P-n76-k4,SSA,3,703029,195,1707.0
P-n76-k4,SSA,3,703029,196,1707.0
P-n76-k4,SSA,3,703029,197,1707.0
P-n76-k4,SSA,3,703029,198,1707.0
P-n76-k4,SSA,3,703029,199,1707.0
P-n76-k4,SSA,3,703029,200,1707.0
P-n76-k4,M-WOA,1,704027,1,990.0
P-n76-k4,M-WOA,1,704027,2,901.0
P-n76-k4,M-WOA,1,704027,3,838.0
P-n76-k4,M-WOA,1,704027,4,805.0
P-n76-k4,M-WOA,1,704027,5,788.0
P-n76-k4,M-WOA,1,704027,6,747.0
P-n76-k4,M-WOA,1,704027,7,745.0
P-n76-k4,M-WOA,1,704027,8,729.0
P-n76-k4,M-WOA,1,704027,9,729.0
P-n76-k4,M-WOA,1,704027,10,727.0
P-n76-k4,M-WOA,1,704027,11,681.0
P-n76-k4,M-WOA,1,704027,12,675.0
P-n76-k4,M-WOA,1,704027,13,671.0
P-n76-k4,M-WOA,1,704027,14,653.0
P-n76-k4,M-WOA,1,704027,15,650.0
P-n76-k4,M-WOA,1,704027,16,650.0
P-n76-k4,M-WOA,1,704027,17,645.0
P-n76-k4,M-WOA,1,704027,18,643.0
P-n76-k4,M-WOA,1,704027,19,636.0
P-n76-k4,M-WOA,1,704027,20,636.0
P-n76-k4,M-WOA,1,704027,21,635.0
P-n76-k4,M-WOA,1,704027,22,635.0
P-n76-k4,M-WOA,1,704027,23,635.0
P-n76-k4,M-WOA,1,704027,24,633.0
P-n76-k4,M-WOA,1,704027,25,633.0
P-n76-k4,M-WOA,1,704027,26,633.0
P-n76-k4,M-WOA,1,704027,27,633.0
P-n76-k4,M-WOA,1,704027,28,633.0
P-n76-k4,M-WOA,1,704027,29,633.0
P-n76-k4,M-WOA,1,704027,30,633.0
P-n76-k4,M-WOA,1,704027,31,633.0
P-n76-k4,M-WOA,1,704027,32,633.0
P-n76-k4,M-WOA,1,704027,33,633.0
P-n76-k4,M-WOA,1,704027,34,633.0
P-n76-k4,M-WOA,1,704027,35,633.0
P-n76-k4,M-WOA,1,704027,36,633.0
P-n76-k4,M-WOA,1,704027,37,633.0
P-n76-k4,M-WOA,1,704027,38,633.0
P-n76-k4,M-WOA,1,704027,39,633.0
P-n76-k4,M-WOA,1,704027,40,631.0
P-n76-k4,M-WOA,1,704027,41,631.0
P-n76-k4,M-WOA,1,704027,42,631.0
P-n76-k4,M-WOA,1,704027,43,631.0
P-n76-k4,M-WOA,1,704027,44,631.0
P-n76-k4,M-WOA,1,704027,45,631.0
P-n76-k4,M-WOA,1,704027,46,631.0
P-n76-k4,M-WOA,1,704027,47,631.0
P-n76-k4,M-WOA,1,704027,48,631.0
P-n76-k4,M-WOA,1,704027,49,631.0
P-n76-k4,M-WOA,1,704027,50,625.0
P-n76-k4,M-WOA,1,704027,51,625.0
P-n76-k4,M-WOA,1,704027,52,625.0
P-n76-k4,M-WOA,1,704027,53,625.0
P-n76-k4,M-WOA,1,704027,54,625.0
P-n76-k4,M-WOA,1,704027,55,625.0
P-n76-k4,M-WOA,1,704027,56,625.0
P-n76-k4,M-WOA,1,704027,57,625.0
P-n76-k4,M-WOA,1,704027,58,625.0
P-n76-k4,M-WOA,1,704027,59,625.0
P-n76-k4,M-WOA,1,704027,60,625.0
P-n76-k4,M-WOA,1,704027,61,625.0
P-n76-k4,M-WOA,1,704027,62,625.0
P-n76-k4,M-WOA,1,704027,63,625.0
P-n76-k4,M-WOA,1,704027,64,625.0
P-n76-k4,M-WOA,1,704027,65,625.0
P-n76-k4,M-WOA,1,704027,66,625.0
P-n76-k4,M-WOA,1,704027,67,625.0
P-n76-k4,M-WOA,1,704027,68,625.0
P-n76-k4,M-WOA,1,704027,69,625.0
P-n76-k4,M-WOA,1,704027,70,625.0
P-n76-k4,M-WOA,1,704027,71,625.0
P-n76-k4,M-WOA,1,704027,72,625.0
P-n76-k4,M-WOA,1,704027,73,625.0
P-n76-k4,M-WOA,1,704027,74,625.0
P-n76-k4,M-WOA,1,704027,75,625.0
P-n76-k4,M-WOA,1,704027,76,625.0
P-n76-k4,M-WOA,1,704027,77,625.0
P-n76-k4,M-WOA,1,704027,78,625.0
P-n76-k4,M-WOA,1,704027,79,625.0
P-n76-k4,M-WOA,1,704027,80,625.0
P-n76-k4,M-WOA,1,704027,81,625.0
P-n76-k4,M-WOA,1,704027,82,625.0
P-n76-k4,M-WOA,1,704027,83,625.0
P-n76-k4,M-WOA,1,704027,84,625.0
P-n76-k4,M-WOA,1,704027,85,625.0
P-n76-k4,M-WOA,1,704027,86,625.0
P-n76-k4,M-WOA,1,704027,87,625.0
P-n76-k4,M-WOA,1,704027,88,625.0
P-n76-k4,M-WOA,1,704027,89,625.0
P-n76-k4,M-WOA,1,704027,90,625.0
P-n76-k4,M-WOA,1,704027,91,625.0
P-n76-k4,M-WOA,1,704027,92,625.0
P-n76-k4,M-WOA,1,704027,93,625.0
P-n76-k4,M-WOA,1,704027,94,625.0
P-n76-k4,M-WOA,1,704027,95,625.0
P-n76-k4,M-WOA,1,704027,96,625.0
P-n76-k4,M-WOA,1,704027,97,625.0
P-n76-k4,M-WOA,1,704027,98,625.0
P-n76-k4,M-WOA,1,704027,99,625.0
P-n76-k4,M-WOA,1,704027,100,625.0
P-n76-k4,M-WOA,1,704027,101,625.0
P-n76-k4,M-WOA,1,704027,102,625.0
P-n76-k4,M-WOA,1,704027,103,625.0
P-n76-k4,M-WOA,1,704027,104,625.0
P-n76-k4,M-WOA,1,704027,105,625.0
P-n76-k4,M-WOA,1,704027,106,625.0
P-n76-k4,M-WOA,1,704027,107,625.0
P-n76-k4,M-WOA,1,704027,108,625.0
P-n76-k4,M-WOA,1,704027,109,625.0
P-n76-k4,M-WOA,1,704027,110,625.0
P-n76-k4,M-WOA,1,704027,111,625.0
P-n76-k4,M-WOA,1,704027,112,625.0
P-n76-k4,M-WOA,1,704027,113,625.0
P-n76-k4,M-WOA,1,704027,114,625.0
P-n76-k4,M-WOA,1,704027,115,625.0
P-n76-k4,M-WOA,1,704027,116,625.0
P-n76-k4,M-WOA,1,704027,117,625.0
P-n76-k4,M-WOA,1,704027,118,625.0
P-n76-k4,M-WOA,1,704027,119,625.0
P-n76-k4,M-WOA,1,704027,120,625.0
P-n76-k4,M-WOA,1,704027,121,625.0
P-n76-k4,M-WOA,1,704027,122,625.0
P-n76-k4,M-WOA,1,704027,123,625.0
P-n76-k4,M-WOA,1,704027,124,625.0
P-n76-k4,M-WOA,1,704027,125,625.0
P-n76-k4,M-WOA,1,704027,126,625.0
P-n76-k4,M-WOA,1,704027,127,625.0
P-n76-k4,M-WOA,1,704027,128,625.0
P-n76-k4,M-WOA,1,704027,129,625.0
P-n76-k4,M-WOA,1,704027,130,625.0
P-n76-k4,M-WOA,1,704027,131,625.0
P-n76-k4,M-WOA,1,704027,132,625.0
P-n76-k4,M-WOA,1,704027,133,625.0
P-n76-k4,M-WOA,1,704027,134,625.0
P-n76-k4,M-WOA,1,704027,135,625.0
P-n76-k4,M-WOA,1,704027,136,625.0
P-n76-k4,M-WOA,1,704027,137,625.0
P-n76-k4,M-WOA,1,704027,138,625.0
P-n76-k4,M-WOA,1,704027,139,625.0
P-n76-k4,M-WOA,1,704027,140,625.0
P-n76-k4,M-WOA,1,704027,141,625.0
P-n76-k4,M-WOA,1,704027,142,625.0
P-n76-k4,M-WOA,1,704027,143,625.0
P-n76-k4,M-WOA,1,704027,144,625.0
P-n76-k4,M-WOA,1,704027,145,625.0
P-n76-k4,M-WOA,1,704027,146,625.0
P-n76-k4,M-WOA,1,704027,147,625.0
P-n76-k4,M-WOA,1,704027,148,625.0
P-n76-k4,M-WOA,1,704027,149,625.0
P-n76-k4,M-WOA,1,704027,150,625.0
P-n76-k4,M-WOA,1,704027,151,625.0
P-n76-k4,M-WOA,1,704027,152,625.0
P-n76-k4,M-WOA,1,704027,153,625.0
P-n76-k4,M-WOA,1,704027,154,625.0
P-n76-k4,M-WOA,1,704027,155,625.0
P-n76-k4,M-WOA,1,704027,156,625.0
P-n76-k4,M-WOA,1,704027,157,625.0
P-n76-k4,M-WOA,1,704027,158,625.0
P-n76-k4,M-WOA,1,704027,159,625.0
P-n76-k4,M-WOA,1,704027,160,625.0
P-n76-k4,M-WOA,1,704027,161,625.0
P-n76-k4,M-WOA,1,704027,162,625.0
P-n76-k4,M-WOA,1,704027,163,625.0
P-n76-k4,M-WOA,1,704027,164,625.0
P-n76-k4,M-WOA,1,704027,165,625.0
P-n76-k4,M-WOA,1,704027,166,625.0
P-n76-k4,M-WOA,1,704027,167,625.0
P-n76-k4,M-WOA,1,704027,168,625.0
P-n76-k4,M-WOA,1,704027,169,625.0
P-n76-k4,M-WOA,1,704027,170,625.0
P-n76-k4,M-WOA,1,704027,171,625.0
P-n76-k4,M-WOA,1,704027,172,625.0
P-n76-k4,M-WOA,1,704027,173,625.0
P-n76-k4,M-WOA,1,704027,174,625.0
P-n76-k4,M-WOA,1,704027,175,625.0
P-n76-k4,M-WOA,1,704027,176,625.0
P-n76-k4,M-WOA,1,704027,177,625.0
P-n76-k4,M-WOA,1,704027,178,625.0
P-n76-k4,M-WOA,1,704027,179,625.0
P-n76-k4,M-WOA,1,704027,180,625.0
P-n76-k4,M-WOA,1,704027,181,625.0
P-n76-k4,M-WOA,1,704027,182,625.0
P-n76-k4,M-WOA,1,704027,183,625.0
P-n76-k4,M-WOA,1,704027,184,625.0
P-n76-k4,M-WOA,1,704027,185,625.0
P-n76-k4,M-WOA,1,704027,186,625.0
P-n76-k4,M-WOA,1,704027,187,625.0
P-n76-k4,M-WOA,1,704027,188,625.0
P-n76-k4,M-WOA,1,704027,189,625.0
P-n76-k4,M-WOA,1,704027,190,625.0
P-n76-k4,M-WOA,1,704027,191,625.0
P-n76-k4,M-WOA,1,704027,192,625.0
P-n76-k4,M-WOA,1,704027,193,625.0
P-n76-k4,M-WOA,1,704027,194,625.0
P-n76-k4,M-WOA,1,704027,195,625.0
P-n76-k4,M-WOA,1,704027,196,625.0
P-n76-k4,M-WOA,1,704027,197,625.0
P-n76-k4,M-WOA,1,704027,198,625.0
P-n76-k4,M-WOA,1,704027,199,625.0
P-n76-k4,M-WOA,1,704027,200,625.0
P-n76-k4,M-WOA,2,704028,1,994.0
P-n76-k4,M-WOA,2,704028,2,947.0
P-n76-k4,M-WOA,2,704028,3,875.0
P-n76-k4,M-WOA,2,704028,4,849.0
P-n76-k4,M-WOA,2,704028,5,827.0
P-n76-k4,M-WOA,2,704028,6,818.0
P-n76-k4,M-WOA,2,704028,7,763.0
P-n76-k4,M-WOA,2,704028,8,731.0
P-n76-k4,M-WOA,2,704028,9,724.0
P-n76-k4,M-WOA,2,704028,10,724.0
P-n76-k4,M-WOA,2,704028,11,724.0
P-n76-k4,M-WOA,2,704028,12,695.0
P-n76-k4,M-WOA,2,704028,13,686.0
P-n76-k4,M-WOA,2,704028,14,678.0
P-n76-k4,M-WOA,2,704028,15,665.0
P-n76-k4,M-WOA,2,704028,16,651.0
P-n76-k4,M-WOA,2,704028,17,651.0
P-n76-k4,M-WOA,2,704028,18,651.0
P-n76-k4,M-WOA,2,704028,19,651.0
P-n76-k4,M-WOA,2,704028,20,651.0
P-n76-k4,M-WOA,2,704028,21,651.0
P-n76-k4,M-WOA,2,704028,22,651.0
P-n76-k4,M-WOA,2,704028,23,651.0
P-n76-k4,M-WOA,2,704028,24,651.0
P-n76-k4,M-WOA,2,704028,25,651.0
P-n76-k4,M-WOA,2,704028,26,651.0
P-n76-k4,M-WOA,2,704028,27,651.0
P-n76-k4,M-WOA,2,704028,28,651.0
P-n76-k4,M-WOA,2,704028,29,651.0
P-n76-k4,M-WOA,2,704028,30,651.0
P-n76-k4,M-WOA,2,704028,31,651.0
P-n76-k4,M-WOA,2,704028,32,651.0
P-n76-k4,M-WOA,2,704028,33,651.0
P-n76-k4,M-WOA,2,704028,34,651.0
P-n76-k4,M-WOA,2,704028,35,651.0
P-n76-k4,M-WOA,2,704028,36,651.0
P-n76-k4,M-WOA,2,704028,37,651.0
P-n76-k4,M-WOA,2,704028,38,651.0
P-n76-k4,M-WOA,2,704028,39,651.0
P-n76-k4,M-WOA,2,704028,40,651.0
P-n76-k4,M-WOA,2,704028,41,651.0
P-n76-k4,M-WOA,2,704028,42,651.0
P-n76-k4,M-WOA,2,704028,43,651.0
P-n76-k4,M-WOA,2,704028,44,651.0
P-n76-k4,M-WOA,2,704028,45,651.0
P-n76-k4,M-WOA,2,704028,46,651.0
P-n76-k4,M-WOA,2,704028,47,651.0
P-n76-k4,M-WOA,2,704028,48,651.0
P-n76-k4,M-WOA,2,704028,49,651.0
P-n76-k4,M-WOA,2,704028,50,651.0
P-n76-k4,M-WOA,2,704028,51,648.0
P-n76-k4,M-WOA,2,704028,52,648.0
P-n76-k4,M-WOA,2,704028,53,648.0
P-n76-k4,M-WOA,2,704028,54,648.0
P-n76-k4,M-WOA,2,704028,55,648.0
P-n76-k4,M-WOA,2,704028,56,648.0
P-n76-k4,M-WOA,2,704028,57,648.0
P-n76-k4,M-WOA,2,704028,58,648.0
P-n76-k4,M-WOA,2,704028,59,648.0
P-n76-k4,M-WOA,2,704028,60,648.0
P-n76-k4,M-WOA,2,704028,61,648.0
P-n76-k4,M-WOA,2,704028,62,648.0
P-n76-k4,M-WOA,2,704028,63,648.0
P-n76-k4,M-WOA,2,704028,64,648.0
P-n76-k4,M-WOA,2,704028,65,648.0
P-n76-k4,M-WOA,2,704028,66,648.0
P-n76-k4,M-WOA,2,704028,67,648.0
P-n76-k4,M-WOA,2,704028,68,648.0
P-n76-k4,M-WOA,2,704028,69,648.0
P-n76-k4,M-WOA,2,704028,70,648.0
P-n76-k4,M-WOA,2,704028,71,648.0
P-n76-k4,M-WOA,2,704028,72,648.0
P-n76-k4,M-WOA,2,704028,73,648.0
P-n76-k4,M-WOA,2,704028,74,648.0
P-n76-k4,M-WOA,2,704028,75,648.0
P-n76-k4,M-WOA,2,704028,76,648.0
P-n76-k4,M-WOA,2,704028,77,648.0
P-n76-k4,M-WOA,2,704028,78,648.0
P-n76-k4,M-WOA,2,704028,79,648.0
P-n76-k4,M-WOA,2,704028,80,648.0
P-n76-k4,M-WOA,2,704028,81,648.0
P-n76-k4,M-WOA,2,704028,82,648.0
P-n76-k4,M-WOA,2,704028,83,648.0
P-n76-k4,M-WOA,2,704028,84,648.0
P-n76-k4,M-WOA,2,704028,85,648.0
P-n76-k4,M-WOA,2,704028,86,648.0
P-n76-k4,M-WOA,2,704028,87,648.0
P-n76-k4,M-WOA,2,704028,88,648.0
P-n76-k4,M-WOA,2,704028,89,648.0
P-n76-k4,M-WOA,2,704028,90,648.0
P-n76-k4,M-WOA,2,704028,91,648.0
P-n76-k4,M-WOA,2,704028,92,648.0
P-n76-k4,M-WOA,2,704028,93,648.0
P-n76-k4,M-WOA,2,704028,94,648.0
P-n76-k4,M-WOA,2,704028,95,648.0
P-n76-k4,M-WOA,2,704028,96,648.0
P-n76-k4,M-WOA,2,704028,97,648.0
P-n76-k4,M-WOA,2,704028,98,648.0
P-n76-k4,M-WOA,2,704028,99,648.0
P-n76-k4,M-WOA,2,704028,100,648.0
P-n76-k4,M-WOA,2,704028,101,648.0
P-n76-k4,M-WOA,2,704028,102,648.0
P-n76-k4,M-WOA,2,704028,103,648.0
P-n76-k4,M-WOA,2,704028,104,648.0
P-n76-k4,M-WOA,2,704028,105,648.0
P-n76-k4,M-WOA,2,704028,106,648.0
P-n76-k4,M-WOA,2,704028,107,648.0
P-n76-k4,M-WOA,2,704028,108,648.0
P-n76-k4,M-WOA,2,704028,109,648.0
P-n76-k4,M-WOA,2,704028,110,648.0
P-n76-k4,M-WOA,2,704028,111,648.0
P-n76-k4,M-WOA,2,704028,112,648.0
P-n76-k4,M-WOA,2,704028,113,648.0
P-n76-k4,M-WOA,2,704028,114,648.0
P-n76-k4,M-WOA,2,704028,115,648.0
P-n76-k4,M-WOA,2,704028,116,648.0
P-n76-k4,M-WOA,2,704028,117,648.0
P-n76-k4,M-WOA,2,704028,118,648.0
P-n76-k4,M-WOA,2,704028,119,648.0
P-n76-k4,M-WOA,2,704028,120,648.0
P-n76-k4,M-WOA,2,704028,121,648.0
P-n76-k4,M-WOA,2,704028,122,648.0
P-n76-k4,M-WOA,2,704028,123,648.0
P-n76-k4,M-WOA,2,704028,124,648.0
P-n76-k4,M-WOA,2,704028,125,648.0
P-n76-k4,M-WOA,2,704028,126,648.0
P-n76-k4,M-WOA,2,704028,127,648.0
P-n76-k4,M-WOA,2,704028,128,648.0
P-n76-k4,M-WOA,2,704028,129,648.0
P-n76-k4,M-WOA,2,704028,130,648.0
P-n76-k4,M-WOA,2,704028,131,648.0
P-n76-k4,M-WOA,2,704028,132,648.0
P-n76-k4,M-WOA,2,704028,133,648.0
P-n76-k4,M-WOA,2,704028,134,648.0
P-n76-k4,M-WOA,2,704028,135,648.0
P-n76-k4,M-WOA,2,704028,136,648.0
P-n76-k4,M-WOA,2,704028,137,648.0
P-n76-k4,M-WOA,2,704028,138,648.0
P-n76-k4,M-WOA,2,704028,139,648.0
P-n76-k4,M-WOA,2,704028,140,648.0
P-n76-k4,M-WOA,2,704028,141,648.0
P-n76-k4,M-WOA,2,704028,142,648.0
P-n76-k4,M-WOA,2,704028,143,648.0
P-n76-k4,M-WOA,2,704028,144,648.0
P-n76-k4,M-WOA,2,704028,145,648.0
P-n76-k4,M-WOA,2,704028,146,648.0
P-n76-k4,M-WOA,2,704028,147,648.0
P-n76-k4,M-WOA,2,704028,148,648.0
P-n76-k4,M-WOA,2,704028,149,648.0
P-n76-k4,M-WOA,2,704028,150,648.0
P-n76-k4,M-WOA,2,704028,151,648.0
P-n76-k4,M-WOA,2,704028,152,648.0
P-n76-k4,M-WOA,2,704028,153,648.0
P-n76-k4,M-WOA,2,704028,154,648.0
P-n76-k4,M-WOA,2,704028,155,648.0
P-n76-k4,M-WOA,2,704028,156,648.0
P-n76-k4,M-WOA,2,704028,157,648.0
P-n76-k4,M-WOA,2,704028,158,648.0
P-n76-k4,M-WOA,2,704028,159,648.0
P-n76-k4,M-WOA,2,704028,160,648.0
P-n76-k4,M-WOA,2,704028,161,648.0
P-n76-k4,M-WOA,2,704028,162,648.0
P-n76-k4,M-WOA,2,704028,163,648.0
P-n76-k4,M-WOA,2,704028,164,648.0
P-n76-k4,M-WOA,2,704028,165,648.0
P-n76-k4,M-WOA,2,704028,166,648.0
P-n76-k4,M-WOA,2,704028,167,648.0
P-n76-k4,M-WOA,2,704028,168,648.0
P-n76-k4,M-WOA,2,704028,169,648.0
P-n76-k4,M-WOA,2,704028,170,648.0
P-n76-k4,M-WOA,2,704028,171,648.0
P-n76-k4,M-WOA,2,704028,172,648.0
P-n76-k4,M-WOA,2,704028,173,648.0
P-n76-k4,M-WOA,2,704028,174,648.0
P-n76-k4,M-WOA,2,704028,175,648.0
P-n76-k4,M-WOA,2,704028,176,648.0
P-n76-k4,M-WOA,2,704028,177,648.0
P-n76-k4,M-WOA,2,704028,178,648.0
P-n76-k4,M-WOA,2,704028,179,648.0
P-n76-k4,M-WOA,2,704028,180,648.0
P-n76-k4,M-WOA,2,704028,181,648.0
P-n76-k4,M-WOA,2,704028,182,648.0
P-n76-k4,M-WOA,2,704028,183,648.0
P-n76-k4,M-WOA,2,704028,184,648.0
P-n76-k4,M-WOA,2,704028,185,648.0
P-n76-k4,M-WOA,2,704028,186,648.0
P-n76-k4,M-WOA,2,704028,187,648.0
P-n76-k4,M-WOA,2,704028,188,648.0
P-n76-k4,M-WOA,2,704028,189,648.0
P-n76-k4,M-WOA,2,704028,190,648.0
P-n76-k4,M-WOA,2,704028,191,648.0
P-n76-k4,M-WOA,2,704028,192,648.0
P-n76-k4,M-WOA,2,704028,193,648.0
P-n76-k4,M-WOA,2,704028,194,648.0
P-n76-k4,M-WOA,2,704028,195,648.0
P-n76-k4,M-WOA,2,704028,196,648.0
P-n76-k4,M-WOA,2,704028,197,648.0
P-n76-k4,M-WOA,2,704028,198,648.0
P-n76-k4,M-WOA,2,704028,199,648.0
P-n76-k4,M-WOA,2,704028,200,648.0
P-n76-k4,M-WOA,3,704029,1,984.0
P-n76-k4,M-WOA,3,704029,2,865.0
P-n76-k4,M-WOA,3,704029,3,850.0
P-n76-k4,M-WOA,3,704029,4,807.0
P-n76-k4,M-WOA,3,704029,5,787.0
P-n76-k4,M-WOA,3,704029,6,761.0
P-n76-k4,M-WOA,3,704029,7,748.0
P-n76-k4,M-WOA,3,704029,8,730.0
P-n76-k4,M-WOA,3,704029,9,707.0
P-n76-k4,M-WOA,3,704029,10,704.0
P-n76-k4,M-WOA,3,704029,11,701.0
P-n76-k4,M-WOA,3,704029,12,701.0
P-n76-k4,M-WOA,3,704029,13,701.0
P-n76-k4,M-WOA,3,704029,14,701.0
P-n76-k4,M-WOA,3,704029,15,701.0
P-n76-k4,M-WOA,3,704029,16,701.0
P-n76-k4,M-WOA,3,704029,17,701.0
P-n76-k4,M-WOA,3,704029,18,696.0
P-n76-k4,M-WOA,3,704029,19,689.0
P-n76-k4,M-WOA,3,704029,20,689.0
P-n76-k4,M-WOA,3,704029,21,689.0
P-n76-k4,M-WOA,3,704029,22,689.0
P-n76-k4,M-WOA,3,704029,23,689.0
P-n76-k4,M-WOA,3,704029,24,689.0
P-n76-k4,M-WOA,3,704029,25,689.0
P-n76-k4,M-WOA,3,704029,26,689.0
P-n76-k4,M-WOA,3,704029,27,689.0
P-n76-k4,M-WOA,3,704029,28,689.0
P-n76-k4,M-WOA,3,704029,29,687.0
P-n76-k4,M-WOA,3,704029,30,687.0
P-n76-k4,M-WOA,3,704029,31,687.0
P-n76-k4,M-WOA,3,704029,32,687.0
P-n76-k4,M-WOA,3,704029,33,687.0
P-n76-k4,M-WOA,3,704029,34,687.0
P-n76-k4,M-WOA,3,704029,35,687.0
P-n76-k4,M-WOA,3,704029,36,687.0
P-n76-k4,M-WOA,3,704029,37,687.0
P-n76-k4,M-WOA,3,704029,38,687.0
P-n76-k4,M-WOA,3,704029,39,687.0
P-n76-k4,M-WOA,3,704029,40,687.0
P-n76-k4,M-WOA,3,704029,41,687.0
P-n76-k4,M-WOA,3,704029,42,687.0
P-n76-k4,M-WOA,3,704029,43,687.0
P-n76-k4,M-WOA,3,704029,44,687.0
P-n76-k4,M-WOA,3,704029,45,687.0
P-n76-k4,M-WOA,3,704029,46,687.0
P-n76-k4,M-WOA,3,704029,47,687.0
P-n76-k4,M-WOA,3,704029,48,685.0
P-n76-k4,M-WOA,3,704029,49,685.0
P-n76-k4,M-WOA,3,704029,50,685.0
P-n76-k4,M-WOA,3,704029,51,685.0
P-n76-k4,M-WOA,3,704029,52,685.0
P-n76-k4,M-WOA,3,704029,53,685.0
P-n76-k4,M-WOA,3,704029,54,685.0
P-n76-k4,M-WOA,3,704029,55,685.0
P-n76-k4,M-WOA,3,704029,56,685.0
P-n76-k4,M-WOA,3,704029,57,685.0
P-n76-k4,M-WOA,3,704029,58,685.0
P-n76-k4,M-WOA,3,704029,59,685.0
P-n76-k4,M-WOA,3,704029,60,685.0
P-n76-k4,M-WOA,3,704029,61,685.0
P-n76-k4,M-WOA,3,704029,62,685.0
P-n76-k4,M-WOA,3,704029,63,685.0
P-n76-k4,M-WOA,3,704029,64,685.0
P-n76-k4,M-WOA,3,704029,65,685.0
P-n76-k4,M-WOA,3,704029,66,685.0
P-n76-k4,M-WOA,3,704029,67,685.0
P-n76-k4,M-WOA,3,704029,68,685.0
P-n76-k4,M-WOA,3,704029,69,685.0
P-n76-k4,M-WOA,3,704029,70,685.0
P-n76-k4,M-WOA,3,704029,71,685.0
P-n76-k4,M-WOA,3,704029,72,685.0
P-n76-k4,M-WOA,3,704029,73,685.0
P-n76-k4,M-WOA,3,704029,74,685.0
P-n76-k4,M-WOA,3,704029,75,685.0
P-n76-k4,M-WOA,3,704029,76,685.0
P-n76-k4,M-WOA,3,704029,77,685.0
P-n76-k4,M-WOA,3,704029,78,685.0
P-n76-k4,M-WOA,3,704029,79,685.0
P-n76-k4,M-WOA,3,704029,80,685.0
P-n76-k4,M-WOA,3,704029,81,685.0
P-n76-k4,M-WOA,3,704029,82,685.0
P-n76-k4,M-WOA,3,704029,83,685.0
P-n76-k4,M-WOA,3,704029,84,685.0
P-n76-k4,M-WOA,3,704029,85,685.0
P-n76-k4,M-WOA,3,704029,86,685.0
P-n76-k4,M-WOA,3,704029,87,685.0
P-n76-k4,M-WOA,3,704029,88,685.0
P-n76-k4,M-WOA,3,704029,89,685.0
P-n76-k4,M-WOA,3,704029,90,685.0
P-n76-k4,M-WOA,3,704029,91,685.0
P-n76-k4,M-WOA,3,704029,92,685.0
P-n76-k4,M-WOA,3,704029,93,685.0
P-n76-k4,M-WOA,3,704029,94,685.0
P-n76-k4,M-WOA,3,704029,95,685.0
P-n76-k4,M-WOA,3,704029,96,685.0
P-n76-k4,M-WOA,3,704029,97,685.0
P-n76-k4,M-WOA,3,704029,98,685.0
P-n76-k4,M-WOA,3,704029,99,685.0
P-n76-k4,M-WOA,3,704029,100,685.0
P-n76-k4,M-WOA,3,704029,101,685.0
P-n76-k4,M-WOA,3,704029,102,685.0
P-n76-k4,M-WOA,3,704029,103,685.0
P-n76-k4,M-WOA,3,704029,104,685.0
P-n76-k4,M-WOA,3,704029,105,685.0
P-n76-k4,M-WOA,3,704029,106,685.0
P-n76-k4,M-WOA,3,704029,107,685.0
P-n76-k4,M-WOA,3,704029,108,685.0
P-n76-k4,M-WOA,3,704029,109,685.0
P-n76-k4,M-WOA,3,704029,110,685.0
P-n76-k4,M-WOA,3,704029,111,685.0
P-n76-k4,M-WOA,3,704029,112,685.0
P-n76-k4,M-WOA,3,704029,113,685.0
P-n76-k4,M-WOA,3,704029,114,685.0
P-n76-k4,M-WOA,3,704029,115,685.0
P-n76-k4,M-WOA,3,704029,116,685.0
P-n76-k4,M-WOA,3,704029,117,685.0
P-n76-k4,M-WOA,3,704029,118,685.0
P-n76-k4,M-WOA,3,704029,119,685.0
P-n76-k4,M-WOA,3,704029,120,685.0
P-n76-k4,M-WOA,3,704029,121,685.0
P-n76-k4,M-WOA,3,704029,122,685.0
P-n76-k4,M-WOA,3,704029,123,685.0
P-n76-k4,M-WOA,3,704029,124,685.0
P-n76-k4,M-WOA,3,704029,125,685.0
P-n76-k4,M-WOA,3,704029,126,685.0
P-n76-k4,M-WOA,3,704029,127,685.0
P-n76-k4,M-WOA,3,704029,128,685.0
P-n76-k4,M-WOA,3,704029,129,685.0
P-n76-k4,M-WOA,3,704029,130,685.0
P-n76-k4,M-WOA,3,704029,131,685.0
P-n76-k4,M-WOA,3,704029,132,685.0
P-n76-k4,M-WOA,3,704029,133,685.0
P-n76-k4,M-WOA,3,704029,134,685.0
P-n76-k4,M-WOA,3,704029,135,685.0
P-n76-k4,M-WOA,3,704029,136,685.0
P-n76-k4,M-WOA,3,704029,137,685.0
P-n76-k4,M-WOA,3,704029,138,685.0
P-n76-k4,M-WOA,3,704029,139,685.0
P-n76-k4,M-WOA,3,704029,140,685.0
P-n76-k4,M-WOA,3,704029,141,685.0
P-n76-k4,M-WOA,3,704029,142,685.0
P-n76-k4,M-WOA,3,704029,143,685.0
P-n76-k4,M-WOA,3,704029,144,685.0
P-n76-k4,M-WOA,3,704029,145,685.0
P-n76-k4,M-WOA,3,704029,146,685.0
P-n76-k4,M-WOA,3,704029,147,685.0
P-n76-k4,M-WOA,3,704029,148,685.0
P-n76-k4,M-WOA,3,704029,149,685.0
P-n76-k4,M-WOA,3,704029,150,685.0
P-n76-k4,M-WOA,3,704029,151,685.0
P-n76-k4,M-WOA,3,704029,152,685.0
P-n76-k4,M-WOA,3,704029,153,685.0
P-n76-k4,M-WOA,3,704029,154,685.0
P-n76-k4,M-WOA,3,704029,155,685.0
P-n76-k4,M-WOA,3,704029,156,685.0
P-n76-k4,M-WOA,3,704029,157,685.0
P-n76-k4,M-WOA,3,704029,158,685.0
P-n76-k4,M-WOA,3,704029,159,685.0
P-n76-k4,M-WOA,3,704029,160,685.0
P-n76-k4,M-WOA,3,704029,161,685.0
P-n76-k4,M-WOA,3,704029,162,685.0
P-n76-k4,M-WOA,3,704029,163,685.0
P-n76-k4,M-WOA,3,704029,164,685.0
P-n76-k4,M-WOA,3,704029,165,685.0
P-n76-k4,M-WOA,3,704029,166,685.0
P-n76-k4,M-WOA,3,704029,167,685.0
P-n76-k4,M-WOA,3,704029,168,685.0
P-n76-k4,M-WOA,3,704029,169,685.0
P-n76-k4,M-WOA,3,704029,170,685.0
P-n76-k4,M-WOA,3,704029,171,685.0
P-n76-k4,M-WOA,3,704029,172,685.0
P-n76-k4,M-WOA,3,704029,173,685.0
P-n76-k4,M-WOA,3,704029,174,685.0
P-n76-k4,M-WOA,3,704029,175,685.0
P-n76-k4,M-WOA,3,704029,176,685.0
P-n76-k4,M-WOA,3,704029,177,685.0
P-n76-k4,M-WOA,3,704029,178,685.0
P-n76-k4,M-WOA,3,704029,179,685.0
P-n76-k4,M-WOA,3,704029,180,685.0
P-n76-k4,M-WOA,3,704029,181,685.0
P-n76-k4,M-WOA,3,704029,182,685.0
P-n76-k4,M-WOA,3,704029,183,685.0
P-n76-k4,M-WOA,3,704029,184,685.0
P-n76-k4,M-WOA,3,704029,185,685.0
P-n76-k4,M-WOA,3,704029,186,685.0
P-n76-k4,M-WOA,3,704029,187,685.0
P-n76-k4,M-WOA,3,704029,188,685.0
P-n76-k4,M-WOA,3,704029,189,685.0
P-n76-k4,M-WOA,3,704029,190,685.0
P-n76-k4,M-WOA,3,704029,191,685.0
P-n76-k4,M-WOA,3,704029,192,685.0
P-n76-k4,M-WOA,3,704029,193,685.0
P-n76-k4,M-WOA,3,704029,194,685.0
P-n76-k4,M-WOA,3,704029,195,685.0
P-n76-k4,M-WOA,3,704029,196,685.0
P-n76-k4,M-WOA,3,704029,197,685.0
P-n76-k4,M-WOA,3,704029,198,685.0
P-n76-k4,M-WOA,3,704029,199,685.0
P-n76-k4,M-WOA,3,704029,200,685.0
P-n76-k4,M-SSA,1,705027,1,955.0
P-n76-k4,M-SSA,1,705027,2,955.0
P-n76-k4,M-SSA,1,705027,3,955.0
P-n76-k4,M-SSA,1,705027,4,919.0
P-n76-k4,M-SSA,1,705027,5,888.0
P-n76-k4,M-SSA,1,705027,6,888.0
P-n76-k4,M-SSA,1,705027,7,883.0
P-n76-k4,M-SSA,1,705027,8,854.0
P-n76-k4,M-SSA,1,705027,9,854.0
P-n76-k4,M-SSA,1,705027,10,854.0
P-n76-k4,M-SSA,1,705027,11,854.0
P-n76-k4,M-SSA,1,705027,12,847.0
P-n76-k4,M-SSA,1,705027,13,816.0
P-n76-k4,M-SSA,1,705027,14,783.0
P-n76-k4,M-SSA,1,705027,15,783.0
P-n76-k4,M-SSA,1,705027,16,783.0
P-n76-k4,M-SSA,1,705027,17,783.0
P-n76-k4,M-SSA,1,705027,18,783.0
P-n76-k4,M-SSA,1,705027,19,756.0
P-n76-k4,M-SSA,1,705027,20,756.0
P-n76-k4,M-SSA,1,705027,21,747.0
P-n76-k4,M-SSA,1,705027,22,747.0
P-n76-k4,M-SSA,1,705027,23,737.0
P-n76-k4,M-SSA,1,705027,24,728.0
P-n76-k4,M-SSA,1,705027,25,728.0
P-n76-k4,M-SSA,1,705027,26,728.0
P-n76-k4,M-SSA,1,705027,27,728.0
P-n76-k4,M-SSA,1,705027,28,728.0
P-n76-k4,M-SSA,1,705027,29,728.0
P-n76-k4,M-SSA,1,705027,30,728.0
P-n76-k4,M-SSA,1,705027,31,721.0
P-n76-k4,M-SSA,1,705027,32,721.0
P-n76-k4,M-SSA,1,705027,33,721.0
P-n76-k4,M-SSA,1,705027,34,718.0
P-n76-k4,M-SSA,1,705027,35,698.0
P-n76-k4,M-SSA,1,705027,36,679.0
P-n76-k4,M-SSA,1,705027,37,679.0
P-n76-k4,M-SSA,1,705027,38,679.0
P-n76-k4,M-SSA,1,705027,39,679.0
P-n76-k4,M-SSA,1,705027,40,679.0
P-n76-k4,M-SSA,1,705027,41,679.0
P-n76-k4,M-SSA,1,705027,42,679.0
P-n76-k4,M-SSA,1,705027,43,679.0
P-n76-k4,M-SSA,1,705027,44,679.0
P-n76-k4,M-SSA,1,705027,45,679.0
P-n76-k4,M-SSA,1,705027,46,679.0
P-n76-k4,M-SSA,1,705027,47,679.0
P-n76-k4,M-SSA,1,705027,48,679.0
P-n76-k4,M-SSA,1,705027,49,679.0
P-n76-k4,M-SSA,1,705027,50,679.0
P-n76-k4,M-SSA,1,705027,51,679.0
P-n76-k4,M-SSA,1,705027,52,679.0
P-n76-k4,M-SSA,1,705027,53,679.0
P-n76-k4,M-SSA,1,705027,54,679.0
P-n76-k4,M-SSA,1,705027,55,679.0
P-n76-k4,M-SSA,1,705027,56,679.0
P-n76-k4,M-SSA,1,705027,57,679.0
P-n76-k4,M-SSA,1,705027,58,679.0
P-n76-k4,M-SSA,1,705027,59,679.0
P-n76-k4,M-SSA,1,705027,60,679.0
P-n76-k4,M-SSA,1,705027,61,679.0
P-n76-k4,M-SSA,1,705027,62,679.0
P-n76-k4,M-SSA,1,705027,63,679.0
P-n76-k4,M-SSA,1,705027,64,679.0
P-n76-k4,M-SSA,1,705027,65,679.0
P-n76-k4,M-SSA,1,705027,66,679.0
P-n76-k4,M-SSA,1,705027,67,679.0
P-n76-k4,M-SSA,1,705027,68,679.0
P-n76-k4,M-SSA,1,705027,69,679.0
P-n76-k4,M-SSA,1,705027,70,679.0
P-n76-k4,M-SSA,1,705027,71,679.0
P-n76-k4,M-SSA,1,705027,72,679.0
P-n76-k4,M-SSA,1,705027,73,679.0
P-n76-k4,M-SSA,1,705027,74,679.0
P-n76-k4,M-SSA,1,705027,75,679.0
P-n76-k4,M-SSA,1,705027,76,679.0
P-n76-k4,M-SSA,1,705027,77,679.0
P-n76-k4,M-SSA,1,705027,78,679.0
P-n76-k4,M-SSA,1,705027,79,679.0
P-n76-k4,M-SSA,1,705027,80,679.0
P-n76-k4,M-SSA,1,705027,81,679.0
P-n76-k4,M-SSA,1,705027,82,679.0
P-n76-k4,M-SSA,1,705027,83,679.0
P-n76-k4,M-SSA,1,705027,84,679.0
P-n76-k4,M-SSA,1,705027,85,679.0
P-n76-k4,M-SSA,1,705027,86,679.0
P-n76-k4,M-SSA,1,705027,87,679.0
P-n76-k4,M-SSA,1,705027,88,679.0
P-n76-k4,M-SSA,1,705027,89,679.0
P-n76-k4,M-SSA,1,705027,90,679.0
P-n76-k4,M-SSA,1,705027,91,679.0
P-n76-k4,M-SSA,1,705027,92,679.0
P-n76-k4,M-SSA,1,705027,93,679.0
P-n76-k4,M-SSA,1,705027,94,679.0
P-n76-k4,M-SSA,1,705027,95,679.0
P-n76-k4,M-SSA,1,705027,96,679.0
P-n76-k4,M-SSA,1,705027,97,679.0
P-n76-k4,M-SSA,1,705027,98,679.0
P-n76-k4,M-SSA,1,705027,99,679.0
P-n76-k4,M-SSA,1,705027,100,679.0
P-n76-k4,M-SSA,1,705027,101,679.0
P-n76-k4,M-SSA,1,705027,102,679.0
P-n76-k4,M-SSA,1,705027,103,679.0
P-n76-k4,M-SSA,1,705027,104,679.0
P-n76-k4,M-SSA,1,705027,105,679.0
P-n76-k4,M-SSA,1,705027,106,679.0
P-n76-k4,M-SSA,1,705027,107,679.0
P-n76-k4,M-SSA,1,705027,108,679.0
P-n76-k4,M-SSA,1,705027,109,679.0
P-n76-k4,M-SSA,1,705027,110,679.0
P-n76-k4,M-SSA,1,705027,111,679.0
P-n76-k4,M-SSA,1,705027,112,679.0
P-n76-k4,M-SSA,1,705027,113,679.0
P-n76-k4,M-SSA,1,705027,114,679.0
P-n76-k4,M-SSA,1,705027,115,679.0
P-n76-k4,M-SSA,1,705027,116,679.0
P-n76-k4,M-SSA,1,705027,117,679.0
P-n76-k4,M-SSA,1,705027,118,679.0
P-n76-k4,M-SSA,1,705027,119,679.0
P-n76-k4,M-SSA,1,705027,120,679.0
P-n76-k4,M-SSA,1,705027,121,679.0
P-n76-k4,M-SSA,1,705027,122,679.0
P-n76-k4,M-SSA,1,705027,123,679.0
P-n76-k4,M-SSA,1,705027,124,678.0
P-n76-k4,M-SSA,1,705027,125,657.0
P-n76-k4,M-SSA,1,705027,126,657.0
P-n76-k4,M-SSA,1,705027,127,650.0
P-n76-k4,M-SSA,1,705027,128,650.0
P-n76-k4,M-SSA,1,705027,129,650.0
P-n76-k4,M-SSA,1,705027,130,650.0
P-n76-k4,M-SSA,1,705027,131,650.0
P-n76-k4,M-SSA,1,705027,132,650.0
P-n76-k4,M-SSA,1,705027,133,650.0
P-n76-k4,M-SSA,1,705027,134,650.0
P-n76-k4,M-SSA,1,705027,135,644.0
P-n76-k4,M-SSA,1,705027,136,644.0
P-n76-k4,M-SSA,1,705027,137,643.0
P-n76-k4,M-SSA,1,705027,138,643.0
P-n76-k4,M-SSA,1,705027,139,643.0
P-n76-k4,M-SSA,1,705027,140,643.0
P-n76-k4,M-SSA,1,705027,141,643.0
P-n76-k4,M-SSA,1,705027,142,643.0
P-n76-k4,M-SSA,1,705027,143,643.0
P-n76-k4,M-SSA,1,705027,144,643.0
P-n76-k4,M-SSA,1,705027,145,643.0
P-n76-k4,M-SSA,1,705027,146,643.0
P-n76-k4,M-SSA,1,705027,147,643.0
P-n76-k4,M-SSA,1,705027,148,643.0
P-n76-k4,M-SSA,1,705027,149,643.0
P-n76-k4,M-SSA,1,705027,150,643.0
P-n76-k4,M-SSA,1,705027,151,643.0
P-n76-k4,M-SSA,1,705027,152,643.0
P-n76-k4,M-SSA,1,705027,153,643.0
P-n76-k4,M-SSA,1,705027,154,643.0
P-n76-k4,M-SSA,1,705027,155,643.0
P-n76-k4,M-SSA,1,705027,156,641.0
P-n76-k4,M-SSA,1,705027,157,641.0
P-n76-k4,M-SSA,1,705027,158,641.0
P-n76-k4,M-SSA,1,705027,159,641.0
P-n76-k4,M-SSA,1,705027,160,641.0
P-n76-k4,M-SSA,1,705027,161,641.0
P-n76-k4,M-SSA,1,705027,162,641.0
P-n76-k4,M-SSA,1,705027,163,641.0
P-n76-k4,M-SSA,1,705027,164,641.0
P-n76-k4,M-SSA,1,705027,165,641.0
P-n76-k4,M-SSA,1,705027,166,641.0
P-n76-k4,M-SSA,1,705027,167,641.0
P-n76-k4,M-SSA,1,705027,168,639.0
P-n76-k4,M-SSA,1,705027,169,639.0
P-n76-k4,M-SSA,1,705027,170,639.0
P-n76-k4,M-SSA,1,705027,171,639.0
P-n76-k4,M-SSA,1,705027,172,639.0
P-n76-k4,M-SSA,1,705027,173,639.0
P-n76-k4,M-SSA,1,705027,174,639.0
P-n76-k4,M-SSA,1,705027,175,639.0
P-n76-k4,M-SSA,1,705027,176,639.0
P-n76-k4,M-SSA,1,705027,177,639.0
P-n76-k4,M-SSA,1,705027,178,639.0
P-n76-k4,M-SSA,1,705027,179,639.0
P-n76-k4,M-SSA,1,705027,180,639.0
P-n76-k4,M-SSA,1,705027,181,639.0
P-n76-k4,M-SSA,1,705027,182,639.0
P-n76-k4,M-SSA,1,705027,183,639.0
P-n76-k4,M-SSA,1,705027,184,639.0
P-n76-k4,M-SSA,1,705027,185,638.0
P-n76-k4,M-SSA,1,705027,186,638.0
P-n76-k4,M-SSA,1,705027,187,638.0
P-n76-k4,M-SSA,1,705027,188,638.0
P-n76-k4,M-SSA,1,705027,189,638.0
P-n76-k4,M-SSA,1,705027,190,638.0
P-n76-k4,M-SSA,1,705027,191,638.0
P-n76-k4,M-SSA,1,705027,192,638.0
P-n76-k4,M-SSA,1,705027,193,638.0
P-n76-k4,M-SSA,1,705027,194,638.0
P-n76-k4,M-SSA,1,705027,195,638.0
P-n76-k4,M-SSA,1,705027,196,638.0
P-n76-k4,M-SSA,1,705027,197,638.0
P-n76-k4,M-SSA,1,705027,198,638.0
P-n76-k4,M-SSA,1,705027,199,638.0
P-n76-k4,M-SSA,1,705027,200,638.0
P-n76-k4,M-SSA,2,705028,1,974.0
P-n76-k4,M-SSA,2,705028,2,974.0
P-n76-k4,M-SSA,2,705028,3,965.0
P-n76-k4,M-SSA,2,705028,4,956.0
P-n76-k4,M-SSA,2,705028,5,905.0
P-n76-k4,M-SSA,2,705028,6,905.0
P-n76-k4,M-SSA,2,705028,7,905.0
P-n76-k4,M-SSA,2,705028,8,905.0
P-n76-k4,M-SSA,2,705028,9,878.0
P-n76-k4,M-SSA,2,705028,10,878.0
P-n76-k4,M-SSA,2,705028,11,878.0
P-n76-k4,M-SSA,2,705028,12,861.0
P-n76-k4,M-SSA,2,705028,13,861.0
P-n76-k4,M-SSA,2,705028,14,861.0
P-n76-k4,M-SSA,2,705028,15,861.0
P-n76-k4,M-SSA,2,705028,16,861.0
P-n76-k4,M-SSA,2,705028,17,833.0
P-n76-k4,M-SSA,2,705028,18,806.0
P-n76-k4,M-SSA,2,705028,19,806.0
P-n76-k4,M-SSA,2,705028,20,806.0
P-n76-k4,M-SSA,2,705028,21,802.0
P-n76-k4,M-SSA,2,705028,22,802.0
P-n76-k4,M-SSA,2,705028,23,796.0
P-n76-k4,M-SSA,2,705028,24,764.0
P-n76-k4,M-SSA,2,705028,25,764.0
P-n76-k4,M-SSA,2,705028,26,763.0
P-n76-k4,M-SSA,2,705028,27,754.0
P-n76-k4,M-SSA,2,705028,28,754.0
P-n76-k4,M-SSA,2,705028,29,747.0
P-n76-k4,M-SSA,2,705028,30,733.0
P-n76-k4,M-SSA,2,705028,31,732.0
P-n76-k4,M-SSA,2,705028,32,715.0
P-n76-k4,M-SSA,2,705028,33,714.0
P-n76-k4,M-SSA,2,705028,34,714.0
P-n76-k4,M-SSA,2,705028,35,714.0
P-n76-k4,M-SSA,2,705028,36,714.0
P-n76-k4,M-SSA,2,705028,37,714.0
P-n76-k4,M-SSA,2,705028,38,711.0
P-n76-k4,M-SSA,2,705028,39,711.0
P-n76-k4,M-SSA,2,705028,40,711.0
P-n76-k4,M-SSA,2,705028,41,711.0
P-n76-k4,M-SSA,2,705028,42,711.0
P-n76-k4,M-SSA,2,705028,43,711.0
P-n76-k4,M-SSA,2,705028,44,711.0
P-n76-k4,M-SSA,2,705028,45,711.0
P-n76-k4,M-SSA,2,705028,46,711.0
P-n76-k4,M-SSA,2,705028,47,711.0
P-n76-k4,M-SSA,2,705028,48,711.0
P-n76-k4,M-SSA,2,705028,49,711.0
P-n76-k4,M-SSA,2,705028,50,711.0
P-n76-k4,M-SSA,2,705028,51,711.0
P-n76-k4,M-SSA,2,705028,52,711.0
P-n76-k4,M-SSA,2,705028,53,711.0
P-n76-k4,M-SSA,2,705028,54,711.0
P-n76-k4,M-SSA,2,705028,55,711.0
P-n76-k4,M-SSA,2,705028,56,711.0
P-n76-k4,M-SSA,2,705028,57,711.0
P-n76-k4,M-SSA,2,705028,58,711.0
P-n76-k4,M-SSA,2,705028,59,711.0
P-n76-k4,M-SSA,2,705028,60,711.0
P-n76-k4,M-SSA,2,705028,61,711.0
P-n76-k4,M-SSA,2,705028,62,711.0
P-n76-k4,M-SSA,2,705028,63,711.0
P-n76-k4,M-SSA,2,705028,64,711.0
P-n76-k4,M-SSA,2,705028,65,711.0
P-n76-k4,M-SSA,2,705028,66,711.0
P-n76-k4,M-SSA,2,705028,67,711.0
P-n76-k4,M-SSA,2,705028,68,711.0
P-n76-k4,M-SSA,2,705028,69,711.0
P-n76-k4,M-SSA,2,705028,70,711.0
P-n76-k4,M-SSA,2,705028,71,711.0
P-n76-k4,M-SSA,2,705028,72,711.0
P-n76-k4,M-SSA,2,705028,73,711.0
P-n76-k4,M-SSA,2,705028,74,711.0
P-n76-k4,M-SSA,2,705028,75,711.0
P-n76-k4,M-SSA,2,705028,76,711.0
P-n76-k4,M-SSA,2,705028,77,711.0
P-n76-k4,M-SSA,2,705028,78,711.0
P-n76-k4,M-SSA,2,705028,79,711.0
P-n76-k4,M-SSA,2,705028,80,711.0
P-n76-k4,M-SSA,2,705028,81,711.0
P-n76-k4,M-SSA,2,705028,82,711.0
P-n76-k4,M-SSA,2,705028,83,711.0
P-n76-k4,M-SSA,2,705028,84,711.0
P-n76-k4,M-SSA,2,705028,85,711.0
P-n76-k4,M-SSA,2,705028,86,711.0
P-n76-k4,M-SSA,2,705028,87,711.0
P-n76-k4,M-SSA,2,705028,88,711.0
P-n76-k4,M-SSA,2,705028,89,711.0
P-n76-k4,M-SSA,2,705028,90,711.0
P-n76-k4,M-SSA,2,705028,91,711.0
P-n76-k4,M-SSA,2,705028,92,711.0
P-n76-k4,M-SSA,2,705028,93,711.0
P-n76-k4,M-SSA,2,705028,94,711.0
P-n76-k4,M-SSA,2,705028,95,711.0
P-n76-k4,M-SSA,2,705028,96,711.0
P-n76-k4,M-SSA,2,705028,97,711.0
P-n76-k4,M-SSA,2,705028,98,711.0
P-n76-k4,M-SSA,2,705028,99,711.0
P-n76-k4,M-SSA,2,705028,100,711.0
P-n76-k4,M-SSA,2,705028,101,711.0
P-n76-k4,M-SSA,2,705028,102,711.0
P-n76-k4,M-SSA,2,705028,103,711.0
P-n76-k4,M-SSA,2,705028,104,711.0
P-n76-k4,M-SSA,2,705028,105,711.0
P-n76-k4,M-SSA,2,705028,106,711.0
P-n76-k4,M-SSA,2,705028,107,711.0
P-n76-k4,M-SSA,2,705028,108,711.0
P-n76-k4,M-SSA,2,705028,109,711.0
P-n76-k4,M-SSA,2,705028,110,711.0
P-n76-k4,M-SSA,2,705028,111,711.0
P-n76-k4,M-SSA,2,705028,112,711.0
P-n76-k4,M-SSA,2,705028,113,711.0
P-n76-k4,M-SSA,2,705028,114,711.0
P-n76-k4,M-SSA,2,705028,115,711.0
P-n76-k4,M-SSA,2,705028,116,711.0
P-n76-k4,M-SSA,2,705028,117,711.0
P-n76-k4,M-SSA,2,705028,118,711.0
P-n76-k4,M-SSA,2,705028,119,711.0
P-n76-k4,M-SSA,2,705028,120,711.0
P-n76-k4,M-SSA,2,705028,121,711.0
P-n76-k4,M-SSA,2,705028,122,711.0
P-n76-k4,M-SSA,2,705028,123,711.0
P-n76-k4,M-SSA,2,705028,124,711.0
P-n76-k4,M-SSA,2,705028,125,711.0
P-n76-k4,M-SSA,2,705028,126,711.0
P-n76-k4,M-SSA,2,705028,127,711.0
P-n76-k4,M-SSA,2,705028,128,711.0
P-n76-k4,M-SSA,2,705028,129,711.0
P-n76-k4,M-SSA,2,705028,130,711.0
P-n76-k4,M-SSA,2,705028,131,711.0
P-n76-k4,M-SSA,2,705028,132,711.0
P-n76-k4,M-SSA,2,705028,133,711.0
P-n76-k4,M-SSA,2,705028,134,703.0
P-n76-k4,M-SSA,2,705028,135,703.0
P-n76-k4,M-SSA,2,705028,136,694.0
P-n76-k4,M-SSA,2,705028,137,694.0
P-n76-k4,M-SSA,2,705028,138,694.0
P-n76-k4,M-SSA,2,705028,139,694.0
P-n76-k4,M-SSA,2,705028,140,694.0
P-n76-k4,M-SSA,2,705028,141,694.0
P-n76-k4,M-SSA,2,705028,142,694.0
P-n76-k4,M-SSA,2,705028,143,694.0
P-n76-k4,M-SSA,2,705028,144,694.0
P-n76-k4,M-SSA,2,705028,145,694.0
P-n76-k4,M-SSA,2,705028,146,694.0
P-n76-k4,M-SSA,2,705028,147,693.0
P-n76-k4,M-SSA,2,705028,148,693.0
P-n76-k4,M-SSA,2,705028,149,687.0
P-n76-k4,M-SSA,2,705028,150,687.0
P-n76-k4,M-SSA,2,705028,151,687.0
P-n76-k4,M-SSA,2,705028,152,675.0
P-n76-k4,M-SSA,2,705028,153,675.0
P-n76-k4,M-SSA,2,705028,154,675.0
P-n76-k4,M-SSA,2,705028,155,675.0
P-n76-k4,M-SSA,2,705028,156,662.0
P-n76-k4,M-SSA,2,705028,157,662.0
P-n76-k4,M-SSA,2,705028,158,662.0
P-n76-k4,M-SSA,2,705028,159,662.0
P-n76-k4,M-SSA,2,705028,160,662.0
P-n76-k4,M-SSA,2,705028,161,662.0
P-n76-k4,M-SSA,2,705028,162,662.0
P-n76-k4,M-SSA,2,705028,163,662.0
P-n76-k4,M-SSA,2,705028,164,662.0
P-n76-k4,M-SSA,2,705028,165,662.0
P-n76-k4,M-SSA,2,705028,166,662.0
P-n76-k4,M-SSA,2,705028,167,662.0
P-n76-k4,M-SSA,2,705028,168,662.0
P-n76-k4,M-SSA,2,705028,169,662.0
P-n76-k4,M-SSA,2,705028,170,662.0
P-n76-k4,M-SSA,2,705028,171,662.0
P-n76-k4,M-SSA,2,705028,172,662.0
P-n76-k4,M-SSA,2,705028,173,662.0
P-n76-k4,M-SSA,2,705028,174,662.0
P-n76-k4,M-SSA,2,705028,175,662.0
P-n76-k4,M-SSA,2,705028,176,662.0
P-n76-k4,M-SSA,2,705028,177,662.0
P-n76-k4,M-SSA,2,705028,178,662.0
P-n76-k4,M-SSA,2,705028,179,662.0
P-n76-k4,M-SSA,2,705028,180,662.0
P-n76-k4,M-SSA,2,705028,181,662.0
P-n76-k4,M-SSA,2,705028,182,662.0
P-n76-k4,M-SSA,2,705028,183,662.0
P-n76-k4,M-SSA,2,705028,184,662.0
P-n76-k4,M-SSA,2,705028,185,662.0
P-n76-k4,M-SSA,2,705028,186,662.0
P-n76-k4,M-SSA,2,705028,187,662.0
P-n76-k4,M-SSA,2,705028,188,662.0
P-n76-k4,M-SSA,2,705028,189,662.0
P-n76-k4,M-SSA,2,705028,190,662.0
P-n76-k4,M-SSA,2,705028,191,662.0
P-n76-k4,M-SSA,2,705028,192,662.0
P-n76-k4,M-SSA,2,705028,193,662.0
P-n76-k4,M-SSA,2,705028,194,662.0
P-n76-k4,M-SSA,2,705028,195,662.0
P-n76-k4,M-SSA,2,705028,196,662.0
P-n76-k4,M-SSA,2,705028,197,662.0
P-n76-k4,M-SSA,2,705028,198,662.0
P-n76-k4,M-SSA,2,705028,199,662.0
P-n76-k4,M-SSA,2,705028,200,662.0
P-n76-k4,M-SSA,3,705029,1,957.0
P-n76-k4,M-SSA,3,705029,2,955.0
P-n76-k4,M-SSA,3,705029,3,942.0
P-n76-k4,M-SSA,3,705029,4,924.0
P-n76-k4,M-SSA,3,705029,5,924.0
P-n76-k4,M-SSA,3,705029,6,915.0
P-n76-k4,M-SSA,3,705029,7,915.0
P-n76-k4,M-SSA,3,705029,8,915.0
P-n76-k4,M-SSA,3,705029,9,870.0
P-n76-k4,M-SSA,3,705029,10,870.0
P-n76-k4,M-SSA,3,705029,11,870.0
P-n76-k4,M-SSA,3,705029,12,870.0
P-n76-k4,M-SSA,3,705029,13,870.0
P-n76-k4,M-SSA,3,705029,14,870.0
P-n76-k4,M-SSA,3,705029,15,863.0
P-n76-k4,M-SSA,3,705029,16,862.0
P-n76-k4,M-SSA,3,705029,17,859.0
P-n76-k4,M-SSA,3,705029,18,808.0
P-n76-k4,M-SSA,3,705029,19,808.0
P-n76-k4,M-SSA,3,705029,20,791.0
P-n76-k4,M-SSA,3,705029,21,791.0
P-n76-k4,M-SSA,3,705029,22,773.0
P-n76-k4,M-SSA,3,705029,23,773.0
P-n76-k4,M-SSA,3,705029,24,773.0
P-n76-k4,M-SSA,3,705029,25,773.0
P-n76-k4,M-SSA,3,705029,26,750.0
P-n76-k4,M-SSA,3,705029,27,750.0
P-n76-k4,M-SSA,3,705029,28,740.0
P-n76-k4,M-SSA,3,705029,29,740.0
P-n76-k4,M-SSA,3,705029,30,699.0
P-n76-k4,M-SSA,3,705029,31,699.0
P-n76-k4,M-SSA,3,705029,32,699.0
P-n76-k4,M-SSA,3,705029,33,699.0
P-n76-k4,M-SSA,3,705029,34,699.0
P-n76-k4,M-SSA,3,705029,35,699.0
P-n76-k4,M-SSA,3,705029,36,699.0
P-n76-k4,M-SSA,3,705029,37,699.0
P-n76-k4,M-SSA,3,705029,38,699.0
P-n76-k4,M-SSA,3,705029,39,699.0
P-n76-k4,M-SSA,3,705029,40,699.0
P-n76-k4,M-SSA,3,705029,41,699.0
P-n76-k4,M-SSA,3,705029,42,699.0
P-n76-k4,M-SSA,3,705029,43,699.0
P-n76-k4,M-SSA,3,705029,44,699.0
P-n76-k4,M-SSA,3,705029,45,699.0
P-n76-k4,M-SSA,3,705029,46,699.0
P-n76-k4,M-SSA,3,705029,47,699.0
P-n76-k4,M-SSA,3,705029,48,699.0
P-n76-k4,M-SSA,3,705029,49,699.0
P-n76-k4,M-SSA,3,705029,50,699.0
P-n76-k4,M-SSA,3,705029,51,699.0
P-n76-k4,M-SSA,3,705029,52,699.0
P-n76-k4,M-SSA,3,705029,53,699.0
P-n76-k4,M-SSA,3,705029,54,699.0
P-n76-k4,M-SSA,3,705029,55,699.0
P-n76-k4,M-SSA,3,705029,56,699.0
P-n76-k4,M-SSA,3,705029,57,699.0
P-n76-k4,M-SSA,3,705029,58,699.0
P-n76-k4,M-SSA,3,705029,59,699.0
P-n76-k4,M-SSA,3,705029,60,699.0
P-n76-k4,M-SSA,3,705029,61,699.0
P-n76-k4,M-SSA,3,705029,62,699.0
P-n76-k4,M-SSA,3,705029,63,699.0
P-n76-k4,M-SSA,3,705029,64,699.0
P-n76-k4,M-SSA,3,705029,65,699.0
P-n76-k4,M-SSA,3,705029,66,699.0
P-n76-k4,M-SSA,3,705029,67,699.0
P-n76-k4,M-SSA,3,705029,68,699.0
P-n76-k4,M-SSA,3,705029,69,699.0
P-n76-k4,M-SSA,3,705029,70,699.0
P-n76-k4,M-SSA,3,705029,71,699.0
P-n76-k4,M-SSA,3,705029,72,699.0
P-n76-k4,M-SSA,3,705029,73,699.0
P-n76-k4,M-SSA,3,705029,74,699.0
P-n76-k4,M-SSA,3,705029,75,699.0
P-n76-k4,M-SSA,3,705029,76,699.0
P-n76-k4,M-SSA,3,705029,77,699.0
P-n76-k4,M-SSA,3,705029,78,699.0
P-n76-k4,M-SSA,3,705029,79,699.0
P-n76-k4,M-SSA,3,705029,80,699.0
P-n76-k4,M-SSA,3,705029,81,699.0
P-n76-k4,M-SSA,3,705029,82,699.0
P-n76-k4,M-SSA,3,705029,83,699.0
P-n76-k4,M-SSA,3,705029,84,699.0
P-n76-k4,M-SSA,3,705029,85,699.0
P-n76-k4,M-SSA,3,705029,86,699.0
P-n76-k4,M-SSA,3,705029,87,699.0
P-n76-k4,M-SSA,3,705029,88,699.0
P-n76-k4,M-SSA,3,705029,89,699.0
P-n76-k4,M-SSA,3,705029,90,699.0
P-n76-k4,M-SSA,3,705029,91,699.0
P-n76-k4,M-SSA,3,705029,92,699.0
P-n76-k4,M-SSA,3,705029,93,699.0
P-n76-k4,M-SSA,3,705029,94,699.0
P-n76-k4,M-SSA,3,705029,95,699.0
P-n76-k4,M-SSA,3,705029,96,699.0
P-n76-k4,M-SSA,3,705029,97,699.0
P-n76-k4,M-SSA,3,705029,98,699.0
P-n76-k4,M-SSA,3,705029,99,699.0
P-n76-k4,M-SSA,3,705029,100,699.0
P-n76-k4,M-SSA,3,705029,101,699.0
P-n76-k4,M-SSA,3,705029,102,699.0
P-n76-k4,M-SSA,3,705029,103,699.0
P-n76-k4,M-SSA,3,705029,104,699.0
P-n76-k4,M-SSA,3,705029,105,699.0
P-n76-k4,M-SSA,3,705029,106,699.0
P-n76-k4,M-SSA,3,705029,107,699.0
P-n76-k4,M-SSA,3,705029,108,699.0
P-n76-k4,M-SSA,3,705029,109,699.0
P-n76-k4,M-SSA,3,705029,110,699.0
P-n76-k4,M-SSA,3,705029,111,699.0
P-n76-k4,M-SSA,3,705029,112,680.0
P-n76-k4,M-SSA,3,705029,113,680.0
P-n76-k4,M-SSA,3,705029,114,680.0
P-n76-k4,M-SSA,3,705029,115,680.0
P-n76-k4,M-SSA,3,705029,116,680.0
P-n76-k4,M-SSA,3,705029,117,680.0
P-n76-k4,M-SSA,3,705029,118,680.0
P-n76-k4,M-SSA,3,705029,119,680.0
P-n76-k4,M-SSA,3,705029,120,680.0
P-n76-k4,M-SSA,3,705029,121,680.0
P-n76-k4,M-SSA,3,705029,122,670.0
P-n76-k4,M-SSA,3,705029,123,670.0
P-n76-k4,M-SSA,3,705029,124,670.0
P-n76-k4,M-SSA,3,705029,125,670.0
P-n76-k4,M-SSA,3,705029,126,670.0
P-n76-k4,M-SSA,3,705029,127,670.0
P-n76-k4,M-SSA,3,705029,128,670.0
P-n76-k4,M-SSA,3,705029,129,670.0
P-n76-k4,M-SSA,3,705029,130,669.0
P-n76-k4,M-SSA,3,705029,131,669.0
P-n76-k4,M-SSA,3,705029,132,666.0
P-n76-k4,M-SSA,3,705029,133,666.0
P-n76-k4,M-SSA,3,705029,134,666.0
P-n76-k4,M-SSA,3,705029,135,665.0
P-n76-k4,M-SSA,3,705029,136,665.0
P-n76-k4,M-SSA,3,705029,137,665.0
P-n76-k4,M-SSA,3,705029,138,658.0
P-n76-k4,M-SSA,3,705029,139,658.0
P-n76-k4,M-SSA,3,705029,140,658.0
P-n76-k4,M-SSA,3,705029,141,658.0
P-n76-k4,M-SSA,3,705029,142,658.0
P-n76-k4,M-SSA,3,705029,143,658.0
P-n76-k4,M-SSA,3,705029,144,658.0
P-n76-k4,M-SSA,3,705029,145,658.0
P-n76-k4,M-SSA,3,705029,146,658.0
P-n76-k4,M-SSA,3,705029,147,658.0
P-n76-k4,M-SSA,3,705029,148,658.0
P-n76-k4,M-SSA,3,705029,149,658.0
P-n76-k4,M-SSA,3,705029,150,658.0
P-n76-k4,M-SSA,3,705029,151,658.0
P-n76-k4,M-SSA,3,705029,152,658.0
P-n76-k4,M-SSA,3,705029,153,658.0
P-n76-k4,M-SSA,3,705029,154,658.0
P-n76-k4,M-SSA,3,705029,155,658.0
P-n76-k4,M-SSA,3,705029,156,658.0
P-n76-k4,M-SSA,3,705029,157,658.0
P-n76-k4,M-SSA,3,705029,158,655.0
P-n76-k4,M-SSA,3,705029,159,653.0
P-n76-k4,M-SSA,3,705029,160,653.0
P-n76-k4,M-SSA,3,705029,161,653.0
P-n76-k4,M-SSA,3,705029,162,653.0
P-n76-k4,M-SSA,3,705029,163,653.0
P-n76-k4,M-SSA,3,705029,164,653.0
P-n76-k4,M-SSA,3,705029,165,653.0
P-n76-k4,M-SSA,3,705029,166,653.0
P-n76-k4,M-SSA,3,705029,167,653.0
P-n76-k4,M-SSA,3,705029,168,653.0
P-n76-k4,M-SSA,3,705029,169,653.0
P-n76-k4,M-SSA,3,705029,170,653.0
P-n76-k4,M-SSA,3,705029,171,653.0
P-n76-k4,M-SSA,3,705029,172,653.0
P-n76-k4,M-SSA,3,705029,173,653.0
P-n76-k4,M-SSA,3,705029,174,652.0
P-n76-k4,M-SSA,3,705029,175,652.0
P-n76-k4,M-SSA,3,705029,176,652.0
P-n76-k4,M-SSA,3,705029,177,652.0
P-n76-k4,M-SSA,3,705029,178,652.0
P-n76-k4,M-SSA,3,705029,179,652.0
P-n76-k4,M-SSA,3,705029,180,652.0
P-n76-k4,M-SSA,3,705029,181,652.0
P-n76-k4,M-SSA,3,705029,182,651.0
P-n76-k4,M-SSA,3,705029,183,651.0
P-n76-k4,M-SSA,3,705029,184,651.0
P-n76-k4,M-SSA,3,705029,185,651.0
P-n76-k4,M-SSA,3,705029,186,651.0
P-n76-k4,M-SSA,3,705029,187,651.0
P-n76-k4,M-SSA,3,705029,188,651.0
P-n76-k4,M-SSA,3,705029,189,651.0
P-n76-k4,M-SSA,3,705029,190,651.0
P-n76-k4,M-SSA,3,705029,191,651.0
P-n76-k4,M-SSA,3,705029,192,651.0
P-n76-k4,M-SSA,3,705029,193,651.0
P-n76-k4,M-SSA,3,705029,194,651.0
P-n76-k4,M-SSA,3,705029,195,651.0
P-n76-k4,M-SSA,3,705029,196,651.0
P-n76-k4,M-SSA,3,705029,197,651.0
P-n76-k4,M-SSA,3,705029,198,651.0
P-n76-k4,M-SSA,3,705029,199,651.0
P-n76-k4,M-SSA,3,705029,200,651.0
